1780045766.219550 -0.004121 -0.000151 -0.007324 0.000200 0.000216 0.000161 1.000000
1780045766.319593 -0.000687 0.003529 -0.009749 0.000658 0.000231 0.000088 1.000000
1780045766.419839 0.005813 0.004829 -0.005678 0.000648 0.000000 0.000348 1.000000
1780045766.519657 0.002528 0.003943 -0.004465 0.000890 -0.000017 0.000453 1.000000
1780045766.619848 0.002524 0.004057 -0.005394 0.000917 0.000469 0.000517 0.999999
1780045766.719936 0.002072 0.003502 -0.007703 0.001085 0.000278 0.000868 0.999999
1780045766.819847 -0.000629 0.002949 -0.010401 0.001206 -0.000001 0.000623 0.999999
1780045766.919971 -0.001424 0.002670 -0.013619 0.001398 0.000201 0.000917 0.999999
1780045767.019844 -0.000792 0.000977 -0.013911 0.000885 -0.000003 0.000801 0.999999
1780045767.120464 0.000843 -0.000294 -0.012064 0.001412 -0.000168 0.000723 0.999999
1780045767.219969 0.000800 -0.001091 -0.012041 0.000840 0.000870 0.000973 0.999999
1780045767.319835 0.005093 -0.000583 -0.009974 0.000786 -0.000885 0.000962 0.999999
1780045767.419932 0.005195 -0.000385 -0.008318 0.001425 -0.000034 0.000550 0.999999
1780045767.519808 0.005901 0.000389 -0.008789 0.001196 0.000690 0.000720 0.999999
1780045767.619911 0.009233 0.000495 -0.008308 0.001234 -0.000160 0.000898 0.999999
1780045767.719893 0.007219 0.000441 -0.009214 0.001210 0.000443 0.000328 0.999999
1780045767.819853 0.008334 0.000203 -0.008189 0.000979 0.000234 0.000787 0.999999
1780045767.919964 0.005968 -0.000337 -0.009037 0.001057 0.000287 0.000913 0.999999
1780045768.019881 0.006369 -0.001416 -0.006030 0.000702 0.000609 0.000129 1.000000
1780045768.119885 0.007322 -0.001745 -0.004231 0.000870 0.000479 0.000528 0.999999
1780045768.219830 0.011158 -0.001916 -0.000061 0.000821 0.000497 0.000795 0.999999
1780045768.320353 0.016163 -0.001418 0.003839 0.000729 0.000719 0.000361 0.999999
1780045768.419988 0.028008 -0.000010 0.013694 0.000782 0.000244 0.000604 0.999999
1780045768.519977 0.037380 -0.001299 0.023339 0.000976 0.000495 0.000657 0.999999
1780045768.619871 0.046785 -0.001987 0.034270 0.001093 0.000085 0.000560 0.999999
1780045768.719938 0.056681 -0.002428 0.044987 0.000862 0.000483 0.000709 0.999999
1780045768.819928 0.068391 -0.001221 0.057326 0.001308 0.000675 0.000651 0.999999
1780045768.919990 0.078644 -0.000660 0.066511 0.001270 0.000376 0.000126 0.999999
1780045769.019917 0.093295 0.000367 0.078133 0.001054 -0.000261 0.000377 0.999999
1780045769.119885 0.104961 0.000082 0.089703 0.000947 -0.000012 0.000121 1.000000
1780045769.220000 0.120129 -0.001477 0.106036 0.000925 0.000077 0.000218 1.000000
1780045769.320283 0.138633 -0.004686 0.126088 0.000615 0.000105 -0.000447 1.000000
1780045769.419849 0.157505 -0.002568 0.144919 0.000335 0.000133 -0.000720 1.000000
1780045769.519998 0.174922 -0.001899 0.162428 0.000868 -0.000232 -0.000546 0.999999
1780045769.619859 0.193444 -0.000701 0.181231 0.000862 -0.000747 -0.000944 0.999999
1780045769.719884 0.212072 -0.000168 0.199737 0.000618 -0.000928 -0.001422 0.999998
1780045769.819867 0.226624 0.001482 0.214707 0.000863 -0.000783 -0.000909 0.999999
1780045769.919899 0.245510 0.000489 0.235274 0.000913 -0.001097 -0.000986 0.999998
1780045770.020053 0.265134 0.000473 0.253697 0.001202 -0.002116 -0.000939 0.999997
1780045770.120019 0.285800 0.000943 0.273509 0.000988 -0.002175 -0.001036 0.999997
1780045770.219955 0.307513 0.000959 0.296556 0.001179 -0.002424 -0.000949 0.999996
1780045770.319868 0.326813 0.001487 0.314696 0.001326 -0.003306 -0.000935 0.999993
1780045770.420055 0.346773 0.002672 0.334796 0.001037 -0.002600 -0.001172 0.999995
1780045770.519979 0.370048 0.001692 0.357457 0.001069 -0.002391 -0.000847 0.999996
1780045770.620016 0.392637 0.003536 0.381492 0.001093 -0.002953 -0.001295 0.999994
1780045770.719879 0.417531 0.003757 0.408651 0.000996 -0.002747 -0.001727 0.999994
1780045770.819960 0.441264 0.000240 0.433016 0.000628 -0.002569 -0.001488 0.999995
1780045770.919913 0.464435 0.001075 0.457385 0.001357 -0.003346 -0.001628 0.999992
1780045771.020051 0.488651 0.002649 0.482017 0.001086 -0.003116 -0.001686 0.999993
1780045771.120089 0.513847 0.002058 0.507586 0.000917 -0.002934 -0.001741 0.999994
1780045771.219894 0.539592 0.004446 0.533518 0.001058 -0.003764 -0.001593 0.999991
1780045771.319986 0.567386 0.004670 0.560763 0.001423 -0.003198 -0.001995 0.999992
1780045771.419878 0.595678 0.002618 0.592614 0.001063 -0.002711 -0.002000 0.999994
1780045771.519953 0.626313 0.001962 0.623174 0.001237 -0.002810 -0.001929 0.999993
1780045771.620434 0.655406 0.001754 0.651437 0.001805 -0.002465 -0.002007 0.999993
1780045771.719982 0.688643 0.002977 0.682483 0.001520 -0.001741 -0.002147 0.999995
1780045771.819887 0.722188 0.004718 0.713511 0.002186 -0.002030 -0.002072 0.999993
1780045771.919956 0.751360 0.004591 0.742789 0.002332 -0.002137 -0.001949 0.999993
1780045772.019877 0.783394 0.004528 0.775541 0.002640 -0.002309 -0.001960 0.999992
1780045772.120060 0.816363 0.003905 0.810977 0.002534 -0.002393 -0.001991 0.999992
1780045772.220075 0.849922 0.005533 0.844917 0.002817 -0.002390 -0.001671 0.999992
1780045772.319908 0.884086 0.004381 0.881871 0.003354 -0.002283 -0.001568 0.999991
1780045772.420060 0.915735 0.001850 0.915066 0.003471 -0.002397 -0.001026 0.999991
1780045772.520564 0.946239 -0.000077 0.951624 0.003592 -0.002607 -0.000825 0.999990
1780045772.620038 0.979186 -0.001865 0.987347 0.003632 -0.002635 -0.000735 0.999990
1780045772.719999 1.009939 -0.001203 1.018810 0.003679 -0.003113 -0.000778 0.999988
1780045772.820086 1.040355 -0.001243 1.051934 0.003763 -0.002393 -0.000539 0.999990
1780045772.919959 1.074170 0.000639 1.084023 0.003590 -0.003114 -0.000489 0.999989
1780045773.020660 1.112817 -0.000839 1.122055 0.003661 -0.002880 -0.000104 0.999989
1780045773.120082 1.152155 0.000943 1.160150 0.003154 -0.003370 -0.000478 0.999989
1780045773.220004 1.189022 0.001332 1.195632 0.004053 -0.002759 0.000014 0.999988
1780045773.319954 1.224823 -0.000603 1.234676 0.003751 -0.003625 -0.000729 0.999986
1780045773.419974 1.263828 -0.004312 1.272024 0.003105 -0.003296 -0.000749 0.999989
1780045773.519935 1.295177 -0.004227 1.303381 0.003801 -0.002895 -0.000479 0.999988
1780045773.620478 1.328820 -0.001158 1.336569 0.003789 -0.002672 -0.000004 0.999989
1780045773.720021 1.363454 0.000078 1.370653 0.003490 -0.001759 -0.000114 0.999992
1780045773.819945 1.396274 0.001070 1.404715 0.004249 -0.001097 0.000287 0.999990
1780045773.920043 1.430918 0.001297 1.441826 0.003908 -0.000508 0.000539 0.999992
1780045774.019921 1.465183 0.000743 1.476916 0.004451 0.000291 0.000581 0.999990
1780045774.119919 1.497964 0.001450 1.511908 0.003982 0.000986 0.000532 0.999991
1780045774.220488 1.532695 0.002046 1.546219 0.003960 0.001211 -0.000015 0.999991
1780045774.319989 1.570358 0.000860 1.581668 0.003931 0.001286 0.000039 0.999991
1780045774.420055 1.608294 -0.001293 1.617970 0.003800 0.000632 0.000290 0.999993
1780045774.519937 1.643697 -0.001387 1.652736 0.003631 0.000917 0.000471 0.999993
1780045774.620062 1.678956 -0.001396 1.689098 0.003506 0.000253 0.000300 0.999994
1780045774.720010 1.715259 0.000346 1.722781 0.003401 -0.000212 -0.000140 0.999994
1780045774.820033 1.747532 0.001584 1.755861 0.003714 -0.000416 0.000021 0.999993
1780045774.920012 1.781406 0.004373 1.788897 0.003669 -0.001489 -0.000201 0.999992
1780045775.019989 1.812080 0.003515 1.820570 0.003524 -0.001762 -0.000554 0.999992
1780045775.119973 1.843512 0.002422 1.855208 0.003951 -0.001836 0.000162 0.999990
1780045775.220498 1.874361 0.003760 1.889050 0.004148 -0.001354 0.000305 0.999990
1780045775.320083 1.907957 0.006533 1.924001 0.004711 -0.000428 0.000548 0.999989
1780045775.420106 1.942549 0.007268 1.959254 0.004616 -0.000831 0.000844 0.999989
1780045775.519406 1.974336 0.003228 1.994777 0.004803 -0.001139 0.000452 0.999988
1780045775.619955 2.006790 0.001623 2.030491 0.004422 -0.000766 0.000950 0.999989
1780045775.719503 2.045061 0.002889 2.064358 0.005295 -0.000564 0.001047 0.999985
1780045775.819686 2.081990 0.003627 2.101615 0.004625 -0.000733 0.000845 0.999989
1780045775.919997 2.117450 0.002825 2.135107 0.004631 -0.000193 0.000722 0.999989
1780045776.020111 2.151467 0.002163 2.169548 0.004295 -0.000704 0.000959 0.999990
1780045776.120039 2.185097 0.002556 2.204041 0.004401 -0.000300 0.001386 0.999989
1780045776.220075 2.220143 0.001949 2.239093 0.003421 -0.000756 0.000765 0.999994
1780045776.320132 2.254614 0.002331 2.274087 0.004087 -0.001080 0.001062 0.999990
1780045776.420457 2.286322 0.004256 2.306707 0.003960 -0.000627 0.000416 0.999992
1780045776.520137 2.318807 0.005658 2.340248 0.003649 -0.000781 0.000399 0.999993
1780045776.619949 2.353291 0.004755 2.374257 0.003916 -0.001697 0.000830 0.999991
1780045776.720119 2.385617 0.006201 2.410977 0.003857 -0.001687 0.000525 0.999991
1780045776.819965 2.418796 0.006609 2.446634 0.004104 -0.001518 0.000901 0.999990
1780045776.920557 2.454951 0.009170 2.482690 0.004055 -0.001060 0.000762 0.999991
1780045777.020153 2.490313 0.008113 2.518224 0.004097 -0.001135 0.000841 0.999991
1780045777.120000 2.523410 0.008098 2.552349 0.004288 -0.001696 0.001152 0.999989
1780045777.219979 2.557128 0.008200 2.586746 0.004441 -0.001138 0.001108 0.999989
1780045777.319970 2.591428 0.008248 2.623179 0.004398 -0.001516 0.000821 0.999989
1780045777.420154 2.628886 0.007665 2.656501 0.004799 -0.001264 0.000950 0.999987
1780045777.520014 2.661203 0.008537 2.689528 0.004538 -0.001475 0.001096 0.999988
1780045777.620064 2.696566 0.008388 2.723703 0.004730 -0.002673 0.001427 0.999984
1780045777.720003 2.728952 0.007390 2.757095 0.004960 -0.003451 0.001306 0.999981
1780045777.820108 2.759309 0.006191 2.788976 0.005031 -0.002445 0.001201 0.999984
1780045777.920114 2.792404 0.007457 2.823555 0.004881 -0.002941 0.000970 0.999983
1780045778.020081 2.827104 0.009358 2.858410 0.005192 -0.003680 0.001315 0.999979
1780045778.120064 2.859295 0.009727 2.892262 0.005078 -0.002957 0.001391 0.999982
1780045778.219997 2.894802 0.008998 2.930100 0.005242 -0.003961 0.001936 0.999977
1780045778.320103 2.930308 0.008171 2.965951 0.005415 -0.002872 0.002258 0.999979
1780045778.420135 2.965872 0.006920 3.003379 0.005479 -0.002729 0.001968 0.999979
1780045778.520097 3.005966 0.005891 3.043813 0.005306 -0.003496 0.002134 0.999978
1780045778.620040 3.038507 0.002170 3.079345 0.005364 -0.001955 0.002390 0.999981
1780045778.720784 3.073702 0.002419 3.112463 0.005852 -0.000148 0.002892 0.999979
1780045778.820153 3.109849 0.002130 3.147674 0.005803 0.001768 0.002699 0.999978
1780045778.920134 3.146417 0.004158 3.182724 0.005428 0.000706 0.002675 0.999981
1780045779.019984 3.182881 0.006098 3.215950 0.005781 0.000444 0.002848 0.999979
1780045779.120177 3.217204 0.006708 3.249625 0.005886 0.000455 0.003434 0.999977
1780045779.220075 3.251099 0.004696 3.283779 0.005159 -0.000275 0.003286 0.999981
1780045779.320071 3.282871 0.006842 3.316149 0.005144 -0.000571 0.003333 0.999981
1780045779.420031 3.312023 0.006255 3.348903 0.004881 -0.001246 0.003033 0.999983
1780045779.520115 3.344325 0.006051 3.385237 0.004886 -0.001961 0.002961 0.999982
1780045779.620169 3.377436 0.009808 3.419673 0.004523 -0.002885 0.002556 0.999982
1780045779.720060 3.408955 0.009297 3.456338 0.005157 -0.003252 0.003257 0.999976
1780045779.820142 3.443278 0.010468 3.492740 0.004728 -0.003181 0.003239 0.999979
1780045779.920130 3.475976 0.010084 3.528005 0.003995 -0.004046 0.002250 0.999981
1780045780.020499 3.508551 0.008898 3.562783 0.003730 -0.004192 0.002413 0.999981
1780045780.120015 3.543492 0.010606 3.597084 0.004415 -0.003436 0.002509 0.999981
1780045780.220124 3.578945 0.011183 3.629871 0.004767 -0.004103 0.003202 0.999975
1780045780.320323 3.615145 0.009789 3.665591 0.004529 -0.003766 0.002381 0.999980
1780045780.420113 3.652693 0.013043 3.700421 0.004896 -0.003864 0.002861 0.999976
1780045780.520192 3.688214 0.011955 3.735347 0.004734 -0.003899 0.002532 0.999978
1780045780.620142 3.724830 0.011918 3.769100 0.004645 -0.004613 0.002597 0.999975
1780045780.720054 3.759303 0.011865 3.803182 0.005134 -0.003103 0.003131 0.999977
1780045780.820195 3.791050 0.011772 3.839061 0.005311 -0.002962 0.002878 0.999977
1780045780.920096 3.822946 0.011256 3.872779 0.005586 -0.003540 0.002801 0.999974
1780045781.020063 3.855257 0.008930 3.907060 0.004675 -0.003676 0.001674 0.999981
1780045781.120150 3.890012 0.007776 3.946798 0.004573 -0.003299 0.001838 0.999982
1780045781.220176 3.922393 0.006673 3.983958 0.004758 -0.002846 0.002472 0.999982
1780045781.320198 3.955289 0.006078 4.022381 0.004886 -0.002324 0.002800 0.999981
1780045781.420380 3.990349 0.007161 4.060305 0.004873 -0.001901 0.003077 0.999982
1780045781.520552 4.027284 0.006975 4.097313 0.005027 -0.001343 0.003238 0.999981
1780045781.620284 4.065160 0.007860 4.135954 0.004881 -0.000953 0.003589 0.999981
1780045781.720214 4.100261 0.008444 4.169400 0.004801 -0.000996 0.003797 0.999981
1780045781.820140 4.134378 0.006686 4.204007 0.004132 -0.000371 0.003331 0.999986
1780045781.920157 4.168081 0.008263 4.236845 0.004445 -0.001844 0.003576 0.999982
1780045782.020194 4.203931 0.012309 4.269187 0.003899 -0.001889 0.003253 0.999985
1780045782.120041 4.232153 0.015101 4.299516 0.003408 -0.002464 0.002822 0.999987
1780045782.220097 4.260010 0.013440 4.332901 0.003702 -0.006415 0.002995 0.999968
1780045782.320049 4.289210 0.013332 4.366711 0.004630 -0.007433 0.003380 0.999956
1780045782.420082 4.322391 0.014714 4.401436 0.004065 -0.006882 0.003061 0.999963
1780045782.520130 4.357771 0.018173 4.434843 0.004010 -0.007431 0.002793 0.999960
1780045782.620168 4.393630 0.019402 4.469400 0.004053 -0.007103 0.002950 0.999962
1780045782.720119 4.425178 0.020934 4.501816 0.003684 -0.006907 0.002506 0.999966
1780045782.820095 4.461428 0.021351 4.541165 0.003634 -0.006370 0.002085 0.999971
1780045782.920050 4.500438 0.021104 4.578403 0.003387 -0.006697 0.001831 0.999970
1780045783.020168 4.537414 0.023159 4.614495 0.003545 -0.003762 0.001875 0.999985
1780045783.120130 4.572661 0.022215 4.649327 0.003784 -0.002266 0.003230 0.999985
1780045783.220171 4.606212 0.022946 4.683084 0.003740 -0.001660 0.003182 0.999987
1780045783.320074 4.637159 0.025545 4.714929 0.003504 -0.002611 0.002558 0.999987
1780045783.420056 4.669360 0.026349 4.748857 0.004134 -0.002463 0.002754 0.999985
1780045783.520186 4.702266 0.028602 4.784069 0.003913 -0.002575 0.002921 0.999985
1780045783.620155 4.734321 0.028318 4.819872 0.003875 -0.002840 0.002885 0.999984
1780045783.720152 4.765803 0.028564 4.854193 0.003582 -0.003767 0.003096 0.999982
1780045783.820248 4.803259 0.027015 4.889779 0.003573 -0.003561 0.002971 0.999983
1780045783.920091 4.839978 0.026326 4.925803 0.003591 -0.004358 0.002536 0.999981
1780045784.020086 4.873423 0.024969 4.960272 0.003686 -0.003219 0.002329 0.999985
1780045784.120110 4.910733 0.025975 4.998316 0.003639 -0.003488 0.002525 0.999984
1780045784.220201 4.947297 0.025966 5.032806 0.004203 -0.001793 0.002959 0.999985
1780045784.320212 4.981158 0.023829 5.068387 0.004247 -0.000748 0.003268 0.999985
1780045784.420161 5.016575 0.026293 5.103313 0.004597 0.000357 0.003751 0.999982
1780045784.520158 5.052908 0.023823 5.138600 0.004948 0.001386 0.003540 0.999981
1780045784.620109 5.087542 0.024083 5.172293 0.004714 0.002656 0.003423 0.999980
1780045784.720274 5.124171 0.021973 5.210102 0.005179 0.003184 0.004307 0.999972
1780045784.820258 5.166608 0.024300 5.248678 0.005041 0.000904 0.004689 0.999976
1780045784.920104 5.199963 0.023951 5.281171 0.005206 0.002099 0.004733 0.999973
1780045785.020118 5.232393 0.023954 5.315665 0.004840 0.002364 0.004651 0.999975
1780045785.120087 5.266557 0.024663 5.350492 0.004978 0.001205 0.004591 0.999976
1780045785.220730 5.295188 0.025908 5.380572 0.004655 0.001023 0.005315 0.999975
1780045785.320238 5.328593 0.025977 5.416623 0.004798 0.001561 0.005772 0.999971
1780045785.420243 5.363094 0.026539 5.454163 0.004137 0.000336 0.005223 0.999978
1780045785.520181 5.395614 0.028124 5.486731 0.004692 -0.000026 0.005092 0.999976
1780045785.620279 5.430933 0.027971 5.524135 0.004133 -0.000427 0.004573 0.999981
1780045785.720186 5.462572 0.027642 5.558112 0.003821 -0.000741 0.004345 0.999983
1780045785.820247 5.495447 0.029512 5.592669 0.004526 -0.000864 0.004926 0.999977
1780045785.920224 5.530299 0.030236 5.627601 0.004332 -0.001665 0.004809 0.999978
1780045786.020552 5.564801 0.030994 5.661978 0.004493 -0.001638 0.005059 0.999976
1780045786.120228 5.600887 0.027924 5.700891 0.004407 -0.000605 0.005242 0.999976
1780045786.220220 5.631503 0.029622 5.734529 0.004292 0.000087 0.004947 0.999979
1780045786.320185 5.664967 0.030762 5.766987 0.005022 -0.000376 0.005529 0.999972
1780045786.420244 5.698452 0.028582 5.800687 0.004516 -0.000252 0.004963 0.999977
1780045786.520242 5.733183 0.029406 5.831820 0.004447 -0.000952 0.005000 0.999977
1780045786.620797 5.769151 0.029896 5.866508 0.004496 -0.001046 0.005133 0.999976
1780045786.720277 5.806019 0.030543 5.901611 0.003549 -0.002723 0.004652 0.999979
1780045786.820244 5.840573 0.029007 5.937554 0.003331 -0.002764 0.004574 0.999980
1780045786.920282 5.875401 0.031097 5.973813 0.003533 -0.003012 0.004763 0.999978
1780045787.020158 5.907620 0.033302 6.009300 0.003611 -0.003509 0.004691 0.999976
1780045787.120256 5.937250 0.035907 6.042272 0.003552 -0.003401 0.004471 0.999978
1780045787.220127 5.968120 0.037514 6.076431 0.003520 -0.003515 0.004253 0.999979
1780045787.320191 6.004080 0.037571 6.114193 0.003586 -0.004241 0.004578 0.999974
1780045787.420226 6.036912 0.037061 6.147656 0.003194 -0.004445 0.003970 0.999977
1780045787.520535 6.070507 0.037134 6.183615 0.003295 -0.004336 0.004373 0.999976
1780045787.620183 6.108833 0.036319 6.219831 0.003158 -0.005190 0.004148 0.999973
1780045787.720597 6.146979 0.037512 6.257085 0.002919 -0.005619 0.004270 0.999971
1780045787.820125 6.180002 0.037141 6.292996 0.003013 -0.004996 0.004082 0.999975
1780045787.920136 6.211286 0.036041 6.324250 0.003233 -0.003972 0.004840 0.999975
1780045788.020251 6.243673 0.037830 6.357776 0.003367 -0.003679 0.004581 0.999977
1780045788.120128 6.275793 0.038163 6.392170 0.002659 -0.003717 0.003958 0.999982
1780045788.220137 6.307275 0.038328 6.427982 0.002719 -0.003205 0.003894 0.999984
1780045788.320250 6.341153 0.039741 6.464042 0.001956 -0.003529 0.003798 0.999985
1780045788.420278 6.376891 0.041557 6.500397 0.002415 -0.003293 0.004079 0.999983
1780045788.520219 6.409557 0.043249 6.533446 0.002246 -0.003999 0.003853 0.999982
1780045788.620166 6.445374 0.045332 6.568288 0.002709 -0.004114 0.003783 0.999981
1780045788.720146 6.481103 0.044030 6.603390 0.002840 -0.005138 0.003649 0.999976
1780045788.820231 6.512760 0.045892 6.637237 0.002434 -0.004157 0.003365 0.999983
1780045788.920367 6.548523 0.044711 6.672913 0.002458 -0.006127 0.003387 0.999972
1780045789.020238 6.582959 0.044015 6.708935 0.002305 -0.005842 0.003914 0.999973
1780045789.120328 6.616670 0.044247 6.746848 0.002436 -0.005259 0.003779 0.999976
1780045789.220324 6.648629 0.046049 6.781479 0.002581 -0.005273 0.003743 0.999976
1780045789.320203 6.682196 0.044675 6.815514 0.002831 -0.005663 0.004300 0.999971
1780045789.420226 6.714468 0.044509 6.848520 0.002899 -0.005471 0.004355 0.999971
1780045789.520358 6.747528 0.043850 6.886539 0.003001 -0.005498 0.004369 0.999971
1780045789.620315 6.781167 0.045033 6.920352 0.002812 -0.005896 0.004473 0.999969
1780045789.720176 6.815139 0.046966 6.956299 0.002881 -0.005596 0.004494 0.999970
1780045789.820256 6.847902 0.048216 6.991422 0.002437 -0.005984 0.004829 0.999967
1780045789.920237 6.880599 0.048228 7.026296 0.002023 -0.006404 0.004736 0.999966
1780045790.020158 6.914049 0.050094 7.059692 0.001562 -0.006364 0.004300 0.999969
1780045790.120348 6.948543 0.050648 7.095710 0.001875 -0.006522 0.004245 0.999968
1780045790.220182 6.980242 0.052369 7.128509 0.001659 -0.006594 0.004197 0.999968
1780045790.320336 7.012993 0.054061 7.162431 0.001499 -0.005558 0.004162 0.999975
1780045790.420290 7.046081 0.055865 7.196712 0.001807 -0.006540 0.004545 0.999967
1780045790.520294 7.083951 0.054282 7.233877 0.001392 -0.007158 0.004265 0.999964
1780045790.620337 7.119608 0.055584 7.267618 0.001240 -0.007003 0.004028 0.999967
1780045790.720185 7.154838 0.057863 7.302817 0.001625 -0.006703 0.004435 0.999966
1780045790.820333 7.188827 0.058380 7.338025 0.001090 -0.005996 0.004107 0.999973
1780045790.920276 7.221263 0.056696 7.372343 0.001410 -0.005330 0.004248 0.999976
1780045791.020238 7.254768 0.056495 7.405325 0.001538 -0.004915 0.004121 0.999978
1780045791.120343 7.288738 0.053388 7.441098 0.000934 -0.003840 0.003767 0.999985
1780045791.220279 7.322386 0.055169 7.476187 0.001170 -0.003175 0.003491 0.999988
1780045791.320311 7.356482 0.057635 7.513934 0.001094 -0.002302 0.003607 0.999990
1780045791.420274 7.392110 0.059729 7.549154 0.001410 -0.002489 0.004290 0.999987
1780045791.520306 7.430420 0.061724 7.588212 0.001232 -0.002503 0.004112 0.999988
1780045791.620271 7.464238 0.062432 7.621166 0.001534 -0.002757 0.003869 0.999988
1780045791.720201 7.495002 0.064368 7.654788 0.001515 -0.001161 0.003655 0.999991
1780045791.820295 7.530853 0.063908 7.690861 0.001535 -0.003119 0.003678 0.999987
1780045791.920224 7.567066 0.065947 7.726725 0.001624 -0.003677 0.003931 0.999984
1780045792.020208 7.600289 0.066415 7.761480 0.001437 -0.004052 0.003864 0.999983
1780045792.120269 7.632367 0.065098 7.794011 0.001380 -0.004170 0.004325 0.999981
1780045792.220204 7.665542 0.063760 7.828890 0.001696 -0.004478 0.004532 0.999978
1780045792.320337 7.701349 0.065725 7.863903 0.001440 -0.004225 0.004983 0.999978
1780045792.420243 7.739097 0.064921 7.901491 0.001481 -0.004033 0.004959 0.999978
1780045792.520364 7.773598 0.067546 7.935782 0.001624 -0.004082 0.005291 0.999976
1780045792.620272 7.806109 0.069929 7.970925 0.001914 -0.003396 0.005168 0.999979
1780045792.720400 7.839610 0.069567 8.003861 0.001136 -0.003448 0.004670 0.999983
1780045792.820354 7.872378 0.072729 8.038639 0.001190 -0.002518 0.004228 0.999987
1780045792.920380 7.904118 0.072874 8.072727 0.000608 -0.002164 0.004834 0.999986
1780045793.020929 7.938777 0.073502 8.107364 0.000633 -0.001764 0.005004 0.999986
1780045793.120211 7.973575 0.073957 8.141192 0.000044 -0.001738 0.004134 0.999990
1780045793.219484 8.007145 0.073515 8.176421 0.000259 -0.001346 0.004141 0.999990
1780045793.319459 8.039512 0.071180 8.210677 -0.000139 -0.001293 0.003706 0.999992
1780045793.419473 8.076175 0.072208 8.246221 -0.000267 -0.001019 0.003187 0.999994
1780045793.520336 8.111725 0.071781 8.281332 0.000429 -0.000638 0.003703 0.999993
1780045793.620418 8.148974 0.075570 8.318538 0.000384 -0.000204 0.003438 0.999994
1780045793.720327 8.185494 0.076390 8.354571 0.000455 -0.000391 0.003707 0.999993
1780045793.820326 8.219308 0.078644 8.391009 0.000130 0.000715 0.003916 0.999992
1780045793.920281 8.251442 0.079315 8.423664 -0.000022 0.000749 0.003637 0.999993
1780045794.020347 8.284086 0.081522 8.456565 0.000255 0.000410 0.004347 0.999990
1780045794.120276 8.318030 0.084949 8.492661 0.000285 0.000981 0.004403 0.999990
1780045794.220291 8.352051 0.084816 8.527156 0.000014 0.000233 0.004237 0.999991
1780045794.320334 8.385010 0.085152 8.561036 -0.000132 0.000056 0.004079 0.999992
1780045794.420680 8.419832 0.085194 8.595637 -0.000792 -0.000514 0.003751 0.999993
1780045794.519557 8.455627 0.085603 8.630934 -0.000557 -0.001437 0.004205 0.999990
1780045794.620423 8.487418 0.086303 8.664791 -0.001105 -0.001628 0.003487 0.999992
1780045794.720437 8.519904 0.088448 8.699703 -0.000704 -0.002924 0.003134 0.999991
1780045794.820237 8.552926 0.091579 8.732770 -0.001088 -0.003517 0.002491 0.999990
1780045794.920326 8.585754 0.091381 8.767637 -0.001658 -0.003082 0.002520 0.999991
1780045795.020348 8.621693 0.092402 8.802862 -0.001588 -0.003185 0.002134 0.999991
1780045795.120532 8.656789 0.094882 8.839232 -0.001332 -0.002957 0.002755 0.999991
1780045795.220921 8.691512 0.095806 8.873080 -0.001178 -0.002628 0.002995 0.999991
1780045795.320250 8.727326 0.097880 8.908164 -0.000686 -0.001657 0.003390 0.999993
1780045795.420402 8.762762 0.096994 8.942028 -0.001279 -0.002013 0.002704 0.999994
1780045795.520285 8.799416 0.094832 8.980055 -0.001062 -0.000562 0.003184 0.999994
1780045795.620256 8.834741 0.094013 9.014599 -0.000710 0.000219 0.003080 0.999995
1780045795.720436 8.865171 0.094849 9.046470 -0.000424 0.000392 0.003260 0.999995
1780045795.820366 8.901009 0.095883 9.080528 -0.000532 0.000453 0.003339 0.999994
1780045795.920280 8.935817 0.094253 9.115464 -0.000988 0.000143 0.003337 0.999994
1780045796.020384 8.969720 0.093803 9.150519 -0.000988 0.000041 0.003513 0.999993
1780045796.120435 9.005988 0.095497 9.190039 -0.001227 -0.000491 0.003523 0.999993
1780045796.220362 9.038830 0.098614 9.224875 -0.001025 -0.000806 0.003344 0.999994
1780045796.320316 9.072132 0.101972 9.260518 -0.000996 -0.000569 0.003172 0.999994
1780045796.420436 9.106735 0.102918 9.297167 -0.000698 -0.000810 0.003546 0.999993
1780045796.520399 9.140956 0.102610 9.329054 -0.000932 -0.001542 0.003214 0.999993
1780045796.620361 9.173919 0.101893 9.362161 -0.000388 -0.001238 0.004188 0.999990
1780045796.720357 9.208763 0.102339 9.395642 -0.000226 -0.002353 0.004608 0.999987
1780045796.820299 9.242575 0.103352 9.430785 0.000239 -0.001631 0.004740 0.999987
1780045796.920292 9.275313 0.103046 9.465592 -0.000377 -0.001805 0.004115 0.999990
1780045797.020806 9.310675 0.103270 9.499368 0.000577 -0.001962 0.005381 0.999983
1780045797.120320 9.344770 0.104767 9.532055 0.000287 -0.002362 0.004988 0.999985
1780045797.220466 9.376086 0.104286 9.563710 0.000767 -0.001423 0.005173 0.999985
1780045797.320341 9.409520 0.105231 9.597986 0.000528 -0.001220 0.005003 0.999987
1780045797.420302 9.444544 0.107269 9.633608 0.000766 -0.001341 0.005005 0.999986
1780045797.520455 9.480532 0.108912 9.670904 0.001013 -0.001650 0.005991 0.999980
1780045797.620411 9.516803 0.108646 9.707466 0.000910 -0.001222 0.006508 0.999978
1780045797.720434 9.553062 0.107657 9.743399 0.000594 -0.001217 0.006070 0.999981
1780045797.820431 9.586336 0.107758 9.779128 0.000580 -0.000894 0.005701 0.999983
1780045797.920371 9.621020 0.109488 9.814536 0.000560 -0.001178 0.005520 0.999984
1780045798.020391 9.654358 0.110295 9.848150 0.000738 -0.000517 0.005765 0.999983
1780045798.120379 9.690707 0.110620 9.883184 0.000530 -0.001227 0.006051 0.999981
1780045798.220399 9.721953 0.111723 9.916653 0.000309 -0.000714 0.006028 0.999982
1780045798.320283 9.756473 0.111368 9.952061 0.000878 -0.000480 0.006847 0.999976
1780045798.420311 9.790755 0.112735 9.986576 0.000845 -0.001172 0.006763 0.999976
1780045798.520470 9.826670 0.111330 10.021880 0.000858 -0.000645 0.006883 0.999976
1780045798.620444 9.858907 0.113982 10.054214 0.000781 -0.001295 0.007039 0.999974
1780045798.720374 9.890598 0.114035 10.085392 0.001288 -0.000857 0.007380 0.999972
1780045798.819477 9.923461 0.115827 10.119884 0.001228 -0.000434 0.006995 0.999975
1780045798.920387 9.957997 0.116074 10.154944 0.000593 -0.001152 0.006278 0.999979
1780045799.020489 9.992451 0.117263 10.190978 0.000269 -0.001099 0.006603 0.999978
1780045799.120421 10.027064 0.118649 10.228070 0.000474 -0.000747 0.007146 0.999974
1780045799.220346 10.061134 0.120028 10.264774 0.000131 0.000047 0.006862 0.999976
1780045799.320433 10.096326 0.122302 10.301025 0.000668 -0.000227 0.006542 0.999978
1780045799.420419 10.133378 0.122383 10.337120 0.000504 0.001096 0.006838 0.999976
1780045799.520387 10.168244 0.123567 10.369029 0.000600 0.000375 0.006543 0.999978
1780045799.619518 10.202509 0.122821 10.402586 0.000137 0.000398 0.005978 0.999982
1780045799.720790 10.237250 0.124332 10.438056 0.000792 0.001064 0.006602 0.999977
1780045799.820356 10.269550 0.127932 10.472936 0.000814 0.001256 0.007062 0.999974
1780045799.920508 10.303932 0.128069 10.505596 0.001235 0.000452 0.007192 0.999973
1780045800.020321 10.336999 0.128524 10.539183 0.000809 0.001070 0.007102 0.999974
1780045800.120338 10.368649 0.130417 10.571477 0.001390 0.000344 0.007633 0.999970
1780045800.220485 10.402505 0.128210 10.605930 0.001404 -0.000189 0.007212 0.999973
1780045800.320845 10.436462 0.128949 10.642387 0.001968 0.001255 0.007923 0.999966
1780045800.420344 10.470460 0.128879 10.676744 0.001407 -0.000048 0.007561 0.999970
1780045800.520446 10.506069 0.127686 10.714309 0.001074 -0.000097 0.007482 0.999971
1780045800.620439 10.541034 0.128349 10.749747 0.000932 -0.000131 0.008145 0.999966
1780045800.720344 10.575196 0.129917 10.782920 0.000545 -0.000031 0.008039 0.999968
1780045800.820437 10.609125 0.132623 10.817632 0.000229 -0.001840 0.007150 0.999973
1780045800.920402 10.639722 0.133458 10.850258 0.000109 -0.000128 0.007151 0.999974
1780045801.020498 10.673864 0.134638 10.885275 0.000264 -0.001950 0.007263 0.999972
1780045801.120344 10.709229 0.139254 10.918422 0.000434 -0.002710 0.007220 0.999970
1780045801.220995 10.743990 0.138507 10.952967 0.000309 -0.003654 0.007626 0.999964
1780045801.320408 10.776801 0.138378 10.985193 -0.000177 -0.004209 0.007228 0.999965
1780045801.420469 10.810201 0.138707 11.019746 0.000129 -0.004005 0.007383 0.999965
1780045801.520394 10.842473 0.140959 11.054697 -0.000014 -0.003452 0.007393 0.999967
1780045801.620520 10.876770 0.143168 11.091094 0.000655 -0.002932 0.008011 0.999963
1780045801.720371 10.910555 0.146407 11.126466 0.000429 -0.004093 0.007582 0.999963
1780045801.820342 10.944448 0.146301 11.159455 0.000406 -0.003565 0.007269 0.999967
1780045801.920496 10.978215 0.145750 11.193313 0.000425 -0.003980 0.007122 0.999967
1780045802.020379 11.012896 0.149597 11.229629 0.000557 -0.003966 0.007147 0.999966
1780045802.120497 11.044720 0.149273 11.266138 0.000349 -0.004249 0.007414 0.999963
1780045802.220454 11.078754 0.147384 11.304293 0.000475 -0.004122 0.007735 0.999961
1780045802.320443 11.110295 0.148402 11.337458 0.000151 -0.004630 0.006903 0.999965
1780045802.419789 11.141858 0.148699 11.368710 0.000432 -0.005709 0.006794 0.999961
1780045802.519576 11.175466 0.146612 11.402906 0.000459 -0.005541 0.006598 0.999963
1780045802.620436 11.211569 0.149104 11.439386 0.000663 -0.006391 0.006852 0.999956
1780045802.720507 11.242792 0.152190 11.473787 0.000957 -0.006377 0.007175 0.999953
1780045802.820517 11.275275 0.153403 11.509234 0.000824 -0.005594 0.007008 0.999959
1780045802.920368 11.312950 0.153162 11.547054 0.001073 -0.005427 0.007712 0.999955
1780045803.020398 11.349974 0.153000 11.579605 0.001547 -0.004890 0.008196 0.999953
1780045803.120491 11.385105 0.154590 11.613051 0.001019 -0.004286 0.007798 0.999960
1780045803.220536 11.420197 0.155206 11.646330 0.001308 -0.003172 0.008675 0.999956
1780045803.320561 11.454916 0.156273 11.680484 0.001531 -0.002429 0.008691 0.999958
1780045803.420454 11.489148 0.157030 11.715577 0.001258 -0.001353 0.008788 0.999960
1780045803.520402 11.523923 0.157915 11.752047 0.001138 -0.001778 0.008859 0.999959
1780045803.620424 11.556189 0.159596 11.788359 0.000639 -0.000232 0.008886 0.999960
1780045803.720363 11.587567 0.161969 11.822745 0.000983 -0.000760 0.009235 0.999957
1780045803.820609 11.624577 0.163609 11.860113 0.001007 -0.001420 0.009107 0.999957
1780045803.920376 11.658422 0.166296 11.892904 0.000973 -0.002003 0.008643 0.999960
1780045804.020387 11.693615 0.164597 11.927662 0.000731 -0.002898 0.008551 0.999959
1780045804.120429 11.728074 0.165767 11.962337 0.000806 -0.003734 0.008152 0.999959
1780045804.220501 11.760983 0.166851 11.998184 0.000682 -0.003509 0.008174 0.999960
1780045804.320894 11.795276 0.167852 12.033520 0.000665 -0.004223 0.008382 0.999956
1780045804.420516 11.827901 0.170201 12.067156 0.000681 -0.004083 0.008549 0.999955
1780045804.520529 11.860665 0.170538 12.101410 0.000742 -0.003507 0.008429 0.999958
1780045804.620516 11.893515 0.170870 12.136160 0.000404 -0.002208 0.008488 0.999961
1780045804.720504 11.927908 0.171547 12.171486 0.000873 -0.002721 0.008886 0.999956
1780045804.820422 11.961334 0.172434 12.204919 0.001209 -0.003298 0.009101 0.999952
1780045804.920543 11.994293 0.171689 12.238026 0.001313 -0.001921 0.008813 0.999958
1780045805.020416 12.027798 0.172258 12.272194 0.001180 -0.001561 0.008794 0.999959
1780045805.120883 12.064045 0.174847 12.309632 0.001355 -0.002249 0.008751 0.999958
1780045805.220390 12.099339 0.175927 12.345024 0.000890 -0.002378 0.008925 0.999957
1780045805.320889 12.131416 0.176677 12.379376 0.001426 -0.002021 0.009422 0.999953
1780045805.420545 12.164559 0.179321 12.413893 0.001184 -0.002362 0.008938 0.999957
1780045805.520525 12.199201 0.179019 12.447387 0.000915 -0.002321 0.008773 0.999958
1780045805.620474 12.234430 0.179972 12.481596 0.000813 -0.002655 0.008530 0.999960
1780045805.720598 12.267672 0.179769 12.517154 0.000527 -0.002565 0.008634 0.999959
1780045805.820488 12.305227 0.181185 12.554281 0.000913 -0.003023 0.009284 0.999952
1780045805.920406 12.338613 0.183457 12.586992 0.000802 -0.003495 0.009510 0.999948
1780045806.020519 12.372795 0.181950 12.622684 0.001016 -0.002991 0.009817 0.999947
1780045806.120408 12.408373 0.184674 12.659508 0.001013 -0.003706 0.009943 0.999943
1780045806.220476 12.439346 0.188273 12.694536 0.001272 -0.001907 0.010220 0.999945
1780045806.320513 12.473798 0.187942 12.731124 0.001036 -0.002163 0.009866 0.999948
1780045806.420597 12.509032 0.186697 12.764570 0.000860 -0.002558 0.009659 0.999950
1780045806.520426 12.541441 0.190074 12.798050 0.001110 -0.001777 0.009840 0.999949
1780045806.620527 12.573899 0.191720 12.829584 0.000458 -0.002477 0.009138 0.999955
1780045806.720600 12.607558 0.193365 12.862824 0.000506 -0.002497 0.008666 0.999959
1780045806.820442 12.646755 0.192682 12.901334 0.003671 -0.001809 0.005390 0.999977
1780045806.920555 12.679714 0.188919 12.936923 0.007984 -0.002437 0.000041 0.999965
1780045807.020476 12.713209 0.179800 12.973068 0.015457 -0.002889 -0.007291 0.999850
1780045807.120603 12.748243 0.168027 13.009579 0.021328 -0.002764 -0.014364 0.999666
1780045807.220519 12.781436 0.157281 13.043769 0.027889 -0.003738 -0.020222 0.999399
1780045807.321195 12.814531 0.149377 13.078429 0.034461 -0.002802 -0.026704 0.999045
1780045807.420506 12.847310 0.137171 13.112451 0.040551 -0.003636 -0.032874 0.998630
1780045807.520611 12.881810 0.124923 13.148727 0.047342 -0.004067 -0.038979 0.998110
1780045807.620531 12.915839 0.112119 13.181307 0.053445 -0.003775 -0.045230 0.997539
1780045807.720434 12.953072 0.099770 13.216775 0.059660 -0.003479 -0.051741 0.996871
1780045807.820594 12.988161 0.085453 13.249120 0.066730 -0.004586 -0.057564 0.996099
1780045807.920468 13.023150 0.069382 13.285129 0.074319 -0.004581 -0.064998 0.995103
1780045808.020574 13.057110 0.049304 13.319537 0.084524 -0.005486 -0.074450 0.993621
1780045808.120884 13.089826 0.023903 13.354403 0.095048 -0.006908 -0.085839 0.991741
1780045808.220481 13.123626 -0.003317 13.389407 0.104906 -0.007943 -0.095675 0.989837
1780045808.320493 13.156900 -0.028513 13.421689 0.114201 -0.010371 -0.106504 0.987678
1780045808.420520 13.187225 -0.049630 13.450937 0.123223 -0.013226 -0.114626 0.985648
1780045808.520610 13.216951 -0.073247 13.478950 0.130397 -0.015788 -0.123474 0.983617
1780045808.620497 13.243330 -0.094861 13.507537 0.137353 -0.017170 -0.130303 0.981764
1780045808.720472 13.266858 -0.117435 13.529944 0.144246 -0.018728 -0.137320 0.979788
1780045808.820629 13.285297 -0.136238 13.548318 0.149693 -0.020908 -0.143366 0.978060
1780045808.920546 13.300861 -0.150165 13.565239 0.154678 -0.022238 -0.147708 0.976608
1780045809.020620 13.312578 -0.167576 13.577515 0.159581 -0.024913 -0.153213 0.974905
1780045809.120618 13.328940 -0.185559 13.594840 0.165664 -0.026792 -0.158565 0.972982
1780045809.220635 13.345920 -0.203194 13.610740 0.172270 -0.028890 -0.166177 0.970502
1780045809.320625 13.358697 -0.222237 13.624076 0.180068 -0.031107 -0.173065 0.967810
1780045809.420566 13.373816 -0.242575 13.638586 0.187125 -0.034132 -0.179623 0.965171
1780045809.520574 13.389129 -0.265296 13.653720 0.194364 -0.036712 -0.186280 0.962380
1780045809.620547 13.404743 -0.287603 13.669533 0.201057 -0.039702 -0.192732 0.959611
1780045809.720578 13.417658 -0.309432 13.683683 0.206760 -0.041138 -0.198668 0.957125
1780045809.820516 13.433874 -0.330133 13.698875 0.211940 -0.043378 -0.202918 0.955000
1780045809.920599 13.449229 -0.348437 13.713219 0.214971 -0.044455 -0.206295 0.953548
1780045810.020568 13.468490 -0.366887 13.732318 0.215836 -0.044468 -0.207331 0.953127
1780045810.120638 13.489357 -0.387720 13.751707 0.216227 -0.044282 -0.206787 0.953165
1780045810.220498 13.510503 -0.407354 13.771647 0.215898 -0.044997 -0.207035 0.953153
1780045810.320506 13.529589 -0.427143 13.791786 0.216085 -0.044279 -0.206853 0.953183
1780045810.420540 13.548283 -0.447576 13.811061 0.215746 -0.044963 -0.207350 0.953120
1780045810.520641 13.568324 -0.468667 13.831688 0.215954 -0.045040 -0.207859 0.952958
1780045810.619769 13.591129 -0.488718 13.853594 0.215985 -0.045200 -0.208078 0.952896
1780045810.720501 13.616629 -0.509478 13.877072 0.215610 -0.045429 -0.208547 0.952868
1780045810.820516 13.640497 -0.530575 13.899963 0.215552 -0.045893 -0.207679 0.953048
1780045810.919496 13.662008 -0.552582 13.923074 0.215571 -0.045407 -0.207992 0.952999
1780045811.019770 13.684861 -0.576661 13.948060 0.215043 -0.045782 -0.208257 0.953042
1780045811.119725 13.709956 -0.599468 13.975397 0.214961 -0.045094 -0.208400 0.953062
1780045811.219778 13.732613 -0.623956 13.999532 0.214740 -0.045609 -0.208463 0.953074
1780045811.320657 13.756343 -0.647994 14.024025 0.214411 -0.045787 -0.209009 0.953020
1780045811.420617 13.779480 -0.672328 14.046983 0.214786 -0.045692 -0.208778 0.952991
1780045811.520948 13.801531 -0.695162 14.068172 0.214680 -0.045441 -0.208816 0.953018
1780045811.620678 13.824345 -0.717684 14.092174 0.215221 -0.045442 -0.208499 0.952965
1780045811.720526 13.847899 -0.741345 14.115791 0.214741 -0.045768 -0.208614 0.953033
1780045811.820653 13.871565 -0.764580 14.138596 0.215279 -0.045368 -0.208245 0.953011
1780045811.920583 13.896433 -0.788607 14.160930 0.215081 -0.046059 -0.207850 0.953109
1780045812.020494 13.920333 -0.813109 14.184927 0.215329 -0.045391 -0.208171 0.953015
1780045812.120511 13.948030 -0.837990 14.210673 0.215060 -0.046140 -0.207849 0.953110
1780045812.220664 13.973394 -0.860681 14.237095 0.215395 -0.046390 -0.208007 0.952988
1780045812.320661 13.996876 -0.883604 14.261012 0.215729 -0.046485 -0.208864 0.952720
1780045812.420503 14.021418 -0.906121 14.286489 0.214777 -0.046678 -0.209134 0.952867
1780045812.519587 14.044770 -0.929553 14.308684 0.215503 -0.046754 -0.209148 0.952696
1780045812.620613 14.067445 -0.953383 14.333144 0.216272 -0.048000 -0.210509 0.952160
1780045812.720658 14.087719 -0.981572 14.353793 0.220414 -0.049703 -0.214187 0.950300
1780045812.820689 14.109150 -1.010292 14.375237 0.225309 -0.052173 -0.219383 0.947832
1780045812.920656 14.128801 -1.040323 14.394628 0.232177 -0.054964 -0.226902 0.944239
1780045813.020677 14.144732 -1.074761 14.410600 0.241079 -0.059458 -0.234861 0.939780
1780045813.120603 14.165933 -1.105803 14.430845 0.246869 -0.061738 -0.241322 0.936487
1780045813.220653 14.185137 -1.137943 14.449186 0.253184 -0.064936 -0.247221 0.933040
1780045813.320642 14.202240 -1.169755 14.466399 0.259477 -0.068370 -0.252853 0.929549
1780045813.419401 14.222127 -1.203952 14.488305 0.266120 -0.071448 -0.258846 0.925783
1780045813.520617 14.238663 -1.239681 14.503732 0.271834 -0.075414 -0.265079 0.922037
1780045813.620679 14.251881 -1.274331 14.515188 0.278498 -0.078433 -0.270777 0.918132
1780045813.720689 14.267579 -1.310377 14.531134 0.285274 -0.082860 -0.277290 0.913709
1780045813.820597 14.279584 -1.346925 14.543101 0.292821 -0.087139 -0.283816 0.908907
1780045813.920608 14.295238 -1.385916 14.556037 0.299764 -0.092173 -0.291059 0.903842
1780045814.020657 14.311621 -1.422548 14.570523 0.308103 -0.097381 -0.298550 0.898030
1780045814.120639 14.323522 -1.456095 14.579980 0.315771 -0.103365 -0.306220 0.892095
1780045814.220537 14.338595 -1.496178 14.594277 0.323899 -0.108716 -0.314327 0.885702
1780045814.320657 14.351066 -1.536058 14.606342 0.331088 -0.115364 -0.321654 0.879551
1780045814.420552 14.359210 -1.575744 14.614533 0.338908 -0.121336 -0.329337 0.872901
1780045814.520653 14.368501 -1.613526 14.624602 0.344878 -0.127020 -0.335822 0.867265
1780045814.620528 14.378554 -1.651418 14.632123 0.349910 -0.131528 -0.340464 0.862756
1780045814.720636 14.386308 -1.691322 14.637810 0.355099 -0.135144 -0.345064 0.858238
1780045814.820556 14.397384 -1.727867 14.647644 0.358072 -0.137191 -0.349070 0.855052
1780045814.920724 14.412537 -1.765269 14.663072 0.360369 -0.140089 -0.350881 0.852873
1780045815.020643 14.422740 -1.801975 14.671066 0.362676 -0.141962 -0.353773 0.850387
1780045815.119450 14.431791 -1.841227 14.680690 0.365000 -0.144986 -0.355778 0.848042
1780045815.220584 14.441320 -1.877748 14.691569 0.366039 -0.145559 -0.357103 0.846939
1780045815.320695 14.455221 -1.914354 14.704993 0.366123 -0.146478 -0.358008 0.846362
1780045815.420571 14.465749 -1.949625 14.716793 0.366682 -0.145711 -0.357644 0.846406
1780045815.520641 14.478454 -1.982955 14.727251 0.365935 -0.146456 -0.357713 0.846571
1780045815.620550 14.491504 -2.017604 14.739868 0.366711 -0.145767 -0.357634 0.846388
1780045815.720717 14.504157 -2.053407 14.752987 0.366342 -0.146730 -0.357271 0.846535
1780045815.820626 14.519824 -2.090649 14.767210 0.366157 -0.147069 -0.357799 0.846333
1780045815.920672 14.534050 -2.126632 14.782289 0.366345 -0.146565 -0.357841 0.846321
1780045816.019423 14.549071 -2.166496 14.797834 0.365796 -0.146494 -0.357908 0.846543
1780045816.120635 14.561474 -2.204144 14.808338 0.366076 -0.146970 -0.357854 0.846362
1780045816.220648 14.577254 -2.239369 14.822870 0.366016 -0.146346 -0.358403 0.846264
1780045816.320607 14.593523 -2.277958 14.838168 0.366420 -0.145993 -0.358078 0.846288
1780045816.420754 14.605463 -2.315127 14.847641 0.366520 -0.145818 -0.358301 0.846180
1780045816.520763 14.616205 -2.351370 14.855106 0.366774 -0.144633 -0.359294 0.845852
1780045816.620571 14.627567 -2.387885 14.863248 0.367384 -0.143615 -0.359789 0.845551
1780045816.720601 14.638699 -2.426410 14.873862 0.367857 -0.143685 -0.359031 0.845655
1780045816.819817 14.655035 -2.465248 14.887631 0.368247 -0.142357 -0.359296 0.845597
1780045816.920622 14.669279 -2.502737 14.899491 0.368181 -0.142301 -0.359356 0.845610
1780045817.020726 14.683198 -2.541301 14.912897 0.368935 -0.142542 -0.358593 0.845565
1780045817.120695 14.698286 -2.580277 14.925975 0.368958 -0.141225 -0.359450 0.845412
1780045817.220712 14.713403 -2.618630 14.938563 0.369442 -0.140549 -0.359902 0.845121
1780045817.321204 14.725076 -2.658506 14.948095 0.369454 -0.140861 -0.359425 0.845267
1780045817.420721 14.735500 -2.697021 14.954987 0.370242 -0.139781 -0.359437 0.845096
1780045817.520733 14.750174 -2.734444 14.968316 0.370484 -0.140319 -0.359080 0.845052
1780045817.620704 14.763161 -2.773358 14.980549 0.370022 -0.140208 -0.359309 0.845176
1780045817.720720 14.782248 -2.809031 14.995784 0.368294 -0.138239 -0.357504 0.847019
1780045817.820676 14.797602 -2.843457 15.010741 0.364371 -0.134739 -0.354649 0.850472
1780045817.920667 14.814143 -2.880135 15.028648 0.360908 -0.130753 -0.349907 0.854526
1780045818.020592 14.830225 -2.915122 15.042856 0.357358 -0.127254 -0.345765 0.858224
1780045818.120634 14.846183 -2.948026 15.058034 0.353475 -0.123137 -0.342896 0.861577
1780045818.220682 14.865992 -2.980895 15.074592 0.349452 -0.119757 -0.338521 0.865416
1780045818.320666 14.883095 -3.014419 15.090823 0.345697 -0.116647 -0.334278 0.868991
1780045818.420633 14.906281 -3.045373 15.114695 0.340740 -0.114571 -0.330329 0.872727
1780045818.520745 14.925169 -3.077419 15.132242 0.336500 -0.110218 -0.326343 0.876425
1780045818.620700 14.945095 -3.109840 15.150999 0.331582 -0.107713 -0.322167 0.880148
1780045818.720783 14.961471 -3.142081 15.166145 0.327478 -0.104962 -0.317929 0.883551
1780045818.820717 14.981820 -3.172801 15.184974 0.323198 -0.101621 -0.313792 0.886990
1780045818.920603 15.003079 -3.201350 15.205792 0.318264 -0.098630 -0.310160 0.890383
1780045819.020750 15.023842 -3.231718 15.225501 0.313987 -0.095720 -0.306125 0.893609
1780045819.120718 15.040000 -3.261387 15.242407 0.310053 -0.092991 -0.301159 0.896952
1780045819.219413 15.062042 -3.288829 15.263393 0.306411 -0.090195 -0.296108 0.900165
1780045819.320717 15.085914 -3.316104 15.284652 0.301978 -0.086959 -0.292301 0.903221
1780045819.420605 15.106540 -3.344327 15.305724 0.297724 -0.084871 -0.287513 0.906363
1780045819.519918 15.128451 -3.372422 15.330805 0.292970 -0.081351 -0.283845 0.909386
1780045819.619658 15.152065 -3.399165 15.355687 0.287479 -0.079002 -0.279160 0.912789
1780045819.719541 15.174668 -3.424597 15.376907 0.281461 -0.075487 -0.272548 0.916951
1780045819.819827 15.199262 -3.449449 15.403169 0.274272 -0.071867 -0.267453 0.920912
1780045819.919785 15.223728 -3.474489 15.429614 0.267427 -0.068553 -0.261572 0.924859
1780045820.019405 15.245020 -3.495561 15.450187 0.260488 -0.065158 -0.255065 0.928893
1780045820.120820 15.265241 -3.515705 15.471324 0.253386 -0.062197 -0.248629 0.932797
1780045820.220793 15.289055 -3.534321 15.492102 0.247289 -0.058931 -0.242307 0.936303
1780045820.320729 15.311708 -3.552759 15.515987 0.240961 -0.056709 -0.236847 0.939481
1780045820.420641 15.337484 -3.571452 15.541596 0.234892 -0.054178 -0.231403 0.942520
1780045820.519502 15.364558 -3.591838 15.569089 0.228335 -0.051681 -0.225767 0.945633
1780045820.620652 15.392015 -3.610460 15.596412 0.223064 -0.048822 -0.220245 0.948341
1780045820.720631 15.420136 -3.628897 15.623563 0.217531 -0.046186 -0.214122 0.951157
1780045820.820641 15.443043 -3.647193 15.646940 0.212050 -0.043805 -0.208373 0.953780
1780045820.919439 15.472516 -3.665310 15.673451 0.206255 -0.041915 -0.202726 0.956349
1780045821.020734 15.499502 -3.681745 15.701536 0.201075 -0.038856 -0.197116 0.958751
1780045821.120661 15.523383 -3.697401 15.728458 0.195849 -0.036807 -0.191248 0.961100
1780045821.220776 15.550486 -3.713561 15.756891 0.190969 -0.034289 -0.185099 0.963376
1780045821.320789 15.577157 -3.729343 15.782116 0.184991 -0.033382 -0.179885 0.965560
1780045821.420696 15.604815 -3.744339 15.812410 0.179994 -0.029865 -0.174529 0.967600
1780045821.519428 15.632287 -3.758751 15.842885 0.173616 -0.028375 -0.169395 0.969720
1780045821.620657 15.659314 -3.772592 15.871102 0.167983 -0.025839 -0.163987 0.971711
1780045821.720720 15.688894 -3.784339 15.897936 0.161848 -0.024779 -0.158283 0.973724
1780045821.820695 15.715708 -3.793673 15.924225 0.156090 -0.022447 -0.152094 0.975705
1780045821.920710 15.744269 -3.803109 15.952198 0.150414 -0.020893 -0.146041 0.977554
1780045822.020657 15.770822 -3.812910 15.978324 0.144309 -0.018904 -0.140189 0.979370
1780045822.120922 15.799308 -3.822860 16.005645 0.138154 -0.017533 -0.134594 0.981066
1780045822.220809 15.828377 -3.833164 16.033329 0.132579 -0.016068 -0.128515 0.982674
1780045822.320719 15.855217 -3.840624 16.059087 0.127726 -0.014003 -0.122911 0.984064
1780045822.419525 15.886863 -3.847754 16.090002 0.122416 -0.012787 -0.116578 0.985525
1780045822.520723 15.915497 -3.859750 16.120385 0.115730 -0.011259 -0.111133 0.986980
1780045822.620781 15.946061 -3.868616 16.149698 0.110108 -0.009557 -0.104884 0.988324
1780045822.720830 15.977081 -3.875458 16.179668 0.104062 -0.008654 -0.098355 0.989658
1780045822.820716 16.005573 -3.880274 16.209674 0.097486 -0.006939 -0.091748 0.990975
1780045822.919588 16.036792 -3.882592 16.242288 0.090935 -0.005568 -0.084886 0.992217
1780045823.020784 16.063069 -3.885733 16.269995 0.084093 -0.004257 -0.078276 0.993370
1780045823.120853 16.091116 -3.886119 16.298473 0.077238 -0.003112 -0.071396 0.994448
1780045823.220828 16.120131 -3.886066 16.327572 0.069751 -0.001922 -0.064124 0.995499
1780045823.319461 16.149804 -3.886207 16.359124 0.062000 -0.001099 -0.056482 0.996476
1780045823.420855 16.178065 -3.885487 16.389427 0.054075 -0.001734 -0.049643 0.997301
1780045823.520686 16.209089 -3.882283 16.420525 0.046370 -0.001083 -0.042265 0.998029
1780045823.620722 16.238903 -3.876464 16.451830 0.039452 0.000051 -0.034852 0.998613
1780045823.720812 16.266877 -3.871705 16.478626 0.032206 -0.000163 -0.027801 0.999095
1780045823.819457 16.297288 -3.866040 16.506167 0.024487 -0.000588 -0.020031 0.999499
1780045823.920827 16.325946 -3.863934 16.534266 0.016891 0.000371 -0.012555 0.999778
1780045824.019436 16.356702 -3.857299 16.565027 0.009451 -0.000947 -0.004678 0.999944
1780045824.120862 16.388180 -3.845938 16.596287 0.000992 0.000074 0.003137 0.999995
1780045824.219409 16.419964 -3.838193 16.626444 -0.007285 -0.001314 0.011374 0.999908
1780045824.319503 16.449924 -3.827403 16.656674 -0.015951 -0.000574 0.020306 0.999666
1780045824.420748 16.480699 -3.816515 16.687757 -0.025456 -0.000574 0.029187 0.999250
1780045824.520718 16.506392 -3.802532 16.714588 -0.034067 -0.002231 0.037629 0.998708
1780045824.619513 16.532884 -3.786236 16.744644 -0.042758 -0.001976 0.047003 0.997977
1780045824.720725 16.561724 -3.771807 16.774138 -0.052453 -0.002867 0.055318 0.997086
1780045824.820762 16.588988 -3.755425 16.802130 -0.061047 -0.003869 0.064047 0.996070
1780045824.919396 16.619223 -3.736398 16.833318 -0.070141 -0.005450 0.072540 0.994881
1780045825.020809 16.649583 -3.720845 16.864734 -0.077039 -0.006129 0.079414 0.993841
1780045825.120697 16.678446 -3.706125 16.892262 -0.081146 -0.007058 0.083129 0.993204
1780045825.219456 16.710342 -3.694007 16.921670 -0.081746 -0.006526 0.083857 0.993098
1780045825.320719 16.740923 -3.685281 16.950766 -0.081549 -0.006634 0.083407 0.993151
1780045825.419482 16.769190 -3.674354 16.977599 -0.081092 -0.006958 0.082885 0.993230
1780045825.520768 16.797114 -3.663809 17.007416 -0.080842 -0.006361 0.083056 0.993240
1780045825.620824 16.827939 -3.655284 17.037655 -0.080922 -0.007375 0.082324 0.993287
1780045825.720803 16.854254 -3.646296 17.068111 -0.080545 -0.006760 0.083161 0.993253
1780045825.820825 16.882445 -3.636587 17.098934 -0.080483 -0.006595 0.083124 0.993262
1780045825.920906 16.912059 -3.626671 17.131716 -0.080733 -0.007031 0.083057 0.993244
1780045826.020887 16.939628 -3.615770 17.161715 -0.080539 -0.006653 0.083273 0.993245
1780045826.120829 16.967016 -3.605630 17.189720 -0.080630 -0.007702 0.082912 0.993260
1780045826.220881 16.995204 -3.594805 17.216652 -0.080764 -0.008792 0.082493 0.993275
1780045826.319515 17.024631 -3.585370 17.245249 -0.079663 -0.009944 0.082282 0.993370
1780045826.420886 17.053320 -3.578976 17.275602 -0.077338 -0.009799 0.079925 0.993748
1780045826.520783 17.079127 -3.571420 17.305389 -0.075128 -0.010670 0.077680 0.994086
1780045826.620776 17.105998 -3.562218 17.336410 -0.074473 -0.011453 0.078125 0.994092
1780045826.720817 17.133521 -3.553345 17.365035 -0.074139 -0.012334 0.078030 0.994114
1780045826.820748 17.163206 -3.545944 17.397890 -0.072194 -0.012896 0.075454 0.994449
1780045826.920834 17.188520 -3.543003 17.425470 -0.066229 -0.013031 0.070628 0.995216
1780045827.020786 17.218579 -3.542719 17.454349 -0.058533 -0.012740 0.062877 0.996222
1780045827.119444 17.248798 -3.545835 17.486798 -0.050832 -0.012386 0.055017 0.997114
1780045827.220779 17.273275 -3.542989 17.515149 -0.045257 -0.012557 0.049741 0.997657
1780045827.320750 17.302201 -3.539289 17.546868 -0.041573 -0.012389 0.045877 0.998005
1780045827.419441 17.332490 -3.536036 17.579223 -0.037777 -0.012566 0.042859 0.998288
1780045827.520751 17.360066 -3.537148 17.607181 -0.034739 -0.012847 0.040142 0.998507
1780045827.619469 17.390637 -3.536082 17.638715 -0.031023 -0.011681 0.036996 0.998765
1780045827.719413 17.425228 -3.533718 17.672164 -0.029233 -0.011139 0.035841 0.998868
1780045827.820774 17.456444 -3.530231 17.703423 -0.028713 -0.010316 0.036112 0.998882
1780045827.919430 17.485286 -3.525422 17.734056 -0.028600 -0.010187 0.036074 0.998888
1780045828.020780 17.512035 -3.522788 17.760986 -0.028555 -0.010175 0.036278 0.998882
1780045828.120187 17.540380 -3.518189 17.792493 -0.028332 -0.009035 0.036317 0.998898
1780045828.220835 17.568739 -3.512584 17.822301 -0.028503 -0.008501 0.036186 0.998902
1780045828.319811 17.597491 -3.507028 17.853563 -0.028682 -0.008097 0.036005 0.998907
1780045828.419922 17.624814 -3.502887 17.884616 -0.029103 -0.007427 0.035954 0.998902
1780045828.520757 17.654864 -3.497721 17.916914 -0.028995 -0.007568 0.036017 0.998902
1780045828.619414 17.688800 -3.491926 17.950415 -0.028977 -0.007103 0.035971 0.998907
1780045828.720760 17.718134 -3.488668 17.981098 -0.029209 -0.007924 0.035699 0.998904
1780045828.819417 17.748893 -3.486396 18.011639 -0.027054 -0.007492 0.033470 0.999045
1780045828.920779 17.779499 -3.486572 18.045466 -0.023765 -0.007220 0.029741 0.999249
1780045829.019522 17.811439 -3.486403 18.077726 -0.020672 -0.007447 0.026884 0.999397
1780045829.119413 17.837305 -3.486046 18.102917 -0.018096 -0.006890 0.025105 0.999497
1780045829.219551 17.871616 -3.486756 18.137915 -0.017014 -0.007227 0.023980 0.999542
1780045829.319554 17.906517 -3.485310 18.172089 -0.017038 -0.008455 0.024499 0.999519
1780045829.420924 17.935606 -3.482351 18.202452 -0.017416 -0.007167 0.024581 0.999520
1780045829.519428 17.962635 -3.478138 18.233179 -0.017076 -0.006911 0.024085 0.999540
1780045829.619450 17.990246 -3.470581 18.262770 -0.017237 -0.006676 0.023813 0.999546
1780045829.719457 18.016581 -3.471015 18.292367 -0.015550 -0.005898 0.022804 0.999602
1780045829.819632 18.047225 -3.473024 18.323342 -0.010606 -0.005439 0.018383 0.999760
1780045829.920779 18.080111 -3.472027 18.352997 -0.007187 -0.005149 0.015208 0.999845
1780045830.020205 18.111495 -3.470339 18.384227 -0.007407 -0.004502 0.015458 0.999843
1780045830.119494 18.145569 -3.467750 18.418170 -0.006932 -0.004703 0.014728 0.999856
1780045830.219553 18.175562 -3.469739 18.450530 -0.004761 -0.003323 0.011889 0.999912
1780045830.319552 18.208688 -3.476240 18.483700 -0.000859 -0.002945 0.008491 0.999959
1780045830.420842 18.238935 -3.476005 18.513532 -0.000321 -0.002116 0.007354 0.999971
1780045830.519396 18.273768 -3.476654 18.546472 -0.000404 -0.002153 0.007248 0.999971
1780045830.620951 18.305795 -3.473128 18.577709 -0.000194 -0.002280 0.006814 0.999974
1780045830.719541 18.334294 -3.473640 18.607126 -0.000181 -0.001513 0.007205 0.999973
1780045830.819570 18.363549 -3.471944 18.638046 0.000014 -0.001203 0.006739 0.999977
1780045830.919549 18.391798 -3.470512 18.667051 0.000171 -0.001970 0.007178 0.999972
1780045831.019504 18.419644 -3.471172 18.697595 0.000211 -0.001764 0.007045 0.999974
1780045831.119396 18.451188 -3.471576 18.728174 0.000434 -0.001698 0.007048 0.999974
1780045831.219598 18.482705 -3.468919 18.757210 0.000284 -0.001509 0.007058 0.999974
1780045831.319604 18.515080 -3.469232 18.789395 0.001046 -0.000472 0.006859 0.999976
1780045831.419473 18.548835 -3.471136 18.822873 0.005257 -0.000216 0.002357 0.999983
1780045831.519606 18.583570 -3.477200 18.857335 0.011959 -0.000216 -0.003499 0.999922
1780045831.620804 18.614412 -3.483673 18.888929 0.016060 0.000580 -0.007648 0.999842
1780045831.719550 18.646382 -3.485274 18.921090 0.016305 0.001357 -0.008263 0.999832
1780045831.819962 18.676612 -3.489924 18.951825 0.016751 0.000835 -0.007976 0.999828
1780045831.920800 18.708720 -3.489725 18.985784 0.016303 0.000931 -0.008366 0.999832
1780045832.019588 18.739904 -3.491047 19.015528 0.015876 0.000815 -0.008534 0.999837
1780045832.120841 18.769803 -3.492551 19.044394 0.016279 0.001567 -0.008479 0.999830
1780045832.219472 18.802823 -3.492177 19.076092 0.016040 0.000954 -0.008878 0.999831
1780045832.319482 18.832429 -3.493732 19.106655 0.015502 0.001186 -0.009372 0.999835
1780045832.420885 18.862691 -3.495455 19.134719 0.016056 0.000432 -0.008983 0.999831
1780045832.520847 18.891305 -3.496311 19.165629 0.015676 0.001106 -0.009895 0.999828
1780045832.619569 18.920601 -3.497274 19.198022 0.015485 0.000708 -0.009384 0.999836
1780045832.720870 18.950117 -3.499123 19.228716 0.015327 0.000688 -0.009931 0.999833
1780045832.820984 18.981592 -3.499390 19.260957 0.015797 0.000682 -0.009433 0.999830
1780045832.919606 19.014675 -3.502405 19.293777 0.015693 0.000659 -0.009260 0.999834
1780045833.020828 19.048442 -3.503704 19.326319 0.015822 0.000846 -0.009265 0.999832
1780045833.119426 19.083902 -3.507381 19.360424 0.015992 -0.000093 -0.009004 0.999832
1780045833.219517 19.117739 -3.506111 19.391621 0.016279 0.000183 -0.009063 0.999826
1780045833.320827 19.151657 -3.506569 19.425376 0.016205 0.000741 -0.009263 0.999826
1780045833.420924 19.186807 -3.509151 19.459669 0.015604 0.001053 -0.009755 0.999830
1780045833.519592 19.222340 -3.509781 19.494135 0.015990 0.000275 -0.009652 0.999826
1780045833.620226 19.254949 -3.509853 19.528280 0.015413 0.000496 -0.010157 0.999830
1780045833.720863 19.286533 -3.513068 19.563609 0.015562 0.000723 -0.009873 0.999830
1780045833.819493 19.323189 -3.515060 19.598507 0.015599 -0.000020 -0.010063 0.999828
1780045833.919500 19.359516 -3.516670 19.636244 0.015996 -0.000577 -0.010384 0.999818
1780045834.019488 19.393223 -3.518517 19.669316 0.016063 -0.000501 -0.010766 0.999813
1780045834.119491 19.426507 -3.519688 19.702648 0.016718 -0.000100 -0.010145 0.999809
1780045834.219760 19.454242 -3.522588 19.735107 0.016080 0.000420 -0.010686 0.999814
1780045834.319510 19.485849 -3.521380 19.767930 0.015473 0.000490 -0.010337 0.999827
1780045834.420933 19.514871 -3.520327 19.796661 0.012186 0.000986 -0.007568 0.999897
1780045834.519595 19.542130 -3.516004 19.822867 0.008723 0.001876 -0.002884 0.999956
1780045834.619709 19.564194 -3.512778 19.843283 0.004421 0.001813 0.000765 0.999988
1780045834.719513 19.588924 -3.506904 19.865492 0.001334 0.001579 0.005543 0.999983
1780045834.819498 19.610261 -3.500080 19.887244 -0.003080 0.001918 0.009617 0.999947
1780045834.919562 19.633957 -3.494191 19.911812 -0.006601 0.002209 0.014808 0.999866
1780045835.019661 19.655683 -3.487206 19.932782 -0.012217 0.001388 0.020459 0.999715
1780045835.119618 19.678705 -3.479745 19.955714 -0.018410 0.001794 0.025615 0.999501
1780045835.219646 19.701437 -3.472380 19.978932 -0.023674 0.001688 0.031503 0.999222
1780045835.319495 19.726435 -3.467157 20.001699 -0.025972 0.001487 0.033894 0.999087
1780045835.419541 19.750985 -3.464956 20.023823 -0.026080 0.000794 0.033177 0.999109
1780045835.520961 19.771236 -3.463649 20.047884 -0.026820 0.001327 0.033074 0.999092
1780045835.620892 19.795409 -3.460511 20.072016 -0.026599 0.000047 0.033499 0.999085
1780045835.719511 19.818376 -3.457175 20.095484 -0.027124 0.000464 0.033193 0.999081
1780045835.820860 19.838709 -3.454386 20.122644 -0.027013 0.000559 0.033092 0.999087
1780045835.919498 19.866759 -3.450379 20.150429 -0.027181 -0.000499 0.032785 0.999093
1780045836.020942 19.892892 -3.445525 20.178089 -0.027361 -0.000606 0.032479 0.999098
1780045836.119476 19.919614 -3.440029 20.205102 -0.027544 -0.001138 0.032035 0.999106
1780045836.220960 19.945972 -3.434201 20.231875 -0.027487 -0.001147 0.032041 0.999108
1780045836.320866 19.971456 -3.431615 20.256259 -0.027394 -0.001928 0.032502 0.999094
1780045836.420882 19.994082 -3.428058 20.280897 -0.028144 -0.001241 0.032176 0.999085
1780045836.520930 20.023311 -3.424013 20.310648 -0.028265 -0.001386 0.032433 0.999073
1780045836.621041 20.052922 -3.417798 20.337819 -0.028262 -0.001585 0.032103 0.999084
1780045836.721010 20.082092 -3.410125 20.366917 -0.029052 -0.001131 0.031269 0.999088
1780045836.819986 20.111364 -3.405246 20.394439 -0.028950 -0.001420 0.031866 0.999072
1780045836.919997 20.141235 -3.398050 20.425422 -0.028549 -0.001189 0.031994 0.999080
1780045837.019552 20.166289 -3.392044 20.449206 -0.028674 -0.001054 0.031586 0.999089
1780045837.119671 20.196124 -3.387833 20.478896 -0.028692 -0.001072 0.031191 0.999101
1780045837.219952 20.223403 -3.381948 20.505076 -0.029923 -0.001566 0.032988 0.999006
1780045837.319679 20.246672 -3.376549 20.531796 -0.032161 -0.001932 0.034111 0.998899
1780045837.419807 20.272458 -3.375469 20.561390 -0.034311 -0.002792 0.035537 0.998775
1780045837.519665 20.300113 -3.368173 20.586720 -0.036195 -0.002844 0.037755 0.998627
1780045837.619812 20.327188 -3.360524 20.613994 -0.038841 -0.003339 0.039343 0.998465
1780045837.719767 20.355689 -3.354337 20.642164 -0.040858 -0.003448 0.041684 0.998289
1780045837.819740 20.382274 -3.343573 20.669671 -0.045046 -0.004227 0.045112 0.997957
1780045837.919655 20.405456 -3.332019 20.697597 -0.049293 -0.004851 0.049669 0.997537
1780045838.019994 20.429247 -3.319969 20.722307 -0.054129 -0.006738 0.053969 0.997052
1780045838.119767 20.454859 -3.309095 20.749407 -0.059486 -0.008267 0.059656 0.996411
1780045838.220922 20.480328 -3.297149 20.775301 -0.064912 -0.009387 0.065349 0.995705
1780045838.320941 20.505667 -3.284081 20.802365 -0.070424 -0.010972 0.071759 0.994872
1780045838.419655 20.531343 -3.267142 20.827253 -0.075836 -0.012114 0.077727 0.994012
1780045838.519680 20.560035 -3.251052 20.854243 -0.081896 -0.014167 0.083833 0.993008
1780045838.620960 20.586281 -3.235777 20.880595 -0.087708 -0.016115 0.090075 0.991934
1780045838.720902 20.610317 -3.218177 20.907479 -0.093879 -0.017440 0.096564 0.990736
1780045838.819786 20.634942 -3.201981 20.935141 -0.101211 -0.018559 0.102013 0.989447
1780045838.921031 20.661152 -3.180920 20.961813 -0.108051 -0.020388 0.108775 0.987966
1780045839.019720 20.684048 -3.162068 20.988142 -0.115327 -0.021257 0.115747 0.986332
1780045839.119713 20.706195 -3.139943 21.010599 -0.122427 -0.022736 0.122975 0.984567
1780045839.220282 20.733073 -3.117649 21.035400 -0.129514 -0.024670 0.130345 0.982664
1780045839.319567 20.759351 -3.094542 21.062276 -0.137537 -0.026523 0.137149 0.980597
1780045839.420975 20.782454 -3.070367 21.086699 -0.144137 -0.027723 0.144526 0.978554
1780045839.519525 20.804198 -3.047269 21.109351 -0.151422 -0.029492 0.151962 0.976273
1780045839.619581 20.824979 -3.022993 21.132235 -0.159063 -0.031338 0.158296 0.973991
1780045839.719600 20.851140 -2.997534 21.158229 -0.165829 -0.033207 0.165557 0.971591
1780045839.819727 20.872116 -2.971533 21.178925 -0.172510 -0.036174 0.172517 0.969108
1780045839.919790 20.893766 -2.947272 21.202326 -0.179124 -0.038485 0.179530 0.966541
1780045840.020117 20.913812 -2.919393 21.224288 -0.186145 -0.041075 0.185584 0.963961
1780045840.119555 20.935455 -2.889917 21.243586 -0.191947 -0.044156 0.192879 0.961251
1780045840.219579 20.955667 -2.862245 21.263224 -0.199035 -0.046696 0.199742 0.958284
1780045840.320020 20.975652 -2.832948 21.283514 -0.205592 -0.050096 0.207386 0.955099
1780045840.419674 20.997468 -2.799916 21.304371 -0.212401 -0.053404 0.215007 0.951738
1780045840.520959 21.014419 -2.766166 21.325351 -0.220724 -0.057704 0.222268 0.947918
1780045840.619590 21.030254 -2.732104 21.342258 -0.228701 -0.063223 0.230473 0.943706
1780045840.720985 21.046925 -2.697609 21.360988 -0.237116 -0.067781 0.238811 0.939229
1780045840.819691 21.066188 -2.662595 21.380568 -0.245870 -0.073860 0.246736 0.934459
1780045840.919704 21.079997 -2.626686 21.395822 -0.254352 -0.078941 0.255168 0.929496
1780045841.019679 21.096822 -2.591003 21.411157 -0.262539 -0.084717 0.264093 0.924203
1780045841.119916 21.111063 -2.555522 21.426980 -0.271393 -0.090957 0.272683 0.918541
1780045841.220057 21.124099 -2.516296 21.445969 -0.279982 -0.096724 0.281656 0.912647
1780045841.320939 21.135646 -2.476420 21.461309 -0.288502 -0.102433 0.290084 0.906711
1780045841.419747 21.149880 -2.436844 21.478894 -0.296472 -0.108893 0.299230 0.900393
1780045841.519658 21.164537 -2.396018 21.494340 -0.305359 -0.115220 0.307531 0.893814
1780045841.620953 21.173199 -2.350845 21.502943 -0.313775 -0.121834 0.315381 0.887264
1780045841.720946 21.181082 -2.308857 21.510913 -0.320876 -0.127834 0.322504 0.881299
1780045841.819687 21.190031 -2.268284 21.519488 -0.325582 -0.132686 0.326686 0.877307
1780045841.919759 21.205225 -2.233057 21.535313 -0.327009 -0.134159 0.329268 0.875585
1780045842.020997 21.218261 -2.198062 21.548117 -0.326223 -0.133934 0.328548 0.876183
1780045842.119716 21.236057 -2.161627 21.566329 -0.326328 -0.134002 0.327846 0.876396
1780045842.220080 21.252314 -2.124242 21.582415 -0.325810 -0.133895 0.327853 0.876603
1780045842.319637 21.267539 -2.089149 21.600219 -0.325518 -0.134401 0.327583 0.876735
1780045842.420048 21.284898 -2.055488 21.619513 -0.324981 -0.134619 0.327783 0.876826
1780045842.519597 21.297632 -2.021623 21.635943 -0.325008 -0.134581 0.327548 0.876909
1780045842.619584 21.309854 -1.989323 21.651436 -0.325078 -0.134702 0.327327 0.876947
1780045842.719668 21.321679 -1.952610 21.667952 -0.325341 -0.134531 0.326793 0.877075
1780045842.819592 21.336087 -1.914875 21.682986 -0.324146 -0.133320 0.326384 0.877855
1780045842.919624 21.357296 -1.879346 21.703556 -0.322062 -0.130546 0.323565 0.880079
1780045843.021004 21.372551 -1.845400 21.718449 -0.319526 -0.128353 0.321440 0.882103
1780045843.119592 21.387356 -1.811956 21.734746 -0.318183 -0.126662 0.320501 0.883173
1780045843.220034 21.400765 -1.773201 21.750679 -0.318174 -0.126020 0.320350 0.883323
1780045843.319785 21.419207 -1.737396 21.769360 -0.318776 -0.125461 0.320333 0.883192
1780045843.419674 21.435642 -1.702006 21.786447 -0.319324 -0.124911 0.320468 0.883023
1780045843.519587 21.451078 -1.666242 21.804169 -0.319641 -0.124219 0.320731 0.882910
1780045843.619764 21.467228 -1.632132 21.821485 -0.319508 -0.124663 0.320029 0.883151
1780045843.719640 21.484413 -1.594527 21.839293 -0.318846 -0.124694 0.320010 0.883393
1780045843.819789 21.500879 -1.559205 21.856371 -0.318209 -0.124877 0.320304 0.883490
1780045843.919911 21.517852 -1.525058 21.874605 -0.318531 -0.124769 0.319956 0.883515
1780045844.019673 21.535146 -1.487103 21.893373 -0.318233 -0.125080 0.319712 0.883667
1780045844.119743 21.549378 -1.452673 21.910975 -0.318549 -0.125449 0.319423 0.883605
1780045844.219621 21.564388 -1.416397 21.927010 -0.318639 -0.125549 0.319305 0.883601
1780045844.319619 21.577964 -1.375582 21.942156 -0.318180 -0.125777 0.319115 0.883803
1780045844.419839 21.591138 -1.338171 21.958371 -0.318317 -0.126308 0.318623 0.883855
1780045844.519733 21.606293 -1.301426 21.975481 -0.318409 -0.126109 0.318707 0.883820
1780045844.619678 21.621886 -1.261663 21.992963 -0.319112 -0.125528 0.318493 0.883726
1780045844.719688 21.639321 -1.226155 22.011645 -0.319299 -0.125118 0.318426 0.883741
1780045844.821022 21.655568 -1.190877 22.028319 -0.319312 -0.125565 0.318822 0.883530
1780045844.919675 21.673065 -1.154539 22.045044 -0.319184 -0.125763 0.318809 0.883553
1780045845.021087 21.689358 -1.116340 22.063394 -0.319486 -0.124928 0.319042 0.883478
1780045845.121026 21.704676 -1.079936 22.080815 -0.319960 -0.124258 0.319055 0.883396
1780045845.219713 21.722546 -1.045290 22.097553 -0.319958 -0.124060 0.319548 0.883247
1780045845.321060 21.740250 -1.009521 22.115989 -0.318559 -0.123241 0.318364 0.884294
1780045845.421076 21.758068 -0.976420 22.134937 -0.316410 -0.121865 0.316235 0.886019
1780045845.521187 21.775307 -0.941726 22.152516 -0.313839 -0.120387 0.313745 0.888018
1780045845.621122 21.793984 -0.906909 22.171099 -0.311084 -0.118426 0.310924 0.890241
1780045845.720998 21.813296 -0.871031 22.189807 -0.308225 -0.117037 0.308814 0.892151
1780045845.819673 21.828883 -0.835560 22.207152 -0.306442 -0.115536 0.307282 0.893489
1780045845.919695 21.850040 -0.803000 22.230516 -0.305237 -0.115013 0.305355 0.894629
1780045846.020049 21.868695 -0.767757 22.251831 -0.302714 -0.113523 0.303562 0.896285
1780045846.121029 21.889081 -0.736836 22.274055 -0.300949 -0.112127 0.301848 0.897633
1780045846.219899 21.912388 -0.702869 22.295790 -0.298753 -0.110687 0.299882 0.899203
1780045846.319879 21.932501 -0.669154 22.315827 -0.296798 -0.108833 0.298071 0.900677
1780045846.419881 21.948978 -0.635353 22.335820 -0.294657 -0.106334 0.295769 0.902436
1780045846.519978 21.969042 -0.605683 22.357711 -0.289784 -0.102780 0.291635 0.905765
1780045846.619858 21.990835 -0.575102 22.381488 -0.284865 -0.098788 0.287529 0.909076
1780045846.720108 22.012888 -0.547626 22.407143 -0.277869 -0.093989 0.281061 0.913761
1780045846.819795 22.034786 -0.521250 22.430440 -0.270852 -0.089400 0.274140 0.918420
1780045846.919837 22.059499 -0.496276 22.455220 -0.263400 -0.084341 0.267845 0.922912
1780045847.019804 22.086474 -0.471789 22.484725 -0.256062 -0.079721 0.260345 0.927522
1780045847.121051 22.110564 -0.448700 22.509474 -0.248983 -0.075299 0.253023 0.931835
1780045847.219760 22.135947 -0.424543 22.536178 -0.241131 -0.070987 0.246419 0.935999
1780045847.319858 22.161482 -0.400112 22.562560 -0.233785 -0.066900 0.239351 0.939990
1780045847.421083 22.189635 -0.379930 22.591588 -0.226673 -0.062822 0.232230 0.943791
1780045847.520000 22.216584 -0.359841 22.619650 -0.219864 -0.058832 0.224013 0.947637
1780045847.619958 22.244320 -0.341482 22.649946 -0.212273 -0.055374 0.216685 0.951274
1780045847.719828 22.269427 -0.321174 22.676024 -0.204700 -0.051393 0.209460 0.954769
1780045847.821080 22.299037 -0.304569 22.707671 -0.197668 -0.047789 0.201372 0.958172
1780045847.919807 22.325349 -0.288538 22.734160 -0.190148 -0.044104 0.193923 0.961401
1780045848.019715 22.353433 -0.270118 22.762887 -0.181474 -0.041128 0.185729 0.964821
1780045848.121090 22.381573 -0.258292 22.791079 -0.173023 -0.037584 0.177019 0.968150
1780045848.220164 22.411525 -0.246927 22.822716 -0.164797 -0.033295 0.168008 0.971343
1780045848.319707 22.443415 -0.235123 22.854607 -0.155293 -0.030583 0.159582 0.974414
1780045848.419901 22.469571 -0.224442 22.884519 -0.146036 -0.026995 0.150744 0.977354
1780045848.519724 22.500912 -0.213904 22.913981 -0.136935 -0.024736 0.141767 0.980071
1780045848.619937 22.527882 -0.206972 22.944126 -0.128036 -0.022083 0.132976 0.982566
1780045848.721108 22.556251 -0.200504 22.974462 -0.119390 -0.019527 0.124582 0.984807
1780045848.819846 22.588456 -0.194267 23.007154 -0.110581 -0.017599 0.115670 0.986956
1780045848.919753 22.617879 -0.191603 23.036456 -0.101662 -0.015283 0.107439 0.988882
1780045849.019749 22.652139 -0.191098 23.067940 -0.092862 -0.012633 0.098873 0.990677
1780045849.119821 22.685217 -0.187960 23.100321 -0.083738 -0.010748 0.089966 0.992360
1780045849.219814 22.716502 -0.187866 23.130776 -0.074057 -0.008992 0.081639 0.993866
1780045849.319826 22.748088 -0.188569 23.161108 -0.065715 -0.007709 0.072250 0.995189
1780045849.419719 22.780669 -0.189305 23.191282 -0.056005 -0.005737 0.063766 0.996376
1780045849.519821 22.811286 -0.193009 23.224164 -0.046784 -0.004562 0.055058 0.997376
1780045849.620010 22.842209 -0.197077 23.256401 -0.037787 -0.003272 0.046713 0.998188
1780045849.719886 22.871319 -0.201049 23.287373 -0.031312 -0.001840 0.039651 0.998721
1780045849.819400 22.901327 -0.200518 23.318650 -0.027699 -0.001743 0.036446 0.998950
1780045849.919764 22.932590 -0.197582 23.351854 -0.027667 -0.001439 0.036247 0.998959
1780045850.020079 22.958370 -0.191103 23.381561 -0.027964 -0.001905 0.036766 0.998931
1780045850.119839 22.985681 -0.185491 23.408592 -0.027590 -0.002680 0.037320 0.998919
1780045850.219411 23.014430 -0.180977 23.436410 -0.027916 -0.003019 0.037139 0.998916
1780045850.319773 23.043563 -0.176722 23.464934 -0.028330 -0.004053 0.036971 0.998906
1780045850.421177 23.070774 -0.172608 23.490552 -0.027931 -0.004300 0.036759 0.998925
1780045850.519782 23.099496 -0.170783 23.518152 -0.025776 -0.004196 0.034340 0.999069
1780045850.621116 23.130054 -0.174126 23.551232 -0.020609 -0.003953 0.029638 0.999340
1780045850.719620 23.160138 -0.175542 23.584628 -0.017113 -0.002857 0.026257 0.999505
1780045850.819759 23.191818 -0.173680 23.617491 -0.017157 -0.002494 0.025584 0.999522
1780045850.919629 23.222766 -0.169552 23.647788 -0.016761 -0.002269 0.025743 0.999526
1780045851.019398 23.254692 -0.165051 23.676525 -0.017186 -0.002062 0.025194 0.999533
1780045851.119764 23.286278 -0.162548 23.706140 -0.017424 -0.001703 0.025023 0.999534
1780045851.219805 23.315161 -0.159275 23.735666 -0.017374 -0.001645 0.025024 0.999535
1780045851.319921 23.345703 -0.155362 23.766446 -0.017347 -0.001785 0.024784 0.999541
1780045851.419768 23.374261 -0.151761 23.797217 -0.017546 -0.001850 0.024317 0.999549
1780045851.519885 23.402857 -0.148065 23.828201 -0.018050 -0.000859 0.023917 0.999551
1780045851.619807 23.428523 -0.144052 23.858511 -0.018008 -0.001066 0.023879 0.999552
1780045851.719773 23.456825 -0.140746 23.887642 -0.018372 -0.001563 0.023421 0.999556
1780045851.820170 23.489838 -0.138745 23.920979 -0.018470 -0.001486 0.023683 0.999548
1780045851.919404 23.518509 -0.136634 23.950916 -0.018689 -0.001785 0.023226 0.999554
1780045852.019771 23.548980 -0.133411 23.980524 -0.018777 -0.002046 0.022660 0.999565
1780045852.119731 23.576931 -0.129532 24.009789 -0.018549 -0.001988 0.022469 0.999573
1780045852.221124 23.609502 -0.128964 24.041342 -0.017029 -0.002137 0.020449 0.999644
1780045852.319805 23.639241 -0.134444 24.072069 -0.011927 -0.001935 0.014587 0.999821
1780045852.419896 23.669933 -0.138968 24.102381 -0.005876 -0.002230 0.009009 0.999940
1780045852.519415 23.700669 -0.146315 24.133165 -0.000250 -0.002003 0.002776 0.999994
1780045852.619987 23.730367 -0.152445 24.164002 0.006528 -0.002282 -0.002718 0.999972
1780045852.719772 23.761196 -0.158274 24.192582 0.011958 -0.002024 -0.009545 0.999881
1780045852.819449 23.790010 -0.166562 24.221964 0.018521 -0.001309 -0.014702 0.999720
1780045852.919877 23.820035 -0.175344 24.253814 0.024615 -0.001520 -0.020436 0.999487
1780045853.019752 23.849366 -0.185042 24.283908 0.030742 -0.001763 -0.026877 0.999164
1780045853.119991 23.880328 -0.196434 24.316408 0.037481 -0.001247 -0.032664 0.998763
1780045853.219788 23.910110 -0.206751 24.344076 0.043584 -0.001659 -0.039201 0.998279
1780045853.319443 23.939975 -0.215103 24.372013 0.047548 -0.002121 -0.044021 0.997896
1780045853.419815 23.966317 -0.221583 24.399857 0.049743 -0.002203 -0.046061 0.997697
1780045853.520121 23.994427 -0.228738 24.430523 0.050954 -0.002195 -0.046858 0.997599
1780045853.619801 24.025253 -0.233897 24.461882 0.050891 -0.002411 -0.047321 0.997580
1780045853.719789 24.055585 -0.239050 24.494277 0.050969 -0.002963 -0.047702 0.997556
1780045853.821129 24.087201 -0.245362 24.525710 0.051150 -0.002929 -0.047730 0.997545
1780045853.920053 24.117491 -0.249076 24.554944 0.050871 -0.002956 -0.048102 0.997542
1780045854.019965 24.150766 -0.256242 24.586591 0.050909 -0.003317 -0.048075 0.997540
1780045854.119876 24.184712 -0.261678 24.622067 0.051175 -0.002731 -0.048026 0.997531
1780045854.219797 24.220578 -0.268973 24.656932 0.051153 -0.003265 -0.048113 0.997526
1780045854.319435 24.253089 -0.275918 24.689600 0.051339 -0.003343 -0.048038 0.997520
1780045854.419420 24.287389 -0.283524 24.723690 0.051293 -0.002331 -0.047810 0.997536
1780045854.519864 24.321149 -0.289575 24.758794 0.052002 -0.002576 -0.046962 0.997539
1780045854.621161 24.355455 -0.296491 24.792247 0.051930 -0.002687 -0.047144 0.997534
1780045854.719774 24.388826 -0.301226 24.826357 0.052390 -0.002197 -0.046665 0.997533
1780045854.819459 24.423070 -0.308140 24.861214 0.051975 -0.002648 -0.047276 0.997525
1780045854.920262 24.457235 -0.316309 24.896191 0.052037 -0.002873 -0.047165 0.997527
1780045855.020000 24.490628 -0.322283 24.931396 0.052501 -0.002971 -0.046749 0.997522
1780045855.120183 24.523788 -0.326093 24.965836 0.052428 -0.002967 -0.046889 0.997519
1780045855.220517 24.560438 -0.333098 24.999521 0.052260 -0.003880 -0.047248 0.997508
1780045855.319409 24.592128 -0.340832 25.034098 0.051620 -0.003450 -0.047914 0.997511
1780045855.419820 24.623161 -0.343896 25.070477 0.052600 -0.002753 -0.047322 0.997490
1780045855.519463 24.656667 -0.350938 25.104549 0.052175 -0.003182 -0.047430 0.997506
1780045855.619457 24.693545 -0.357727 25.138151 0.051378 -0.003658 -0.048422 0.997498
1780045855.719403 24.725105 -0.367864 25.172022 0.051478 -0.003422 -0.047876 0.997520
1780045855.819854 24.758109 -0.373353 25.207402 0.051825 -0.003653 -0.047666 0.997511
1780045855.919496 24.794208 -0.378996 25.243198 0.052310 -0.003727 -0.047109 0.997512
1780045856.019430 24.826989 -0.386817 25.277380 0.051809 -0.002952 -0.047567 0.997519
1780045856.119966 24.860833 -0.392160 25.311616 0.052365 -0.003450 -0.047112 0.997510
1780045856.219813 24.894079 -0.397480 25.344345 0.052848 -0.003492 -0.046763 0.997501
1780045856.319441 24.927483 -0.402244 25.379944 0.052987 -0.002758 -0.046740 0.997497
1780045856.419414 24.962963 -0.408951 25.415835 0.052817 -0.003165 -0.047311 0.997478
1780045856.519865 24.996690 -0.417619 25.450895 0.052690 -0.003397 -0.047399 0.997480
1780045856.619409 25.031886 -0.421697 25.484435 0.049872 -0.003134 -0.044936 0.997739
1780045856.719819 25.067379 -0.422995 25.519167 0.046354 -0.002977 -0.041756 0.998048
1780045856.819964 25.101127 -0.428305 25.553543 0.046084 -0.003365 -0.041788 0.998057
1780045856.919419 25.135505 -0.434812 25.586534 0.046000 -0.003398 -0.041973 0.998053
1780045857.019703 25.171733 -0.440663 25.622766 0.045662 -0.002867 -0.041840 0.998076
1780045857.119963 25.204865 -0.445632 25.659706 0.045903 -0.002524 -0.041493 0.998081
1780045857.219472 25.237159 -0.449854 25.693420 0.045886 -0.002351 -0.041406 0.998085
1780045857.319434 25.272988 -0.456566 25.725978 0.045529 -0.002035 -0.041362 0.998104
1780045857.420025 25.308322 -0.457283 25.763765 0.043231 -0.001635 -0.038060 0.998339
1780045857.519447 25.345888 -0.459587 25.797611 0.040761 -0.001450 -0.036472 0.998502
1780045857.619454 25.380804 -0.466598 25.833982 0.040823 0.000011 -0.035790 0.998525
1780045857.719452 25.412537 -0.471303 25.867437 0.040934 -0.000558 -0.035816 0.998520
1780045857.819453 25.446679 -0.478258 25.903994 0.040611 -0.000022 -0.035859 0.998531
1780045857.919420 25.478150 -0.482465 25.936564 0.041000 -0.000072 -0.035599 0.998525
1780045858.019446 25.511275 -0.487097 25.970706 0.040309 -0.000584 -0.036248 0.998529
1780045858.119450 25.546187 -0.489603 26.004828 0.040685 -0.001011 -0.035998 0.998523
1780045858.219884 25.577616 -0.495846 26.037781 0.040670 -0.000941 -0.036055 0.998521
1780045858.319515 25.610191 -0.498957 26.070808 0.039968 -0.001625 -0.036835 0.998520
1780045858.419513 25.644351 -0.504689 26.103894 0.040724 -0.002690 -0.036565 0.998498
1780045858.519821 25.678277 -0.506832 26.136753 0.040831 -0.003258 -0.036832 0.998482
1780045858.619431 25.713788 -0.513177 26.172716 0.040926 -0.003450 -0.036397 0.998493
1780045858.719466 25.747666 -0.518525 26.208902 0.041008 -0.003873 -0.036379 0.998489
1780045858.819489 25.782158 -0.525985 26.245979 0.041122 -0.004100 -0.035887 0.998501
1780045858.919846 25.816522 -0.530290 26.281376 0.041156 -0.004359 -0.035913 0.998498
1780045859.019499 25.852097 -0.534411 26.316492 0.041266 -0.004345 -0.035681 0.998501
1780045859.119993 25.884348 -0.539948 26.348934 0.041571 -0.003520 -0.035352 0.998504
1780045859.219892 25.916400 -0.546110 26.381856 0.041821 -0.003219 -0.034688 0.998518
1780045859.319821 25.948659 -0.549829 26.417037 0.042035 -0.003229 -0.034158 0.998527
1780045859.419450 25.986014 -0.553353 26.455210 0.042302 -0.002308 -0.034261 0.998515
1780045859.519468 26.020249 -0.559414 26.490853 0.042626 -0.002624 -0.033856 0.998514
1780045859.619531 26.052211 -0.565378 26.525089 0.042411 -0.002251 -0.033963 0.998520
1780045859.719581 26.086406 -0.568855 26.557367 0.041811 -0.001776 -0.033518 0.998562
1780045859.819503 26.121454 -0.568883 26.589653 0.039883 -0.002896 -0.031896 0.998691
1780045859.919892 26.154361 -0.568443 26.623322 0.038144 -0.002442 -0.030289 0.998810
1780045860.019439 26.188595 -0.570344 26.659468 0.036715 -0.002255 -0.028259 0.998924
1780045860.119422 26.222014 -0.576242 26.696730 0.035112 -0.001780 -0.026968 0.999018
1780045860.219491 26.256458 -0.580713 26.731632 0.035429 -0.002256 -0.027046 0.999004
1780045860.319409 26.289287 -0.584010 26.765743 0.035673 -0.001799 -0.026488 0.999011
1780045860.419469 26.325815 -0.587934 26.800421 0.035133 -0.002429 -0.026170 0.999037
1780045860.519477 26.362926 -0.592195 26.835140 0.035178 -0.002287 -0.025976 0.999041
1780045860.619398 26.396075 -0.595311 26.870367 0.035248 -0.000965 -0.025753 0.999046
1780045860.719873 26.430567 -0.598902 26.905057 0.034855 -0.001072 -0.025742 0.999060
1780045860.819470 26.466190 -0.605953 26.939592 0.034806 -0.001007 -0.025197 0.999076
1780045860.920162 26.501122 -0.610733 26.975346 0.034802 -0.000386 -0.024998 0.999081
1780045861.019496 26.531828 -0.616403 27.011558 0.034222 0.000059 -0.025497 0.999089
1780045861.119447 26.565829 -0.618621 27.045286 0.034348 -0.000454 -0.025429 0.999086
1780045861.219534 26.603441 -0.625289 27.083507 0.033250 -0.000376 -0.025600 0.999119
1780045861.319398 26.638067 -0.626568 27.118586 0.033807 -0.000595 -0.025276 0.999109
1780045861.419481 26.675090 -0.628535 27.151240 0.033244 -0.001431 -0.026010 0.999108
1780045861.519476 26.709675 -0.632273 27.182641 0.033241 -0.001989 -0.026203 0.999102
1780045861.619458 26.739390 -0.631088 27.215877 0.033536 -0.001017 -0.026639 0.999082
1780045861.720031 26.771428 -0.635492 27.251239 0.033470 -0.001096 -0.026127 0.999098
1780045861.819487 26.806255 -0.639656 27.287101 0.033179 -0.001748 -0.026489 0.999097
1780045861.919506 26.837476 -0.643988 27.320132 0.033110 -0.001762 -0.026434 0.999101
1780045862.019401 26.872735 -0.646865 27.354177 0.033514 -0.001437 -0.026634 0.999082
1780045862.119430 26.908117 -0.650979 27.390135 0.033273 -0.001250 -0.026356 0.999098
1780045862.219413 26.941977 -0.656773 27.423619 0.033527 -0.000930 -0.025997 0.999099
1780045862.319555 26.976633 -0.658943 27.456457 0.033849 -0.000512 -0.025732 0.999096
1780045862.419464 27.011327 -0.660391 27.490698 0.031668 -0.000475 -0.023784 0.999215
1780045862.519508 27.043554 -0.661186 27.524534 0.029509 0.000107 -0.022426 0.999313
1780045862.619557 27.075917 -0.659628 27.557302 0.027785 -0.000729 -0.020339 0.999407
1780045862.720015 27.107355 -0.656587 27.589595 0.024607 -0.000902 -0.017697 0.999540
1780045862.819492 27.138377 -0.656964 27.621432 0.021296 -0.000479 -0.014434 0.999669
1780045862.919452 27.172280 -0.654016 27.656664 0.017366 -0.001570 -0.011613 0.999781
1780045863.019457 27.202497 -0.651691 27.688531 0.014147 -0.001554 -0.007496 0.999871
1780045863.119597 27.233826 -0.646568 27.720069 0.010330 -0.002131 -0.003987 0.999936
1780045863.219599 27.261755 -0.645247 27.750186 0.005171 -0.001925 0.000425 0.999985
1780045863.319482 27.288960 -0.640978 27.779468 -0.001042 -0.002373 0.005574 0.999981
1780045863.419540 27.316064 -0.631535 27.809073 -0.007204 -0.003193 0.012148 0.999895
1780045863.519481 27.346010 -0.621943 27.837885 -0.013671 -0.003545 0.018559 0.999728
1780045863.619446 27.376482 -0.613990 27.867839 -0.020417 -0.004226 0.025006 0.999470
1780045863.720335 27.403784 -0.603164 27.896170 -0.026678 -0.004558 0.032044 0.999120
1780045863.819506 27.432685 -0.593355 27.927066 -0.034430 -0.004766 0.039195 0.998627
1780045863.919470 27.460755 -0.585205 27.955916 -0.041876 -0.006353 0.046459 0.998022
1780045864.019463 27.485721 -0.571493 27.982981 -0.049015 -0.006357 0.053636 0.997337
1780045864.120044 27.512866 -0.554068 28.012860 -0.055956 -0.007435 0.061174 0.996530
1780045864.219571 27.536710 -0.536393 28.038094 -0.063790 -0.008684 0.067743 0.995624
1780045864.319521 27.565156 -0.521182 28.068649 -0.071588 -0.010178 0.075474 0.994523
1780045864.419462 27.594427 -0.503808 28.097243 -0.079112 -0.012688 0.083029 0.993321
1780045864.519601 27.621525 -0.483021 28.126481 -0.087210 -0.014454 0.090293 0.991984
1780045864.619551 27.645516 -0.463988 28.153429 -0.093762 -0.015906 0.097890 0.990643
1780045864.719540 27.670426 -0.445684 28.179563 -0.101287 -0.017930 0.104970 0.989141
1780045864.819637 27.694750 -0.428070 28.206018 -0.108419 -0.019744 0.111818 0.987599
1780045864.919598 27.717801 -0.407572 28.232621 -0.115292 -0.021933 0.118854 0.985952
1780045865.019454 27.743271 -0.383605 28.259056 -0.122109 -0.024400 0.126667 0.984098
1780045865.119446 27.768590 -0.360423 28.283993 -0.129911 -0.027343 0.134049 0.982042
1780045865.219562 27.793520 -0.339535 28.311513 -0.138333 -0.029074 0.141560 0.979785
1780045865.319613 27.818184 -0.315116 28.335174 -0.145317 -0.032051 0.149467 0.977505
1780045865.419480 27.842369 -0.290644 28.361277 -0.153646 -0.034064 0.156740 0.975021
1780045865.519433 27.863319 -0.264411 28.386438 -0.161276 -0.036640 0.164940 0.972339
1780045865.619651 27.883438 -0.238644 28.407553 -0.168714 -0.039614 0.172083 0.969718
1780045865.719528 27.903902 -0.210902 28.429882 -0.176165 -0.042605 0.179443 0.966929
1780045865.819458 27.925512 -0.181445 28.452755 -0.184157 -0.045468 0.187178 0.963838
1780045865.919458 27.948328 -0.151358 28.474891 -0.191834 -0.048992 0.194804 0.960651
1780045866.019525 27.968776 -0.119331 28.495375 -0.199631 -0.053115 0.201900 0.957373
1780045866.119476 27.987947 -0.088506 28.518167 -0.208101 -0.056318 0.209902 0.953658
1780045866.219491 28.006239 -0.055880 28.536100 -0.215378 -0.060189 0.218020 0.949977
1780045866.319640 28.025303 -0.022779 28.559787 -0.224616 -0.063571 0.224332 0.946140
1780045866.419654 28.041192 0.013037 28.575997 -0.232137 -0.067860 0.232415 0.942067
1780045866.519471 28.060618 0.045428 28.593249 -0.239562 -0.072600 0.240678 0.937770
1780045866.619545 28.077788 0.079338 28.610155 -0.247335 -0.077113 0.248167 0.933430
1780045866.719474 28.094195 0.118045 28.624906 -0.255206 -0.081311 0.255992 0.928831
1780045866.819577 28.108683 0.156789 28.643994 -0.263948 -0.085918 0.263036 0.923992
1780045866.919594 28.123424 0.191154 28.663394 -0.271035 -0.090795 0.270044 0.919441
1780045867.019554 28.136244 0.227246 28.678862 -0.278163 -0.095754 0.276297 0.914941
1780045867.119506 28.145915 0.263192 28.694109 -0.285341 -0.100940 0.282781 0.910179
1780045867.220097 28.158319 0.298477 28.708001 -0.292584 -0.106041 0.288662 0.905442
1780045867.319499 28.170937 0.335178 28.719954 -0.298428 -0.111779 0.295074 0.900765
1780045867.419549 28.183040 0.372813 28.733283 -0.305570 -0.116213 0.301733 0.895589
1780045867.519483 28.192303 0.413578 28.747252 -0.311829 -0.121949 0.307396 0.890729
1780045867.619524 28.202427 0.452344 28.757927 -0.317724 -0.127369 0.313610 0.885708
1780045867.719720 28.211442 0.491299 28.767506 -0.323921 -0.133028 0.318824 0.880755
1780045867.819504 28.219780 0.524921 28.778210 -0.329577 -0.136809 0.323825 0.876242
1780045867.919496 28.228667 0.559650 28.787814 -0.335337 -0.141118 0.328119 0.871764
1780045868.019515 28.236024 0.597811 28.792758 -0.339851 -0.145864 0.333042 0.867357
1780045868.119551 28.245667 0.632751 28.802106 -0.344539 -0.150609 0.337697 0.862885
1780045868.219659 28.252267 0.669751 28.811140 -0.349442 -0.154689 0.342525 0.858276
1780045868.319542 28.260881 0.708129 28.820814 -0.353922 -0.159969 0.347198 0.853582
1780045868.419599 28.268980 0.742602 28.828036 -0.359467 -0.164028 0.351972 0.848525
1780045868.519599 28.273859 0.783160 28.835352 -0.363641 -0.168688 0.356636 0.843872
1780045868.619656 28.279762 0.819656 28.842886 -0.368625 -0.173527 0.361236 0.838757
1780045868.719648 28.283740 0.858379 28.848932 -0.373556 -0.178163 0.365388 0.833790
1780045868.819612 28.289121 0.895704 28.857107 -0.377814 -0.183581 0.370376 0.828478
1780045868.919518 28.292130 0.934104 28.863327 -0.382337 -0.187999 0.375176 0.823236
1780045869.019598 28.295975 0.970254 28.869669 -0.386406 -0.194082 0.378441 0.818416
1780045869.119566 28.298402 1.006279 28.871723 -0.390700 -0.198737 0.382126 0.813534
1780045869.219573 28.300905 1.045072 28.877069 -0.394332 -0.204328 0.387066 0.808042
1780045869.319602 28.305395 1.085131 28.882181 -0.398499 -0.210457 0.390545 0.802733
1780045869.419531 28.302768 1.125636 28.884609 -0.402896 -0.215461 0.394582 0.797218
1780045869.519564 28.303299 1.169738 28.883815 -0.406347 -0.221669 0.398454 0.791821
1780045869.619674 28.301835 1.204417 28.884027 -0.411423 -0.227012 0.401642 0.786053
1780045869.719515 28.301291 1.243157 28.883390 -0.413750 -0.232770 0.406265 0.780755
1780045869.819539 28.300858 1.281653 28.883426 -0.418584 -0.237603 0.409129 0.775207
1780045869.919505 28.300702 1.323261 28.884666 -0.420931 -0.243221 0.412673 0.770300
1780045870.019645 28.299202 1.361388 28.884742 -0.424137 -0.247780 0.416218 0.765163
1780045870.119626 28.300148 1.403066 28.884541 -0.426790 -0.253831 0.419066 0.760134
1780045870.219611 28.297584 1.439898 28.882430 -0.431198 -0.257584 0.422222 0.754617
1780045870.319528 28.294863 1.480483 28.880423 -0.433088 -0.263342 0.426094 0.749353
1780045870.419652 28.291737 1.522133 28.878416 -0.436094 -0.268301 0.428974 0.744190
1780045870.520046 28.286699 1.562158 28.876719 -0.438819 -0.274259 0.431317 0.739044
1780045870.619980 28.285369 1.599187 28.875692 -0.440803 -0.280322 0.435412 0.733163
1780045870.719666 28.280418 1.635494 28.870439 -0.443378 -0.286081 0.437801 0.727945
1780045870.819594 28.269758 1.673858 28.862620 -0.446482 -0.291314 0.440392 0.722389
1780045870.919622 28.265677 1.708062 28.860249 -0.448583 -0.299096 0.443470 0.715996
1780045871.019668 28.255896 1.745379 28.852728 -0.451331 -0.306225 0.446841 0.709126
1780045871.119560 28.246791 1.785141 28.847027 -0.454113 -0.313476 0.449348 0.702567
1780045871.219654 28.236283 1.824682 28.836264 -0.456509 -0.321726 0.451473 0.695891
1780045871.319599 28.228926 1.861401 28.829093 -0.459016 -0.328922 0.454426 0.688921
1780045871.419543 28.218382 1.899712 28.818660 -0.461106 -0.335376 0.457140 0.682589
1780045871.519601 28.209833 1.939050 28.812082 -0.462995 -0.341847 0.458846 0.676932
1780045871.619698 28.200440 1.975941 28.803801 -0.465446 -0.348181 0.461168 0.670414
1780045871.719706 28.191529 2.012946 28.796229 -0.467689 -0.354518 0.463333 0.664008
1780045871.819672 28.178569 2.051388 28.786122 -0.470132 -0.360684 0.465883 0.657142
1780045871.919637 28.166533 2.086681 28.774767 -0.473411 -0.367375 0.466681 0.650482
1780045872.019579 28.155770 2.125498 28.760677 -0.474563 -0.373856 0.468656 0.644502
1780045872.119603 28.143894 2.161370 28.750278 -0.477874 -0.379159 0.470091 0.637878
1780045872.219645 28.132992 2.197712 28.738981 -0.479881 -0.384979 0.471091 0.632122
1780045872.319574 28.118689 2.234806 28.725781 -0.481346 -0.390905 0.472887 0.626001
1780045872.419586 28.104686 2.271206 28.712981 -0.483165 -0.396818 0.473721 0.620223
1780045872.519673 28.093023 2.304893 28.700949 -0.484827 -0.402775 0.474834 0.614205
1780045872.619673 28.078420 2.339759 28.684787 -0.486029 -0.409011 0.475660 0.608468
1780045872.720358 28.061772 2.374653 28.669373 -0.486915 -0.415186 0.477592 0.602031
1780045872.820372 28.049928 2.409042 28.659030 -0.488812 -0.421232 0.477883 0.596032
1780045872.919655 28.034250 2.446756 28.645624 -0.488524 -0.426382 0.479327 0.591429
1780045873.019616 28.018127 2.482609 28.630003 -0.491472 -0.430000 0.479502 0.586202
1780045873.119934 28.001990 2.514896 28.614014 -0.490940 -0.434154 0.480579 0.582694
1780045873.219927 27.988691 2.548977 28.603499 -0.491139 -0.434690 0.480375 0.582295
1780045873.319688 27.978038 2.584124 28.595270 -0.491500 -0.434319 0.479997 0.582578
1780045873.419591 27.967274 2.620113 28.584139 -0.490622 -0.433898 0.481188 0.582649
1780045873.519596 27.953691 2.656870 28.568619 -0.491445 -0.433980 0.480462 0.582494
1780045873.619631 27.942115 2.693901 28.557135 -0.491808 -0.433186 0.481489 0.581930
1780045873.719740 27.930493 2.732996 28.545038 -0.490853 -0.433573 0.481820 0.582175
1780045873.819743 27.915295 2.766383 28.533133 -0.493516 -0.434822 0.481625 0.579145
1780045873.919692 27.901018 2.802042 28.518599 -0.492776 -0.439027 0.482972 0.575470
1780045874.019603 27.886554 2.837123 28.502581 -0.493948 -0.442903 0.482725 0.571689
1780045874.119752 27.868868 2.872213 28.485401 -0.494732 -0.446529 0.483227 0.567753
1780045874.219717 27.854183 2.907013 28.469555 -0.495178 -0.451307 0.482860 0.563886
1780045874.319703 27.834200 2.939293 28.451942 -0.496105 -0.454930 0.483314 0.559756
1780045874.419687 27.817113 2.971592 28.436199 -0.495762 -0.459671 0.483607 0.555920
1780045874.519628 27.798817 3.001817 28.417297 -0.496130 -0.464305 0.483477 0.551839
1780045874.619703 27.781912 3.033985 28.400457 -0.496287 -0.468688 0.483908 0.547598
1780045874.720197 27.765330 3.066888 28.383572 -0.495040 -0.473268 0.484892 0.543905
1780045874.819679 27.746661 3.096756 28.366236 -0.495186 -0.477561 0.484713 0.540166
1780045874.919588 27.728377 3.129393 28.348888 -0.495811 -0.481493 0.485074 0.535760
1780045875.019786 27.709549 3.156943 28.333508 -0.495720 -0.485886 0.485626 0.531361
1780045875.119646 27.689644 3.186972 28.315691 -0.494725 -0.491751 0.485886 0.526634
1780045875.219777 27.667555 3.212952 28.296172 -0.493562 -0.496937 0.486850 0.521945
1780045875.319696 27.648206 3.239567 28.274920 -0.492667 -0.502521 0.486742 0.517527
1780045875.419633 27.630223 3.270766 28.256593 -0.492264 -0.508368 0.486680 0.512231
1780045875.519615 27.611095 3.301389 28.238718 -0.491319 -0.514408 0.487057 0.506720
1780045875.619698 27.589391 3.327675 28.218612 -0.490147 -0.520266 0.487433 0.501486
1780045875.719626 27.569582 3.352494 28.199001 -0.488993 -0.526447 0.487133 0.496428
1780045875.819783 27.549134 3.374784 28.182016 -0.489810 -0.532050 0.485836 0.490890
1780045875.919698 27.526706 3.398615 28.162719 -0.488202 -0.538253 0.485833 0.485705
1780045876.019636 27.502031 3.419758 28.141644 -0.487818 -0.544307 0.485140 0.480003
1780045876.119636 27.477536 3.444909 28.114766 -0.485970 -0.551701 0.485127 0.473404
1780045876.219730 27.450828 3.464704 28.088101 -0.486257 -0.558759 0.484111 0.465809
1780045876.319620 27.425543 3.486027 28.064523 -0.485205 -0.566110 0.483468 0.458644
1780045876.419807 27.402545 3.507134 28.039673 -0.484556 -0.573590 0.482169 0.451347
1780045876.519612 27.377651 3.528007 28.014464 -0.483894 -0.580453 0.480953 0.444527
1780045876.619628 27.355803 3.549690 27.990416 -0.483195 -0.587778 0.478794 0.437945
1780045876.719761 27.330821 3.570499 27.965365 -0.482464 -0.593884 0.477653 0.431716
1780045876.819740 27.306674 3.592704 27.943329 -0.481657 -0.600241 0.476479 0.425070
1780045876.919796 27.282229 3.611583 27.921209 -0.482013 -0.606540 0.473905 0.418555
1780045877.019730 27.257443 3.630251 27.897371 -0.481904 -0.612435 0.472651 0.411453
1780045877.119728 27.228782 3.646310 27.868551 -0.479968 -0.619355 0.470958 0.405252
1780045877.219819 27.202660 3.661379 27.837691 -0.478358 -0.625342 0.470145 0.398855
1780045877.319763 27.175626 3.674033 27.810257 -0.476826 -0.631407 0.468153 0.393440
1780045877.419687 27.147603 3.686477 27.783304 -0.476038 -0.637609 0.465482 0.387517
1780045877.520134 27.122187 3.701366 27.758281 -0.474820 -0.643733 0.463787 0.380860
1780045877.619756 27.093079 3.716250 27.728757 -0.471850 -0.650139 0.462242 0.375513
1780045877.719715 27.066914 3.730543 27.703879 -0.470412 -0.656863 0.459609 0.368786
1780045877.819633 27.041044 3.740935 27.678099 -0.467554 -0.663842 0.457488 0.362506
1780045877.919712 27.011441 3.749235 27.647971 -0.466289 -0.669670 0.455484 0.355881
1780045878.019793 26.986527 3.761480 27.623198 -0.462975 -0.676950 0.453245 0.349231
1780045878.119808 26.959607 3.770990 27.594369 -0.460328 -0.683592 0.450101 0.343817
1780045878.219639 26.931261 3.780265 27.566945 -0.458633 -0.690019 0.446837 0.337441
1780045878.319669 26.902635 3.789198 27.538639 -0.457071 -0.696216 0.443787 0.330791
1780045878.419794 26.875965 3.795750 27.510526 -0.454489 -0.702089 0.441489 0.324960
1780045878.519680 26.850053 3.803164 27.482778 -0.451688 -0.708129 0.439254 0.318728
1780045878.619668 26.822975 3.808443 27.457752 -0.450300 -0.713857 0.435633 0.312830
1780045878.719739 26.794363 3.810874 27.429009 -0.448784 -0.719267 0.432925 0.306307
1780045878.819669 26.767156 3.817104 27.400412 -0.446241 -0.724944 0.430222 0.300390
1780045878.919788 26.738717 3.824541 27.367411 -0.442252 -0.730546 0.428388 0.295296
1780045879.019779 26.708137 3.829335 27.337233 -0.441404 -0.736033 0.424209 0.288903
1780045879.119805 26.679695 3.832189 27.310267 -0.438469 -0.740609 0.422577 0.284026
1780045879.219734 26.650669 3.837764 27.280674 -0.436271 -0.742783 0.421734 0.282987
1780045879.319838 26.622161 3.842180 27.252351 -0.435721 -0.744634 0.420565 0.280702
1780045879.419682 26.594203 3.851477 27.226143 -0.435304 -0.744278 0.420876 0.281823
1780045879.519819 26.569390 3.859565 27.199393 -0.434505 -0.744399 0.421622 0.281623
1780045879.620307 26.538738 3.869971 27.169551 -0.433929 -0.744556 0.421701 0.281977
1780045879.719722 26.511264 3.877701 27.143763 -0.434889 -0.744576 0.421179 0.281225
1780045879.819689 26.486230 3.882870 27.118329 -0.434741 -0.744679 0.420857 0.281661
1780045879.919844 26.459610 3.893314 27.090810 -0.433912 -0.744915 0.421194 0.281812
1780045880.019681 26.433356 3.901631 27.064581 -0.434448 -0.745506 0.420308 0.280743
1780045880.119749 26.405368 3.907821 27.033920 -0.431152 -0.748915 0.419364 0.278152
1780045880.219810 26.376511 3.908389 27.004100 -0.429479 -0.753700 0.415822 0.273086
1780045880.319797 26.347587 3.908827 26.974617 -0.427500 -0.758356 0.413011 0.267512
1780045880.419839 26.318513 3.908889 26.946402 -0.424387 -0.763459 0.409808 0.262836
1780045880.519761 26.288853 3.909031 26.916272 -0.422919 -0.767595 0.406793 0.257791
1780045880.619795 26.261111 3.911184 26.887579 -0.421780 -0.769728 0.405437 0.255425
1780045880.720308 26.232806 3.916646 26.860504 -0.421616 -0.769995 0.404883 0.255767
1780045880.819832 26.206326 3.920841 26.834132 -0.423723 -0.769584 0.404480 0.254157
1780045880.919768 26.177831 3.926585 26.804890 -0.421268 -0.769965 0.405608 0.255283
1780045881.020314 26.148935 3.932920 26.773765 -0.422429 -0.769392 0.405594 0.255115
1780045881.119940 26.121336 3.936120 26.745620 -0.422503 -0.769223 0.405768 0.255223
1780045881.219814 26.095369 3.944732 26.718414 -0.421554 -0.769340 0.406148 0.255835
1780045881.319837 26.063163 3.952407 26.685841 -0.422739 -0.769165 0.405253 0.255824
1780045881.419694 26.033509 3.955220 26.656814 -0.423185 -0.769076 0.405450 0.255043
1780045881.519752 26.006187 3.958333 26.629806 -0.423607 -0.770037 0.403531 0.254486
1780045881.619863 25.978427 3.961193 26.600883 -0.422562 -0.772013 0.402307 0.252162
1780045881.719423 25.949324 3.963413 26.571349 -0.420042 -0.773948 0.402095 0.250775
1780045881.819456 25.922215 3.966167 26.544010 -0.419910 -0.775639 0.399771 0.249484
1780045881.920576 25.896396 3.965705 26.516085 -0.418727 -0.777385 0.399478 0.246489
1780045882.020565 25.867531 3.966688 26.485014 -0.417639 -0.779216 0.397637 0.245531
1780045882.119692 25.838340 3.967921 26.454955 -0.417744 -0.780724 0.396366 0.242599
1780045882.219764 25.807911 3.968690 26.425219 -0.417047 -0.782575 0.394742 0.240474
1780045882.319869 25.778283 3.971748 26.393597 -0.415273 -0.784653 0.393883 0.238168
1780045882.419785 25.751132 3.975191 26.362791 -0.413874 -0.786836 0.392682 0.235369
1780045882.519848 25.721443 3.975635 26.331653 -0.412924 -0.788689 0.390863 0.233860
1780045882.619813 25.690864 3.974290 26.302297 -0.412562 -0.790478 0.388761 0.231954
1780045882.719852 25.659115 3.971313 26.271320 -0.411491 -0.792548 0.387454 0.228957
1780045882.819722 25.628754 3.968271 26.240600 -0.409679 -0.794320 0.387254 0.226391
1780045882.919800 25.598389 3.966911 26.208506 -0.408434 -0.796217 0.385440 0.225068
1780045883.019726 25.566740 3.964892 26.178544 -0.405142 -0.798073 0.385565 0.224232
1780045883.119759 25.538046 3.962345 26.151735 -0.402394 -0.800296 0.384922 0.222350
1780045883.219734 25.505137 3.959591 26.117785 -0.401299 -0.802132 0.383424 0.220295
1780045883.319883 25.471851 3.958618 26.085702 -0.398991 -0.804467 0.381978 0.218477
1780045883.419895 25.440766 3.953985 26.053392 -0.397975 -0.806150 0.380686 0.216370
1780045883.519854 25.408399 3.948168 26.016165 0.415960 -0.796619 -0.400298 0.179268
1780045883.619826 25.374555 3.945174 25.983321 0.417182 -0.795283 -0.400708 0.181428
1780045883.719870 25.344033 3.942702 25.951664 0.417269 -0.795552 -0.399913 0.181808
1780045883.819777 25.312521 3.940842 25.918397 0.417116 -0.795738 -0.399824 0.181539
1780045883.919846 25.279846 3.939975 25.885527 0.418200 -0.795863 -0.397932 0.182647
1780045884.019893 25.249265 3.938157 25.851073 0.417512 -0.795853 -0.398463 0.183109
1780045884.119871 25.215642 3.938401 25.815837 0.418047 -0.795907 -0.397722 0.183266
1780045884.219833 25.182785 3.940863 25.783467 0.417753 -0.795791 -0.398127 0.183561
1780045884.319745 25.154164 3.939219 25.753779 0.418661 -0.795867 -0.396775 0.184089
1780045884.419758 25.121249 3.941210 25.723591 0.417884 -0.795935 -0.397547 0.183894
1780045884.519761 25.087983 3.941977 25.691232 0.417559 -0.795961 -0.397754 0.184072
1780045884.619879 25.057393 3.940667 25.658806 0.415964 -0.796208 -0.399048 0.183816
1780045884.719818 25.023649 3.939506 25.627257 0.416484 -0.796126 -0.398916 0.183278
1780045884.819861 24.989500 3.937593 25.589214 0.415604 -0.795956 -0.400318 0.182956
1780045884.919857 24.957229 3.935389 25.554380 0.415590 -0.795711 -0.400616 0.183402
1780045885.019856 24.923253 3.935268 25.519734 0.414868 -0.795828 -0.401139 0.183382
1780045885.119926 24.890278 3.935032 25.484595 0.414448 -0.795604 -0.402268 0.182829
1780045885.219821 24.857864 3.933576 25.450215 0.414564 -0.795945 -0.401253 0.183313
1780045885.319920 24.828523 3.932395 25.417638 0.413533 -0.795842 -0.402559 0.183226
1780045885.419826 24.795548 3.930473 25.382478 0.413061 -0.795979 -0.402779 0.183213
1780045885.519917 24.761897 3.928204 25.349191 0.414233 -0.795905 -0.401180 0.184392
1780045885.619770 24.725201 3.925609 25.313070 0.415216 -0.795687 -0.400872 0.183789
1780045885.719899 24.688691 3.925670 25.278320 0.415889 -0.795650 -0.400079 0.184158
1780045885.819772 24.653197 3.928014 25.243010 0.416283 -0.795547 -0.399941 0.184010
1780045885.919831 24.620052 3.926614 25.207963 0.416874 -0.795528 -0.399290 0.184171
1780045886.019907 24.585022 3.926750 25.171933 0.416529 -0.795945 -0.398528 0.184800
1780045886.119933 24.546915 3.927398 25.135879 0.416247 -0.795798 -0.399292 0.184418
1780045886.219909 24.511894 3.924626 25.101432 0.415921 -0.795671 -0.400157 0.183827
1780045886.319841 24.476074 3.921842 25.069276 0.416028 -0.795577 -0.400585 0.183055
1780045886.419831 24.441075 3.920478 25.035311 0.415572 -0.795159 -0.402537 0.181617
1780045886.519867 24.406336 3.919580 24.996745 0.415425 -0.795279 -0.402150 0.182290
1780045886.619831 24.370604 3.919973 24.958519 0.415471 -0.795286 -0.401961 0.182568
1780045886.719803 24.338325 3.916880 24.923876 0.415648 -0.795414 -0.401390 0.182864
1780045886.819953 24.301969 3.915941 24.888992 0.415765 -0.795487 -0.401226 0.182639
1780045886.919867 24.267817 3.917642 24.855031 0.414875 -0.796900 -0.399634 0.181996
1780045887.019818 24.232726 3.920571 24.819346 0.414270 -0.798207 -0.398471 0.180186
1780045887.119823 24.199649 3.923668 24.785005 -0.399505 -0.805358 0.381241 0.215523
1780045887.219792 24.168181 3.926695 24.751382 -0.401878 -0.803833 0.381430 0.216466
1780045887.319956 24.140729 3.927202 24.719790 -0.404674 -0.802430 0.381120 0.217007
1780045887.419835 24.108522 3.927777 24.684783 -0.405182 -0.802352 0.381098 0.216388
1780045887.519771 24.077661 3.928448 24.651638 -0.406583 -0.801988 0.380569 0.216041
1780045887.620135 24.045214 3.926455 24.617560 -0.406125 -0.801898 0.380527 0.217307
1780045887.719814 24.007224 3.926962 24.579901 -0.406359 -0.801831 0.380206 0.217677
1780045887.819959 23.972241 3.925717 24.543417 -0.406041 -0.801964 0.380103 0.217961
1780045887.919893 23.933384 3.926574 24.503163 -0.405736 -0.801816 0.381006 0.217495
1780045888.020050 23.897459 3.926231 24.467262 -0.405534 -0.802223 0.379883 0.218334
1780045888.119894 23.865235 3.928951 24.432732 -0.406278 -0.802266 0.379326 0.217760
1780045888.219906 23.831908 3.929981 24.397331 -0.405632 -0.802325 0.379133 0.219081
1780045888.319959 23.801736 3.927529 24.365548 -0.405634 -0.802005 0.380315 0.218197
1780045888.419928 23.766762 3.925576 24.329643 -0.406047 -0.802201 0.379146 0.218740
1780045888.519920 23.732864 3.925898 24.294553 -0.404690 -0.802314 0.379535 0.220161
1780045888.619867 23.698689 3.925224 24.256478 -0.405512 -0.802453 0.378986 0.219087
1780045888.719947 23.663873 3.925780 24.218097 -0.405982 -0.802588 0.378064 0.219317
1780045888.819825 23.627493 3.927508 24.180033 -0.406770 -0.802629 0.377236 0.219132
1780045888.919798 23.595732 3.928653 24.149005 -0.406125 -0.802352 0.378524 0.219118
1780045889.019906 23.563209 3.930825 24.115547 -0.404830 -0.802813 0.378704 0.219517
1780045889.119855 23.530759 3.931983 24.085684 -0.405867 -0.802497 0.378056 0.219874
1780045889.219948 23.494373 3.930254 24.053830 -0.405495 -0.802303 0.378371 0.220726
1780045889.319923 23.462299 3.930384 24.020416 -0.402420 -0.802533 0.380454 0.221931
1780045889.419843 23.427490 3.929407 23.984773 -0.401381 -0.802612 0.381051 0.222503
1780045889.519957 23.393018 3.929957 23.950264 -0.400831 -0.802929 0.380765 0.222839
1780045889.619847 23.359621 3.927251 23.913533 -0.399794 -0.802924 0.382049 0.222521
1780045889.720013 23.325670 3.925444 23.879709 -0.399818 -0.802962 0.381318 0.223592
1780045889.819847 23.290636 3.923672 23.844152 -0.398952 -0.802909 0.382281 0.223686
1780045889.919887 23.254083 3.922708 23.805541 -0.397907 -0.802976 0.382820 0.224387
1780045890.019877 23.222692 3.923161 23.769525 -0.397978 -0.802717 0.383899 0.223340
1780045890.119855 23.192008 3.920283 23.734067 -0.398368 -0.802649 0.383760 0.223127
1780045890.219979 23.158952 3.921857 23.698718 -0.399329 -0.802776 0.382440 0.223219
1780045890.319856 23.125166 3.925952 23.664931 -0.400419 -0.802705 0.381705 0.222779
1780045890.420488 23.088171 3.927088 23.631468 -0.401038 -0.802665 0.381418 0.222303
1780045890.519914 23.056102 3.927438 23.597163 -0.401088 -0.802492 0.381725 0.222307
1780045890.619845 23.022391 3.930080 23.562289 -0.402260 -0.802249 0.381087 0.222162
1780045890.720012 22.983895 3.931407 23.525847 -0.402719 -0.802318 0.380063 0.222833
1780045890.819981 22.947032 3.933054 23.487038 -0.401265 -0.802346 0.381257 0.223316
1780045890.919958 22.909694 3.930669 23.451538 -0.400059 -0.802299 0.382013 0.224356
1780045891.019936 22.877322 3.928177 23.416687 -0.400344 -0.802103 0.383046 0.222780
1780045891.119920 22.845366 3.927340 23.384466 -0.400951 -0.802125 0.381979 0.223440
1780045891.219936 22.815140 3.927477 23.351791 -0.399635 -0.802110 0.383571 0.223125
1780045891.319877 22.783851 3.930639 23.320908 -0.400948 -0.802116 0.382204 0.223094
1780045891.419976 22.749875 3.930139 23.287090 -0.401953 -0.801835 0.381732 0.223105
1780045891.520002 22.715947 3.931484 23.249124 -0.400574 -0.802050 0.382726 0.223110
1780045891.620031 22.685186 3.934453 23.211703 -0.399934 -0.802208 0.383415 0.222503
1780045891.720004 22.653037 3.936067 23.175098 -0.400391 -0.802204 0.383160 0.222135
1780045891.820026 22.617247 3.938245 23.138437 -0.400989 -0.802294 0.382851 0.221260
1780045891.919986 22.581340 3.940875 23.103641 -0.400718 -0.802321 0.382612 0.222066
1780045892.020097 22.547693 3.938639 23.071923 -0.402469 -0.802121 0.381884 0.220873
1780045892.119864 22.513820 3.938294 23.039479 -0.404290 -0.801607 0.381686 0.219752
1780045892.219942 22.480450 3.939239 23.004901 -0.401474 -0.802002 0.382717 0.221673
1780045892.319877 22.448661 3.939809 22.967824 -0.401670 -0.801538 0.383831 0.221069
1780045892.420014 22.410085 3.940595 22.929467 -0.400886 -0.801911 0.382824 0.222878
1780045892.519943 22.373488 3.940932 22.891906 -0.399905 -0.801967 0.384089 0.222262
1780045892.619938 22.339086 3.939310 22.858610 -0.399222 -0.802160 0.384290 0.222446
1780045892.720026 22.305620 3.939318 22.824056 -0.398283 -0.802264 0.384583 0.223246
1780045892.819921 22.272595 3.938393 22.787009 -0.398264 -0.802425 0.383780 0.224080
1780045892.919892 22.240823 3.939530 22.756006 -0.399073 -0.802050 0.384360 0.222989
1780045893.020045 22.202008 3.938812 22.715524 -0.399213 -0.802241 0.383762 0.223081
1780045893.119899 22.168345 3.941167 22.678199 -0.399507 -0.802134 0.384269 0.222062
1780045893.219958 22.132802 3.942583 22.643599 -0.400706 -0.801936 0.383249 0.222382
1780045893.319918 22.096652 3.942556 22.611484 -0.401693 -0.802113 0.381998 0.222113
1780045893.420437 22.063011 3.943817 22.574163 -0.401078 -0.802237 0.382260 0.222327
1780045893.519955 22.029795 3.943897 22.540347 -0.402586 -0.801914 0.381785 0.221580
1780045893.619895 21.997488 3.943727 22.504064 -0.401973 -0.802026 0.381386 0.222973
1780045893.719874 21.963964 3.946873 22.467986 -0.404254 -0.801529 0.380797 0.221636
1780045893.819899 21.927641 3.944873 22.429983 -0.402656 -0.801336 0.382861 0.221689
1780045893.919946 21.896368 3.944885 22.397732 -0.402214 -0.801198 0.383434 0.222002
1780045894.019949 21.865109 3.944164 22.365930 -0.402437 -0.801043 0.383947 0.221269
1780045894.119899 21.832830 3.943253 22.336381 -0.402289 -0.801122 0.383984 0.221189
1780045894.219933 21.798222 3.943971 22.303689 -0.400714 -0.801316 0.384961 0.221644
1780045894.319987 21.764284 3.944289 22.269418 -0.401144 -0.801471 0.384076 0.221840
1780045894.419944 21.726211 3.945046 22.228956 -0.400191 -0.801468 0.385182 0.221653
1780045894.519990 21.692732 3.947428 22.195932 -0.400236 -0.801679 0.384338 0.222276
1780045894.620081 21.658275 3.949652 22.161823 -0.402005 -0.801399 0.384204 0.220316
1780045894.719975 21.625702 3.951919 22.127996 -0.400116 -0.801625 0.385756 0.220219
1780045894.820077 21.592310 3.953036 22.098448 -0.402177 -0.801619 0.383838 0.219841
1780045894.920023 21.559195 3.956938 22.067851 -0.401378 -0.801938 0.384075 0.219720
1780045895.019906 21.524244 3.954586 22.034357 -0.399109 -0.804167 0.382603 0.218271
1780045895.120037 21.487871 3.947727 21.994016 -0.396557 -0.806679 0.382218 0.214292
1780045895.220002 21.454472 3.940265 21.957218 0.415038 -0.796021 -0.400936 0.182607
1780045895.319908 21.420989 3.935436 21.922049 0.417704 -0.794138 -0.401410 0.183679
1780045895.420072 21.387909 3.934899 21.888252 0.416636 -0.793530 -0.404295 0.182399
1780045895.520013 21.351834 3.933156 21.851738 0.416152 -0.793445 -0.405064 0.182168
1780045895.619956 21.318961 3.929683 21.820041 0.416628 -0.793186 -0.405537 0.181153
1780045895.719942 21.283740 3.928501 21.783893 0.417692 -0.792818 -0.405413 0.180593
1780045895.820094 21.252482 3.926884 21.750294 0.417115 -0.792814 -0.405890 0.180874
1780045895.919943 21.221545 3.925258 21.714473 0.416140 -0.792986 -0.406716 0.180505
1780045896.019909 21.183716 3.923541 21.679683 0.416932 -0.793068 -0.405595 0.180840
1780045896.120055 21.148172 3.924519 21.644410 0.415947 -0.792778 -0.407190 0.180795
1780045896.219957 21.114948 3.924154 21.614586 0.415820 -0.792925 -0.407143 0.180550
1780045896.319998 21.082509 3.924515 21.582734 0.416207 -0.792949 -0.406416 0.181187
1780045896.419922 21.050519 3.922388 21.549475 0.416157 -0.792788 -0.406838 0.181062
1780045896.519935 21.013646 3.919941 21.512909 0.416954 -0.792692 -0.406226 0.181021
1780045896.620093 20.980301 3.917511 21.479236 0.417566 -0.792746 -0.405428 0.181164
1780045896.719956 20.944755 3.915276 21.443247 0.417542 -0.792872 -0.405173 0.181240
1780045896.820137 20.914407 3.914084 21.409046 0.417332 -0.792848 -0.405734 0.180570
1780045896.920093 20.877923 3.912478 21.373887 0.418313 -0.793047 -0.404643 0.179874
1780045897.020024 20.843475 3.909696 21.337270 0.417498 -0.792901 -0.405873 0.179641
1780045897.119918 20.804765 3.907888 21.300006 0.416981 -0.792860 -0.406528 0.179541
1780045897.220109 20.767000 3.905388 21.266323 0.417368 -0.792468 -0.406767 0.179833
1780045897.320017 20.736165 3.904563 21.232605 0.415735 -0.792322 -0.409074 0.179023
1780045897.420443 20.699392 3.902878 21.192506 0.416955 -0.792182 -0.408298 0.178573
1780045897.520030 20.669267 3.900925 21.162435 0.416124 -0.792250 -0.408852 0.178946
1780045897.620122 20.636323 3.899194 21.130124 0.415302 -0.792389 -0.409245 0.179338
1780045897.719958 20.600237 3.899619 21.093738 0.414188 -0.792491 -0.410047 0.179631
1780045897.820023 20.566263 3.899847 21.060853 0.414246 -0.792710 -0.409259 0.180327
1780045897.919963 20.530483 3.899741 21.025209 0.413967 -0.792764 -0.409259 0.180731
1780045898.020054 20.498253 3.898308 20.992146 0.413947 -0.792687 -0.409319 0.180980
1780045898.120102 20.464087 3.897102 20.958405 0.413671 -0.792914 -0.409222 0.180835
1780045898.219996 20.434065 3.894811 20.926244 0.412900 -0.792769 -0.410218 0.180976
1780045898.320081 20.401387 3.893083 20.892629 0.412902 -0.793337 -0.408821 0.181643
1780045898.420118 20.366624 3.890165 20.859272 0.412904 -0.793271 -0.409511 0.180366
1780045898.520044 20.329175 3.889201 20.826960 0.412185 -0.793201 -0.410244 0.180652
1780045898.620168 20.289769 3.889011 20.791694 0.413132 -0.793164 -0.409446 0.180462
1780045898.720098 20.250594 3.887695 20.754629 0.412856 -0.792853 -0.410234 0.180672
1780045898.820017 20.215616 3.887835 20.718058 0.413617 -0.792747 -0.409499 0.181063
1780045898.919960 20.183211 3.887914 20.683231 0.414777 -0.792820 -0.408263 0.180879
1780045899.020149 20.151782 3.888429 20.647000 0.414340 -0.792841 -0.408261 0.181792
1780045899.120056 20.116856 3.887922 20.610490 0.415140 -0.792926 -0.407475 0.181359
1780045899.220630 20.084821 3.887168 20.569338 0.414290 -0.793253 -0.407054 0.182815
1780045899.319788 20.050698 3.887715 20.534713 0.415944 -0.793155 -0.405306 0.183365
1780045899.419585 20.016641 3.886121 20.501127 0.416916 -0.793186 -0.404090 0.183705
1780045899.520528 19.977231 3.887042 20.464567 0.417992 -0.793108 -0.403116 0.183740
1780045899.620132 19.941465 3.885446 20.429439 0.418797 -0.793126 -0.401997 0.184282
1780045899.719994 19.904380 3.884607 20.394733 0.420607 -0.793142 -0.399605 0.185291
1780045899.820032 19.866822 3.886770 20.355560 0.420216 -0.793145 -0.400412 0.184417
1780045899.920082 19.828735 3.884984 20.322279 0.421520 -0.793308 -0.398562 0.184747
1780045900.020153 19.796843 3.884114 20.288613 0.419690 -0.793331 -0.400569 0.184478
1780045900.120047 19.758802 3.885647 20.252245 0.420541 -0.792747 -0.401289 0.183479
1780045900.220008 19.721135 3.883993 20.217084 0.420991 -0.792847 -0.400296 0.184183
1780045900.320140 19.691408 3.880803 20.182573 0.420157 -0.793068 -0.400449 0.184802
1780045900.420088 19.657368 3.881794 20.145774 0.420996 -0.792412 -0.400997 0.184516
1780045900.520088 19.623601 3.880314 20.109609 0.421204 -0.792491 -0.400471 0.184845
1780045900.620016 19.591887 3.880507 20.075200 0.421067 -0.792643 -0.400284 0.184910
1780045900.719991 19.561702 3.876580 20.040644 0.421129 -0.792519 -0.400256 0.185364
1780045900.820124 19.528214 3.873833 20.005281 0.421746 -0.792575 -0.399437 0.185486
1780045900.920038 19.493369 3.875236 19.971261 0.421241 -0.792535 -0.399977 0.185642
1780045901.020014 19.456369 3.875852 19.934288 0.421952 -0.792353 -0.399224 0.186423
1780045901.120115 19.421206 3.873092 19.899322 0.422990 -0.792137 -0.399109 0.185231
1780045901.220114 19.387275 3.870580 19.864596 0.423760 -0.792263 -0.397784 0.185780
1780045901.319981 19.354085 3.865920 19.828387 0.422966 -0.792796 -0.396965 0.187064
1780045901.420175 19.318315 3.864883 19.790857 0.423065 -0.792555 -0.397809 0.186067
1780045901.520103 19.282917 3.861008 19.757910 0.423770 -0.792922 -0.396316 0.186083
1780045901.620022 19.250774 3.859311 19.724837 0.423782 -0.792798 -0.396878 0.185388
1780045901.720025 19.216476 3.860537 19.691087 0.423574 -0.792496 -0.398006 0.184732
1780045901.819995 19.182999 3.859061 19.654638 0.423818 -0.792364 -0.397719 0.185357
1780045901.920060 19.146958 3.858901 19.617743 0.424517 -0.792357 -0.397178 0.184947
1780045902.020054 19.114607 3.857722 19.583441 0.425239 -0.791958 -0.397685 0.183904
1780045902.120001 19.082426 3.857145 19.547511 0.423952 -0.792271 -0.398216 0.184379
1780045902.220131 19.049872 3.858910 19.510584 0.425320 -0.792000 -0.397073 0.184854
1780045902.320057 19.016782 3.858020 19.472048 0.424043 -0.792108 -0.397995 0.185341
1780045902.420172 18.983231 3.854411 19.439663 0.425639 -0.792153 -0.395963 0.185845
1780045902.520630 18.950014 3.849946 19.403700 0.425414 -0.792352 -0.395556 0.186380
1780045902.620055 18.913268 3.850232 19.370838 0.425691 -0.793188 -0.394327 0.184787
1780045902.720016 18.878089 3.853989 19.337146 0.423612 -0.794783 -0.394090 0.183208
1780045902.820069 18.846009 3.855216 19.303826 0.422932 -0.795784 -0.393116 0.182526
1780045902.920003 18.810466 3.855847 19.267132 0.421730 -0.795908 -0.394505 0.181771
1780045903.020156 18.776961 3.854542 19.231475 0.420420 -0.795888 -0.396193 0.181221
1780045903.120147 18.742949 3.851329 19.197675 0.419145 -0.796293 -0.396740 0.181198
1780045903.220219 18.706753 3.851302 19.160673 0.418789 -0.796199 -0.397448 0.180883
1780045903.320489 18.674711 3.849962 19.127926 0.418989 -0.796016 -0.397589 0.180915
1780045903.420030 18.640736 3.852457 19.098573 0.418820 -0.795820 -0.398469 0.180230
1780045903.520061 18.605775 3.851516 19.064337 0.418474 -0.795957 -0.398581 0.180179
1780045903.620084 18.571822 3.849553 19.029367 0.417903 -0.795919 -0.399521 0.179591
1780045903.720088 18.540750 3.848864 18.996014 0.417616 -0.795887 -0.400165 0.178964
1780045903.820555 18.504651 3.850439 18.958818 0.416997 -0.795972 -0.400266 0.179800
1780045903.920193 18.472049 3.848709 18.924514 0.417836 -0.795846 -0.399317 0.180521
1780045904.020076 18.438057 3.845202 18.889822 0.417348 -0.795894 -0.400065 0.179780
1780045904.120072 18.404821 3.842110 18.854117 0.417037 -0.796020 -0.400040 0.180003
1780045904.220077 18.370332 3.841883 18.818208 0.417115 -0.795997 -0.399520 0.181073
1780045904.320092 18.336090 3.842450 18.786209 0.417234 -0.795659 -0.400663 0.179754
1780045904.420155 18.300759 3.841704 18.750385 0.417147 -0.795957 -0.399936 0.180255
1780045904.520068 18.266672 3.840536 18.715919 0.417595 -0.796066 -0.399297 0.180152
1780045904.620088 18.233106 3.840673 18.680106 0.416361 -0.795760 -0.401914 0.178534
1780045904.720092 18.201286 3.838800 18.642637 0.416557 -0.795650 -0.402085 0.178181
1780045904.820090 18.167627 3.835920 18.609853 0.416463 -0.795873 -0.401636 0.178418
1780045904.920135 18.130976 3.833703 18.578028 0.416935 -0.795556 -0.402048 0.177801
1780045905.020076 18.095813 3.831108 18.541015 0.417117 -0.795401 -0.402570 0.176883
1780045905.120145 18.062554 3.829721 18.508068 0.417062 -0.795457 -0.402538 0.176836
1780045905.220054 18.028102 3.829640 18.476024 0.417457 -0.795747 -0.401538 0.176873
1780045905.320531 17.994398 3.828272 18.441000 0.417606 -0.795761 -0.400916 0.177863
1780045905.420205 17.960742 3.829017 18.405016 0.416294 -0.795698 -0.402872 0.176799
1780045905.520049 17.928070 3.829987 18.369408 0.416424 -0.795919 -0.402057 0.177353
1780045905.620110 17.893100 3.828806 18.335199 0.417593 -0.795900 -0.400750 0.177650
1780045905.720201 17.858008 3.828485 18.301955 0.417954 -0.795856 -0.400291 0.178031
1780045905.820186 17.822782 3.831566 18.268038 0.417252 -0.795946 -0.400719 0.178309
1780045905.920130 17.788928 3.830741 18.229981 0.416999 -0.796316 -0.399979 0.178914
1780045906.020262 17.755376 3.828797 18.196341 0.417228 -0.796594 -0.398976 0.179380
1780045906.120173 17.720134 3.827690 18.161308 0.417095 -0.796701 -0.399460 0.178134
1780045906.220136 17.689283 3.825912 18.124203 0.415853 -0.796674 -0.400686 0.178402
1780045906.320106 17.655543 3.825452 18.087063 0.415189 -0.796725 -0.401175 0.178622
1780045906.420225 17.623808 3.823391 18.051965 0.414897 -0.796614 -0.401367 0.179364
1780045906.520099 17.590536 3.822740 18.025406 0.417528 -0.796656 -0.398613 0.179210
1780045906.620168 17.554009 3.823566 17.991338 0.416514 -0.796145 -0.401016 0.178478
1780045906.720694 17.522491 3.822592 17.954673 0.415078 -0.796507 -0.400951 0.180346
1780045906.820084 17.485930 3.823000 17.923200 0.417080 -0.796339 -0.399626 0.179412
1780045906.920214 17.450754 3.822520 17.889519 0.416742 -0.796592 -0.399209 0.180000
1780045907.020177 17.416969 3.822479 17.853006 0.416686 -0.796620 -0.398827 0.180849
1780045907.120156 17.381095 3.820651 17.810244 0.416733 -0.796581 -0.398616 0.181377
1780045907.220210 17.346976 3.820620 17.774818 0.417440 -0.796540 -0.398035 0.181205
1780045907.320260 17.309806 3.821218 17.739466 0.417892 -0.796673 -0.397473 0.180815
1780045907.420271 17.274889 3.821465 17.701510 0.417111 -0.796766 -0.397639 0.181840
1780045907.520164 17.239882 3.822508 17.669258 0.418352 -0.796914 -0.396444 0.180947
1780045907.620278 17.204786 3.820616 17.635192 0.418581 -0.796938 -0.396218 0.180806
1780045907.720079 17.174133 3.820125 17.601750 -0.400011 -0.806440 0.378730 0.214963
1780045907.820277 17.142878 3.825174 17.573501 -0.402578 -0.803117 0.380832 0.218862
1780045907.920365 17.111750 3.831019 17.543655 -0.405910 -0.799058 0.383331 0.223159
1780045908.020145 17.080418 3.837067 17.509143 -0.409276 -0.794741 0.386708 0.226575
1780045908.120194 17.049773 3.843822 17.471945 -0.412346 -0.790245 0.390332 0.230489
1780045908.220280 17.019131 3.852673 17.441649 -0.415826 -0.785375 0.393217 0.235913
1780045908.320247 16.988050 3.865937 17.409554 -0.417393 -0.780558 0.397674 0.241594
1780045908.420147 16.956525 3.880511 17.378856 -0.423314 -0.773888 0.400320 0.248287
1780045908.520158 16.924377 3.896627 17.347966 -0.428473 -0.765643 0.406310 0.255172
1780045908.620101 16.895883 3.913022 17.312316 -0.434183 -0.756354 0.412399 0.263326
1780045908.720127 16.863217 3.933714 17.280868 -0.438891 -0.747001 0.418157 0.272965
1780045908.820229 16.831481 3.957662 17.252657 -0.444590 -0.737090 0.423051 0.282958
1780045908.920132 16.801554 3.979507 17.222068 -0.450516 -0.726848 0.428220 0.292156
1780045909.020229 16.771932 4.003198 17.192756 -0.456894 -0.716362 0.432596 0.301553
1780045909.120233 16.740710 4.027103 17.161255 -0.459649 -0.706013 0.438826 0.312572
1780045909.220187 16.712756 4.052693 17.134493 -0.463289 -0.695718 0.443679 0.323248
1780045909.320230 16.688082 4.080957 17.103869 -0.467255 -0.685185 0.448690 0.332974
1780045909.420162 16.663709 4.108673 17.079113 -0.471883 -0.674715 0.452468 0.342577
1780045909.520117 16.640607 4.140953 17.055136 -0.473948 -0.664180 0.457606 0.353319
1780045909.620217 16.614041 4.172591 17.032131 -0.476597 -0.653905 0.460734 0.364675
1780045909.720215 16.589594 4.204888 17.008899 -0.479409 -0.643098 0.464470 0.375313
1780045909.820210 16.563235 4.237813 16.984999 -0.482438 -0.631725 0.467887 0.386340
1780045909.920301 16.538771 4.275351 16.964352 -0.484049 -0.621277 0.471101 0.397208
1780045910.020155 16.516376 4.313962 16.941870 -0.487193 -0.610064 0.474313 0.406807
1780045910.120293 16.492513 4.348275 16.921055 -0.489999 -0.599959 0.475770 0.416645
1780045910.220263 16.471720 4.383986 16.900453 -0.490569 -0.592652 0.477217 0.424698
1780045910.320218 16.446990 4.413164 16.876837 -0.491839 -0.586680 0.478450 0.430101
1780045910.420222 16.422453 4.445051 16.852490 -0.491342 -0.582535 0.480420 0.434088
1780045910.520288 16.396792 4.480689 16.833980 -0.492303 -0.579052 0.480015 0.438089
1780045910.620737 16.373707 4.513385 16.812782 -0.492847 -0.575892 0.481129 0.440415
1780045910.720288 16.353960 4.543198 16.786904 -0.493193 -0.573221 0.482088 0.442459
1780045910.820149 16.328954 4.575034 16.760709 -0.492553 -0.572348 0.482457 0.443897
1780045910.920156 16.304949 4.603315 16.733928 -0.492120 -0.572074 0.484231 0.442798
1780045911.020176 16.280619 4.633886 16.716283 -0.494129 -0.572506 0.481911 0.442532
1780045911.120181 16.253691 4.664095 16.688902 -0.494042 -0.572115 0.482130 0.442898
1780045911.220236 16.224713 4.695693 16.662328 -0.492020 -0.572619 0.482088 0.444539
1780045911.320160 16.200166 4.725444 16.633804 -0.492504 -0.574731 0.482008 0.441353
1780045911.420169 16.178813 4.755915 16.609286 -0.492788 -0.577571 0.480877 0.438554
1780045911.520262 16.153355 4.785674 16.584057 -0.492293 -0.580564 0.480166 0.435929
1780045911.620252 16.129942 4.812043 16.558865 -0.492286 -0.582812 0.479982 0.433131
1780045911.720169 16.107312 4.836385 16.534377 -0.492001 -0.585628 0.478994 0.430743
1780045911.820347 16.084126 4.856899 16.512631 -0.492687 -0.588048 0.477856 0.427916
1780045911.920316 16.064345 4.874980 16.484209 -0.491999 -0.591361 0.478165 0.423777
1780045912.020345 16.040739 4.892404 16.460179 -0.490583 -0.596410 0.476493 0.420210
1780045912.120245 16.016185 4.914124 16.435230 -0.490457 -0.601596 0.475661 0.413861
1780045912.220254 15.991503 4.929509 16.412821 -0.490341 -0.605854 0.474181 0.409462
1780045912.320235 15.965283 4.951165 16.387103 -0.488709 -0.608309 0.474321 0.407606
1780045912.420198 15.939416 4.973300 16.361797 -0.487410 -0.609892 0.474579 0.406495
1780045912.520174 15.913389 4.996095 16.339643 -0.488140 -0.611949 0.473516 0.403758
1780045912.620252 15.887083 5.018554 16.314455 -0.487242 -0.611343 0.474387 0.404735
1780045912.720228 15.865215 5.043778 16.293477 -0.486228 -0.611785 0.474924 0.404658
1780045912.820386 15.844413 5.072067 16.269088 -0.486793 -0.611776 0.474632 0.404336
1780045912.920245 15.823593 5.093458 16.236264 -0.487621 -0.610918 0.475391 0.403743
1780045913.020350 15.800174 5.121214 16.214716 -0.487304 -0.611195 0.474408 0.404862
1780045913.120275 15.774757 5.147581 16.194656 -0.487172 -0.611654 0.473437 0.405463
1780045913.220219 15.749181 5.175308 16.172756 -0.487242 -0.612146 0.473533 0.404523
1780045913.320320 15.724284 5.199963 16.144721 -0.487010 -0.611870 0.474892 0.403626
1780045913.420276 15.695418 5.218944 16.122640 -0.487824 -0.615598 0.471800 0.400590
1780045913.520803 15.666284 5.235288 16.091178 -0.487525 -0.622792 0.469538 0.392407
1780045913.620333 15.636810 5.247741 16.059071 -0.485186 -0.631078 0.467752 0.384114
1780045913.720915 15.611223 5.259652 16.030445 -0.483829 -0.639577 0.464590 0.375508
1780045913.820226 15.585138 5.265971 16.003411 -0.478929 -0.650541 0.462880 0.364917
1780045913.920337 15.558596 5.269653 15.978852 -0.476316 -0.662249 0.457523 0.353867
1780045914.020307 15.533602 5.270059 15.953132 -0.473950 -0.672259 0.454077 0.342424
1780045914.120376 15.510425 5.269982 15.930798 -0.467373 -0.683126 0.451682 0.332994
1780045914.220344 15.492583 5.269968 15.915786 -0.464222 -0.693818 0.447028 0.321373
1780045914.320348 15.472343 5.265837 15.892963 -0.459640 -0.704758 0.442548 0.310158
1780045914.420202 15.449809 5.263408 15.871229 -0.453899 -0.716609 0.436987 0.299149
1780045914.520294 15.428069 5.257818 15.848030 -0.447356 -0.728187 0.432382 0.287511
1780045914.620220 15.407668 5.252033 15.826351 -0.442143 -0.738305 0.427332 0.277132
1780045914.720209 15.388815 5.248253 15.804817 -0.435897 -0.747257 0.422860 0.269797
1780045914.820368 15.367147 5.241130 15.786294 -0.432133 -0.755820 0.416341 0.262026
1780045914.920329 15.343699 5.233770 15.764779 -0.425287 -0.764640 0.412447 0.253662
1780045915.020387 15.323183 5.230852 15.744788 -0.419448 -0.770470 0.410426 0.248977
1780045915.120342 15.303859 5.228032 15.722962 -0.415912 -0.775155 0.407932 0.244424
1780045915.220251 15.281344 5.221755 15.699903 -0.412512 -0.782105 0.402095 0.237622
1780045915.320230 15.261829 5.216620 15.683484 -0.407770 -0.787492 0.400497 0.230613
1780045915.420288 15.245081 5.218443 15.668939 -0.406802 -0.787754 0.402918 0.227184
1780045915.520264 15.223180 5.222576 15.645459 -0.406545 -0.786979 0.403787 0.228784
1780045915.620232 15.201476 5.226358 15.617717 -0.407418 -0.787843 0.400459 0.230100
1780045915.720613 15.176957 5.221443 15.585659 -0.409137 -0.789092 0.394978 0.232236
1780045915.820291 15.153353 5.223767 15.563075 -0.409936 -0.789153 0.394686 0.231112
1780045915.920366 15.132350 5.225738 15.546100 -0.409950 -0.789623 0.393442 0.231602
1780045916.020377 15.106459 5.228944 15.521530 -0.410839 -0.789457 0.392659 0.231921
1780045916.120301 15.081714 5.228216 15.494105 -0.412413 -0.788968 0.392366 0.231288
1780045916.220429 15.057336 5.230154 15.471873 -0.415060 -0.789246 0.389192 0.230969
1780045916.320368 15.034847 5.232018 15.448523 -0.415224 -0.789638 0.388350 0.230749
1780045916.420354 15.012555 5.234677 15.422721 -0.415027 -0.789601 0.388826 0.230428
1780045916.520237 14.988225 5.237379 15.398831 -0.415163 -0.789430 0.388977 0.230515
1780045916.620260 14.967986 5.237414 15.374923 -0.416095 -0.789799 0.387862 0.229446
1780045916.720730 14.948224 5.237448 15.352449 -0.415261 -0.791607 0.386781 0.226532
1780045916.820279 14.928397 5.238414 15.332433 -0.415174 -0.792100 0.385959 0.226371
1780045916.920634 14.906994 5.238807 15.313317 -0.415018 -0.791610 0.386192 0.227969
1780045917.020296 14.886611 5.242336 15.292771 -0.414144 -0.791684 0.386964 0.227992
1780045917.120416 14.865151 5.242590 15.271663 -0.413286 -0.791579 0.387818 0.228464
1780045917.220302 14.842833 5.241637 15.252811 -0.414589 -0.791318 0.387195 0.228060
1780045917.320430 14.821719 5.241637 15.235400 -0.411648 -0.793404 0.386777 0.226847
1780045917.420350 14.801327 5.238812 15.212220 -0.408600 -0.796845 0.385264 0.222834
1780045917.520268 14.781130 5.233756 15.191069 -0.405390 -0.801635 0.381559 0.217837
1780045917.620549 14.758573 5.227065 15.172491 0.417397 -0.797789 -0.395957 0.180361
1780045917.719853 14.734588 5.221502 15.146776 0.420200 -0.792723 -0.400457 0.186164
1780045917.820339 14.712461 5.216815 15.124974 0.424248 -0.787492 -0.403803 0.191866
1780045917.920247 14.687780 5.208588 15.096486 0.427672 -0.781593 -0.409343 0.196589
1780045918.020340 14.666671 5.198721 15.072226 0.430907 -0.776736 -0.412152 0.202809
1780045918.120407 14.646034 5.189771 15.050409 0.433440 -0.771795 -0.415909 0.208521
1780045918.220277 14.626121 5.180453 15.028980 0.436183 -0.767093 -0.419578 0.212760
1780045918.320352 14.600902 5.169499 15.006656 0.439522 -0.762514 -0.421744 0.218002
1780045918.420327 14.578840 5.157934 14.985050 0.442411 -0.757460 -0.425106 0.223187
1780045918.519534 14.556884 5.147451 14.966556 0.446258 -0.752791 -0.427130 0.227420
1780045918.620374 14.537054 5.138300 14.944454 0.448433 -0.748075 -0.430759 0.231813
1780045918.720711 14.516876 5.124452 14.919498 0.451238 -0.744055 -0.432062 0.236830
1780045918.820316 14.496462 5.111216 14.892479 0.453467 -0.739188 -0.435157 0.242090
1780045918.920298 14.477507 5.101653 14.867007 0.454206 -0.735977 -0.437640 0.245980
1780045919.020279 14.452906 5.089788 14.842493 0.457738 -0.732667 -0.437265 0.249948
1780045919.120385 14.426637 5.077226 14.816779 0.458057 -0.728568 -0.441665 0.253583
1780045919.220429 14.401296 5.066262 14.794706 0.461978 -0.725128 -0.441434 0.256712
1780045919.320312 14.376165 5.053424 14.770514 0.463601 -0.722108 -0.442579 0.260302
1780045919.420398 14.350988 5.039279 14.743201 0.463703 -0.718772 -0.446546 0.262569
1780045919.520290 14.324506 5.024663 14.715921 0.465556 -0.715523 -0.448020 0.265636
1780045919.620464 14.294025 5.010574 14.686209 0.466576 -0.712904 -0.449476 0.268413
1780045919.720716 14.263989 4.993708 14.657356 0.468552 -0.709494 -0.450957 0.271506
1780045919.820397 14.235552 4.975200 14.627640 0.469350 -0.706402 -0.452733 0.275207
1780045919.920480 14.209288 4.960916 14.599635 0.469364 -0.704458 -0.455088 0.276280
1780045920.020419 14.181554 4.945460 14.572344 0.470425 -0.702605 -0.455286 0.278856
1780045920.120455 14.152263 4.929123 14.544547 0.470966 -0.700887 -0.456205 0.280759
1780045920.220365 14.120142 4.911258 14.507741 0.470709 -0.699338 -0.457373 0.283141
1780045920.320343 14.092504 4.894047 14.475058 0.470872 -0.697556 -0.458708 0.285101
1780045920.420345 14.061666 4.877123 14.442943 0.471725 -0.696147 -0.457965 0.288311
1780045920.520322 14.029662 4.860428 14.410308 0.472646 -0.695408 -0.457914 0.288666
1780045920.620406 13.996993 4.844570 14.377872 0.472649 -0.695567 -0.457567 0.288829
1780045920.720653 13.964635 4.827614 14.345092 0.472986 -0.695142 -0.458386 0.288001
1780045920.820399 13.934034 4.810621 14.313649 0.472910 -0.695275 -0.458152 0.288177
1780045920.920364 13.902357 4.793552 14.280542 0.473495 -0.694657 -0.458779 0.287709
1780045921.020295 13.870017 4.776156 14.244925 0.473413 -0.694959 -0.458178 0.288073
1780045921.120440 13.836642 4.760401 14.213879 0.473210 -0.694413 -0.459841 0.287071
1780045921.220398 13.807339 4.743433 14.182193 0.473564 -0.694554 -0.458981 0.287521
1780045921.320293 13.776809 4.726313 14.152335 0.474310 -0.694293 -0.458903 0.287045
1780045921.420323 13.743077 4.708556 14.117781 0.474354 -0.694480 -0.458717 0.286818
1780045921.520343 13.710910 4.691292 14.086641 0.474900 -0.694186 -0.458469 0.287023
1780045921.620369 13.679172 4.675189 14.056970 0.475380 -0.694153 -0.458485 0.286280
1780045921.720760 13.649000 4.659155 14.019041 0.473154 -0.694552 -0.459714 0.287029
1780045921.820344 13.615992 4.642208 13.985901 0.474818 -0.694252 -0.458615 0.286765
1780045921.920342 13.585775 4.625776 13.953068 0.474652 -0.694325 -0.458799 0.286570
1780045922.020313 13.552152 4.610670 13.919565 0.473885 -0.694468 -0.459010 0.287154
1780045922.120452 13.519906 4.595145 13.886269 0.473534 -0.694131 -0.460143 0.286733
1780045922.220338 13.489447 4.577934 13.855206 0.473641 -0.694061 -0.460049 0.286879
1780045922.320361 13.458530 4.562025 13.823375 0.472462 -0.694514 -0.460355 0.287234
1780045922.420444 13.426812 4.544209 13.791628 0.472540 -0.694068 -0.461195 0.286835
1780045922.520385 13.393835 4.529489 13.760730 0.472666 -0.694116 -0.460727 0.287263
1780045922.620450 13.362856 4.512176 13.730038 0.471621 -0.694242 -0.461866 0.286849
1780045922.720728 13.331912 4.496513 13.698477 0.471120 -0.694083 -0.462771 0.286597
1780045922.820376 13.297390 4.481530 13.662639 0.470588 -0.694023 -0.463797 0.285956
1780045922.920452 13.263681 4.467554 13.633955 0.470607 -0.694016 -0.463477 0.286462
1780045923.020329 13.230166 4.451849 13.603576 0.470985 -0.693819 -0.463724 0.285917
1780045923.120493 13.197977 4.436300 13.568305 0.469475 -0.694126 -0.463962 0.287265
1780045923.220383 13.165125 4.420741 13.533254 0.469210 -0.694696 -0.464067 0.286150
1780045923.320677 13.129872 4.409953 13.498985 0.468640 -0.698630 -0.461498 0.281625
1780045923.420494 13.092066 4.402047 13.462563 0.467092 -0.703662 -0.458280 0.276883
1780045923.520409 13.056622 4.394647 13.429153 0.466298 -0.707957 -0.454423 0.273611
1780045923.620382 13.024788 4.383182 13.399277 0.466969 -0.709543 -0.452527 0.271492
1780045923.721154 12.993200 4.369602 13.363421 0.465988 -0.711707 -0.451358 0.269450
1780045923.820356 12.959664 4.356095 13.328285 0.466268 -0.713808 -0.449202 0.267001
1780045923.920362 12.926324 4.344782 13.293242 0.466257 -0.715790 -0.447699 0.264225
1780045924.020392 12.890530 4.334329 13.256185 0.465744 -0.718396 -0.445792 0.261266
1780045924.120445 12.854930 4.323787 13.218928 0.464833 -0.721232 -0.444152 0.257845
1780045924.220476 12.821264 4.315017 13.183501 0.464133 -0.723736 -0.442655 0.254642
1780045924.320970 12.789337 4.307061 13.149806 0.462211 -0.726701 -0.441506 0.251673
1780045924.420476 12.754689 4.295456 13.113929 0.461935 -0.729368 -0.439130 0.248603
1780045924.520382 12.719222 4.286107 13.081479 0.461058 -0.731869 -0.437599 0.245562
1780045924.620359 12.683535 4.278957 13.045523 0.459235 -0.735020 -0.435876 0.242614
1780045924.720222 12.650323 4.272179 13.012962 0.456869 -0.737655 -0.434837 0.240941
1780045924.820495 12.617912 4.263813 12.980032 0.458221 -0.737610 -0.433898 0.240203
1780045924.920508 12.584989 4.254396 12.942529 0.457777 -0.737617 -0.434174 0.240529
1780045925.020403 12.551407 4.244373 12.905521 0.458146 -0.737580 -0.433830 0.240559
1780045925.120434 12.518713 4.234180 12.871614 0.458199 -0.737670 -0.433242 0.241243
1780045925.220556 12.486076 4.222691 12.836406 0.458147 -0.737343 -0.433885 0.241183
1780045925.320505 12.454745 4.213946 12.802178 0.457851 -0.737771 -0.433513 0.241108
1780045925.420541 12.422479 4.202493 12.767531 0.458214 -0.737614 -0.433660 0.240633
1780045925.520483 12.388935 4.192117 12.733886 0.458008 -0.737438 -0.434405 0.240219
1780045925.620516 12.354208 4.183724 12.700496 0.456666 -0.737724 -0.435322 0.240241
1780045925.720905 12.321401 4.171028 12.667691 0.457282 -0.737471 -0.435245 0.239983
1780045925.820494 12.287918 4.158803 12.636200 0.456746 -0.737390 -0.436137 0.239632
1780045925.919683 12.256175 4.150078 12.603387 0.456410 -0.737316 -0.436710 0.239455
1780045926.019686 12.223609 4.139816 12.569815 0.456338 -0.737131 -0.437004 0.239627
1780045926.119847 12.188495 4.128010 12.534184 0.456547 -0.737200 -0.437057 0.238920
1780045926.220424 12.154496 4.119127 12.498490 0.455996 -0.737509 -0.436710 0.239652
1780045926.319544 12.123647 4.108361 12.463281 0.455860 -0.737070 -0.437852 0.239174
1780045926.419660 12.089442 4.098545 12.424957 0.455296 -0.738396 -0.436838 0.238009
1780045926.520418 12.053571 4.094727 12.387627 0.454175 -0.741577 -0.434430 0.234647
1780045926.620436 12.018533 4.088467 12.353747 0.453560 -0.744473 -0.431642 0.231794
1780045926.720917 11.985888 4.084058 12.320298 0.452438 -0.746996 -0.430175 0.228574
1780045926.820474 11.951497 4.080645 12.286556 0.451935 -0.748301 -0.429114 0.227294
1780045926.920473 11.918398 4.070133 12.250625 0.451990 -0.748336 -0.429193 0.226920
1780045927.021112 11.883014 4.063186 12.214512 0.451112 -0.750207 -0.427683 0.225335
1780045927.120441 11.846702 4.056001 12.180147 0.449486 -0.752404 -0.427311 0.221938
1780045927.220466 11.813315 4.053987 12.145546 0.446895 -0.755993 -0.426142 0.217168
1780045927.320576 11.780550 4.053847 12.109836 0.443901 -0.760104 -0.424173 0.212770
1780045927.420521 11.746178 4.051570 12.074787 0.441160 -0.763961 -0.422300 0.208338
1780045927.520488 11.712908 4.046877 12.041261 0.440006 -0.765733 -0.421102 0.206691
1780045927.620418 11.678721 4.041086 12.009021 0.440191 -0.765755 -0.421124 0.206170
1780045927.720661 11.645284 4.036876 11.975349 0.439216 -0.766002 -0.421835 0.205877
1780045927.820476 11.613411 4.030315 11.944461 0.438919 -0.766385 -0.420994 0.206805
1780045927.920573 11.579036 4.026573 11.909425 0.437402 -0.766121 -0.423029 0.206845
1780045928.020436 11.543620 4.022026 11.872563 0.437560 -0.766332 -0.422386 0.207043
1780045928.120401 11.509074 4.016286 11.839367 0.437648 -0.766673 -0.421195 0.208018
1780045928.220524 11.473560 4.012501 11.802212 0.437223 -0.766496 -0.422184 0.207559
1780045928.320550 11.439420 4.006490 11.766586 0.436792 -0.766702 -0.422089 0.207898
1780045928.420563 11.406094 4.000975 11.732226 0.436289 -0.767064 -0.421774 0.208259
1780045928.520541 11.374054 3.996567 11.697040 0.435806 -0.766965 -0.422458 0.208246
1780045928.620504 11.340296 3.987155 11.661808 0.435492 -0.767076 -0.422956 0.207483
1780045928.720923 11.306356 3.981324 11.628961 0.435386 -0.767363 -0.422540 0.207490
1780045928.820554 11.272349 3.978186 11.596286 0.434993 -0.767264 -0.423116 0.207510
1780045928.920450 11.236324 3.969273 11.562144 0.435280 -0.766937 -0.423314 0.207711
1780045929.020566 11.204461 3.962973 11.530328 0.435472 -0.766832 -0.423131 0.208070
1780045929.120527 11.170916 3.959739 11.495342 0.435798 -0.766888 -0.422785 0.207883
1780045929.220510 11.137091 3.954319 11.462119 0.436264 -0.766707 -0.422968 0.207202
1780045929.320424 11.103488 3.946796 11.427436 0.436276 -0.766944 -0.421936 0.208401
1780045929.420566 11.068169 3.943265 11.389560 0.436222 -0.766954 -0.421979 0.208389
1780045929.520446 11.035211 3.937098 11.354084 0.435890 -0.766867 -0.422287 0.208779
1780045929.620531 11.000810 3.930777 11.319593 0.436430 -0.766885 -0.421725 0.208723
1780045929.720947 10.963899 3.929224 11.282009 0.435888 -0.768243 -0.420486 0.207356
1780045929.820447 10.929693 3.926040 11.246397 0.433213 -0.770772 -0.419795 0.204962
1780045929.920485 10.894399 3.923839 11.214254 0.432918 -0.772721 -0.417602 0.202714
1780045930.020715 10.862625 3.919055 11.176930 0.433095 -0.772685 -0.417458 0.202770
1780045930.120571 10.830244 3.915352 11.142195 0.432106 -0.772727 -0.418999 0.201537
1780045930.220565 10.794254 3.912433 11.106689 0.430996 -0.773701 -0.418796 0.200596
1780045930.320608 10.760895 3.908944 11.075104 0.431481 -0.774885 -0.416573 0.199610
1780045930.420643 10.727248 3.904117 11.039095 0.430850 -0.774832 -0.417841 0.198525
1780045930.520481 10.692099 3.900163 11.004577 0.431546 -0.774992 -0.416912 0.198344
1780045930.620506 10.658345 3.893109 10.970479 0.432609 -0.775121 -0.415654 0.198164
1780045930.720829 10.624176 3.891864 10.934486 0.431892 -0.774924 -0.417024 0.197620
1780045930.820581 10.589012 3.885991 10.896235 0.432585 -0.775251 -0.415562 0.197899
1780045930.920635 10.553876 3.880590 10.859202 0.432562 -0.775638 -0.414665 0.198316
1780045931.020479 10.519226 3.877452 10.823049 0.433242 -0.775361 -0.414281 0.198715
1780045931.120469 10.482670 3.873341 10.787526 0.434170 -0.775520 -0.412714 0.199329
1780045931.220635 10.451732 3.870498 10.752670 0.434282 -0.775652 -0.412036 0.199970
1780045931.320487 10.419725 3.868920 10.717931 0.434997 -0.775826 -0.410820 0.200247
1780045931.420559 10.385735 3.865168 10.680094 0.434527 -0.775916 -0.411030 0.200487
1780045931.520621 10.352550 3.861656 10.646062 0.435116 -0.776313 -0.409295 0.201221
1780045931.620537 10.316676 3.858123 10.612126 0.434465 -0.776887 -0.408953 0.201108
1780045931.720950 10.280748 3.855017 10.576117 0.432863 -0.778628 -0.408265 0.199217
1780045931.820466 10.242571 3.856977 10.539480 0.430025 -0.781071 -0.407979 0.196366
1780045931.920485 10.209585 3.856685 10.505432 0.429645 -0.782911 -0.405397 0.195214
1780045932.020519 10.178165 3.856463 10.470101 0.428699 -0.782430 -0.407076 0.195729
1780045932.120629 10.145615 3.851689 10.437156 0.428552 -0.782543 -0.406880 0.196005
1780045932.220513 10.113470 3.847692 10.403013 0.428390 -0.782391 -0.407254 0.196190
1780045932.320634 10.079503 3.845451 10.369899 0.428277 -0.782528 -0.406963 0.196493
1780045932.420483 10.046898 3.843462 10.336477 0.427577 -0.782470 -0.407538 0.197055
1780045932.520486 10.010290 3.841489 10.299076 0.427379 -0.782385 -0.407571 0.197754
1780045932.620653 9.974755 3.839229 10.263525 0.427537 -0.782610 -0.406562 0.198598
1780045932.720491 9.941040 3.835446 10.229630 0.426637 -0.782145 -0.408460 0.198470
1780045932.820476 9.908102 3.832905 10.196718 0.426033 -0.782218 -0.408894 0.198587
1780045932.920588 9.874705 3.830908 10.162962 0.425569 -0.782503 -0.408531 0.199206
1780045933.020620 9.843972 3.824995 10.130945 0.425059 -0.782434 -0.409266 0.199056
1780045933.120612 9.808712 3.820227 10.097385 0.424155 -0.782381 -0.410392 0.198874
1780045933.220627 9.775135 3.816331 10.062012 0.423134 -0.782519 -0.411835 0.197519
1780045933.320588 9.740619 3.811579 10.029121 0.422913 -0.782239 -0.413100 0.196460
1780045933.420471 9.705944 3.807685 9.993624 0.422252 -0.782003 -0.414558 0.195745
1780045933.520559 9.670319 3.803087 9.958624 0.422691 -0.781741 -0.414791 0.195353
1780045933.620519 9.635480 3.800760 9.924902 0.423326 -0.781526 -0.414718 0.194989
1780045933.720606 9.599872 3.797931 9.888284 0.423198 -0.781401 -0.415040 0.195082
1780045933.820500 9.565703 3.792249 9.853060 0.424313 -0.781625 -0.413346 0.195359
1780045933.920529 9.532141 3.790893 9.818425 0.426309 -0.781567 -0.411658 0.194810
1780045934.020548 9.496438 3.788862 9.779413 0.426083 -0.781406 -0.412422 0.194336
1780045934.120555 9.459133 3.783940 9.742820 0.427716 -0.781446 -0.410578 0.194491
1780045934.220614 9.424769 3.778148 9.706487 0.429499 -0.781252 -0.409007 0.194652
1780045934.320535 9.391741 3.775255 9.670757 0.430412 -0.780917 -0.408924 0.194154
1780045934.419476 9.356598 3.773811 9.631857 0.430200 -0.781315 -0.408409 0.194104
1780045934.520617 9.323347 3.772500 9.596675 0.430957 -0.781061 -0.407881 0.194559
1780045934.619450 9.290156 3.766059 9.562853 0.431654 -0.781176 -0.407001 0.194394
1780045934.719514 9.257213 3.762340 9.532219 0.431816 -0.781382 -0.406841 0.193543
1780045934.819596 9.223045 3.759529 9.498970 0.430707 -0.781482 -0.407969 0.193231
1780045934.920609 9.190405 3.754597 9.463965 0.430603 -0.781607 -0.407757 0.193409
1780045935.020533 9.156278 3.752039 9.429578 0.431242 -0.781137 -0.408502 0.192307
1780045935.120568 9.122438 3.750131 9.394140 0.431037 -0.781138 -0.408372 0.193034
1780045935.220636 9.088194 3.746893 9.358786 0.431469 -0.781246 -0.408025 0.192367
1780045935.320612 9.052959 3.744128 9.322750 0.431155 -0.781121 -0.408647 0.192259
1780045935.420537 9.018977 3.740714 9.285706 0.431365 -0.781578 -0.407424 0.192524
1780045935.520667 8.986058 3.734627 9.249748 0.431754 -0.781698 -0.406585 0.192939
1780045935.620678 8.953338 3.730614 9.215334 0.432073 -0.781319 -0.406915 0.193063
1780045935.720376 8.917437 3.726280 9.177578 0.433242 -0.781386 -0.405487 0.193179
1780045935.820669 8.884383 3.723151 9.142497 0.433666 -0.781314 -0.404985 0.193573
1780045935.920642 8.851064 3.717519 9.105940 0.433545 -0.781357 -0.404956 0.193728
1780045936.020694 8.816782 3.714621 9.072443 0.434291 -0.781173 -0.404400 0.193958
1780045936.120505 8.784321 3.712059 9.038898 0.434093 -0.781609 -0.403447 0.194632
1780045936.220668 8.751434 3.709035 9.005441 0.433382 -0.781739 -0.404365 0.193785
1780045936.320639 8.719014 3.705155 8.973799 0.433292 -0.781795 -0.404513 0.193453
1780045936.420652 8.684946 3.700351 8.938661 0.432649 -0.781672 -0.405161 0.194035
1780045936.520680 8.652123 3.700683 8.902725 0.431837 -0.781458 -0.406940 0.192976
1780045936.620529 8.618974 3.697407 8.868961 0.431533 -0.781866 -0.405944 0.194099
1780045936.720531 8.584047 3.694261 8.831109 0.430373 -0.781659 -0.407981 0.193236
1780045936.820643 8.548919 3.689764 8.796577 0.429241 -0.782309 -0.407962 0.193162
1780045936.920694 8.511227 3.687667 8.758418 0.427980 -0.784587 -0.406271 0.190265
1780045937.020580 8.477263 3.686986 8.722817 0.426771 -0.785209 -0.406399 0.190142
1780045937.120617 8.444194 3.684638 8.687295 0.426610 -0.785271 -0.406396 0.190253
1780045937.220561 8.411827 3.682518 8.654233 0.426275 -0.785329 -0.406574 0.190384
1780045937.320731 8.376034 3.678712 8.618830 0.426265 -0.785141 -0.406929 0.190424
1780045937.420665 8.344140 3.673119 8.586620 0.426494 -0.785244 -0.406055 0.191346
1780045937.520617 8.312084 3.671039 8.553151 0.426438 -0.785575 -0.404947 0.192460
1780045937.620611 8.278750 3.670388 8.521177 0.426082 -0.785626 -0.405497 0.191881
1780045937.719401 8.242616 3.668197 8.484168 0.425415 -0.785629 -0.406286 0.191678
1780045937.820603 8.210946 3.667978 8.452388 0.424114 -0.786780 -0.406099 0.190234
1780045937.920550 8.178835 3.667845 8.420557 0.423239 -0.788069 -0.405560 0.187982
1780045938.020647 8.144882 3.666928 8.386445 0.422476 -0.787900 -0.406694 0.187958
1780045938.120711 8.110297 3.667075 8.351159 0.421135 -0.788030 -0.407730 0.188176
1780045938.220553 8.076044 3.662178 8.316876 0.421827 -0.787962 -0.407157 0.188152
1780045938.320563 8.042050 3.656374 8.280152 0.421593 -0.788078 -0.407102 0.188309
1780045938.420681 8.007460 3.653475 8.246050 0.420458 -0.788438 -0.407547 0.188377
1780045938.520565 7.974906 3.648022 8.209849 0.419783 -0.788099 -0.409258 0.187592
1780045938.620691 7.940749 3.646615 8.172912 0.419233 -0.788327 -0.409070 0.188269
1780045938.720561 7.905332 3.646592 8.139835 0.418988 -0.788511 -0.408659 0.188937
1780045938.820613 7.872366 3.645951 8.104684 0.419247 -0.788324 -0.408881 0.188662
1780045938.920602 7.836460 3.646292 8.068449 0.419510 -0.788123 -0.408734 0.189237
1780045939.020624 7.802155 3.643102 8.034813 0.418825 -0.788287 -0.408975 0.189546
1780045939.120635 7.767970 3.643760 8.003917 0.418787 -0.788793 -0.408478 0.188597
1780045939.220598 7.733734 3.642991 7.968462 0.418075 -0.789702 -0.407571 0.188333
1780045939.320556 7.700148 3.641453 7.934036 0.417769 -0.789964 -0.407709 0.187617
1780045939.420685 7.664118 3.637874 7.899840 0.416929 -0.790317 -0.407849 0.187690
1780045939.520558 7.629526 3.636458 7.861958 0.415094 -0.791657 -0.407558 0.186741
1780045939.620654 7.595607 3.636955 7.826017 0.414106 -0.793000 -0.406632 0.185249
1780045939.720719 7.560653 3.635994 7.793667 0.414090 -0.793362 -0.406286 0.184494
1780045939.820635 7.527585 3.633231 7.757518 0.413784 -0.793317 -0.407000 0.183798
1780045939.920759 7.492433 3.633621 7.720527 0.414639 -0.793506 -0.405647 0.184045
1780045940.020680 7.457909 3.636141 7.685469 0.415644 -0.793354 -0.405013 0.183830
1780045940.120749 7.421838 3.634441 7.649046 0.414965 -0.793602 -0.404798 0.184765
1780045940.220721 7.388233 3.631750 7.611268 0.414525 -0.793723 -0.404348 0.186216
1780045940.320620 7.353012 3.631587 7.576919 0.416213 -0.793465 -0.403501 0.185384
1780045940.420615 7.318236 3.630381 7.544589 0.416793 -0.793349 -0.402728 0.186255
1780045940.520682 7.281784 3.630696 7.511113 0.417584 -0.793375 -0.402074 0.185786
1780045940.620640 7.249337 3.631562 7.481536 0.417931 -0.793511 -0.401034 0.186668
1780045940.720696 7.216650 3.631961 7.446326 0.417842 -0.793713 -0.400815 0.186482
1780045940.820651 7.182186 3.630563 7.412486 0.418106 -0.793586 -0.401286 0.185415
1780045940.920743 7.148131 3.626365 7.373095 0.417519 -0.794024 -0.400567 0.186415
1780045941.020693 7.116132 3.625072 7.338760 0.417494 -0.793856 -0.401210 0.185802
1780045941.120691 7.081078 3.622051 7.300936 0.418795 -0.793840 -0.399762 0.186062
1780045941.221130 7.047416 3.621589 7.262163 0.419453 -0.793643 -0.399633 0.185698
1780045941.320751 7.013287 3.621018 7.224260 0.419374 -0.793575 -0.400004 0.185366
1780045941.420657 6.975857 3.620953 7.187174 0.419870 -0.793528 -0.399920 0.184625
1780045941.520717 6.940113 3.619789 7.149543 0.420654 -0.793522 -0.398967 0.184927
1780045941.620784 6.903778 3.617081 7.116179 0.421509 -0.793418 -0.398058 0.185388
1780045941.720728 6.869484 3.617539 7.082551 0.421604 -0.793526 -0.397777 0.185311
1780045941.820800 6.835532 3.616742 7.046486 0.422105 -0.793851 -0.396123 0.186318
1780045941.920799 6.803185 3.614922 7.011220 0.423041 -0.793625 -0.395478 0.186529
1780045942.020745 6.771488 3.612708 6.977564 0.423689 -0.793729 -0.394525 0.186633
1780045942.120612 6.736698 3.611892 6.943169 0.424540 -0.793770 -0.393605 0.186466
1780045942.220723 6.700907 3.611966 6.906140 0.424341 -0.793712 -0.393717 0.186932
1780045942.320607 6.669264 3.609166 6.870533 0.424302 -0.793794 -0.393703 0.186702
1780045942.420633 6.635562 3.605320 6.832549 0.424093 -0.794173 -0.393171 0.186686
1780045942.520784 6.599144 3.603764 6.791963 0.423883 -0.793603 -0.395238 0.185214
1780045942.620710 6.565810 3.601501 6.755334 0.423991 -0.793784 -0.394438 0.185895
1780045942.720637 6.533069 3.600263 6.720999 0.424211 -0.793345 -0.395440 0.185138
1780045942.820771 6.498855 3.600027 6.686766 0.424203 -0.793061 -0.396082 0.184999
1780045942.920673 6.467396 3.596323 6.654444 0.424306 -0.793056 -0.395833 0.185316
1780045943.019501 6.434133 3.595292 6.621274 0.424044 -0.793026 -0.396800 0.183974
1780045943.120756 6.399666 3.594548 6.586287 0.424036 -0.792824 -0.397313 0.183755
1780045943.219884 6.363975 3.593958 6.552937 0.424052 -0.792961 -0.397102 0.183580
1780045943.320656 6.331477 3.594088 6.520573 0.423631 -0.793020 -0.397002 0.184515
1780045943.420641 6.296657 3.592525 6.487390 0.423387 -0.793079 -0.397427 0.183908
1780045943.519577 6.261983 3.592259 6.451311 0.421841 -0.795113 -0.395890 0.181980
1780045943.620789 6.231820 3.596602 6.416240 -0.401583 -0.806139 0.377258 0.215747
1780045943.719664 6.200493 3.598400 6.384024 -0.404104 -0.803457 0.379045 0.217903
1780045943.820689 6.167536 3.602412 6.350432 -0.404052 -0.803402 0.378802 0.218626
1780045943.919633 6.132675 3.601760 6.311874 -0.403534 -0.802976 0.379768 0.219471
1780045944.020776 6.096144 3.603063 6.276210 -0.402579 -0.802863 0.380855 0.219751
1780045944.120658 6.063783 3.601451 6.240823 -0.403134 -0.802869 0.380358 0.219572
1780045944.220786 6.028451 3.599780 6.205553 -0.403475 -0.802942 0.379972 0.219346
1780045944.320671 5.994532 3.597695 6.171026 -0.403029 -0.803179 0.379851 0.219511
1780045944.420775 5.960727 3.597016 6.138032 -0.402704 -0.803193 0.380050 0.219710
1780045944.520766 5.925035 3.598422 6.100734 -0.401236 -0.803195 0.381286 0.220247
1780045944.620780 5.891655 3.599969 6.068182 -0.401203 -0.803387 0.381041 0.220029
1780045944.720650 5.857929 3.600119 6.034049 -0.400049 -0.805044 0.380838 0.216397
1780045944.820776 5.823191 3.597705 5.997347 -0.400207 -0.805360 0.379846 0.216672
1780045944.920792 5.790251 3.600253 5.964300 -0.399169 -0.805645 0.380301 0.216732
1780045945.020763 5.758118 3.601196 5.932467 -0.400157 -0.805655 0.379684 0.215953
1780045945.120673 5.724639 3.602171 5.898950 -0.399808 -0.805886 0.379377 0.216276
1780045945.220801 5.691797 3.602717 5.867951 -0.399719 -0.805974 0.379601 0.215718
1780045945.320708 5.656372 3.603780 5.830007 -0.399783 -0.805682 0.380506 0.215095
1780045945.420762 5.620531 3.599261 5.791798 -0.399866 -0.805622 0.380006 0.216047
1780045945.521313 5.588906 3.598853 5.758960 -0.399559 -0.805494 0.380432 0.216341
1780045945.620721 5.553392 3.597601 5.722626 -0.398666 -0.805672 0.380870 0.216556
1780045945.720755 5.519638 3.596681 5.686618 -0.398513 -0.805703 0.381009 0.216477
1780045945.820677 5.486223 3.596478 5.651621 -0.397643 -0.806055 0.380869 0.217013
1780045945.920751 5.452559 3.596739 5.618315 -0.398784 -0.805825 0.380350 0.216684
1780045946.020811 5.418978 3.596068 5.583670 -0.398570 -0.805879 0.380430 0.216734
1780045946.119491 5.383137 3.595998 5.547067 -0.398138 -0.805603 0.381743 0.216248
1780045946.220830 5.349185 3.595383 5.512307 -0.398361 -0.805866 0.381268 0.215693
1780045946.320805 5.311783 3.598624 5.479082 -0.398033 -0.805872 0.381267 0.216277
1780045946.420769 5.277917 3.598674 5.445252 -0.398989 -0.805626 0.381401 0.215193
1780045946.520675 5.246521 3.598075 5.411684 -0.399370 -0.805687 0.381447 0.214173
1780045946.620870 5.214005 3.598422 5.380016 -0.397689 -0.805797 0.382363 0.215251
1780045946.720840 5.181372 3.598546 5.346731 -0.399401 -0.805658 0.381764 0.213658
1780045946.820810 5.145646 3.598983 5.307499 -0.398741 -0.805661 0.382609 0.213371
1780045946.921288 5.110574 3.599334 5.271124 -0.398348 -0.805452 0.383486 0.213317
1780045947.020706 5.075979 3.600669 5.236371 -0.398735 -0.805448 0.382823 0.213799
1780045947.120858 5.042746 3.599350 5.199769 -0.397985 -0.805269 0.384433 0.212984
1780045947.220721 5.005224 3.599540 5.164159 -0.397813 -0.805379 0.384507 0.212751
1780045947.320893 4.971719 3.600575 5.132884 -0.397236 -0.805682 0.384004 0.213591
1780045947.420736 4.938617 3.599158 5.099823 -0.397447 -0.805757 0.384136 0.212677
1780045947.520699 4.901709 3.597852 5.065393 -0.398148 -0.805786 0.382878 0.213520
1780045947.620687 4.868656 3.598278 5.033079 -0.397774 -0.805775 0.383640 0.212890
1780045947.720742 4.835573 3.597069 4.997280 -0.398620 -0.805771 0.383021 0.212438
1780045947.820698 4.799465 3.600103 4.960768 -0.397939 -0.805787 0.383749 0.212342
1780045947.919533 4.765608 3.602508 4.926524 -0.397890 -0.805951 0.383484 0.212289
1780045948.020701 4.733634 3.602244 4.893067 -0.399984 -0.805727 0.382471 0.211029
1780045948.120708 4.699183 3.602013 4.857950 0.413478 -0.799221 -0.395582 0.183839
1780045948.220805 4.663994 3.601956 4.822416 0.413207 -0.799048 -0.396536 0.183144
1780045948.320829 4.631611 3.600815 4.786560 0.412950 -0.799144 -0.396269 0.183879
1780045948.420882 4.597985 3.600716 4.752661 0.413431 -0.799163 -0.395765 0.183803
1780045948.520791 4.563214 3.599975 4.716344 -0.399312 -0.806022 0.382348 0.211396
1780045948.620823 4.532404 3.598540 4.683075 -0.399414 -0.805768 0.382912 0.211148
1780045948.720692 4.496739 3.595489 4.648236 -0.398641 -0.805938 0.383106 0.211611
1780045948.820841 4.461742 3.594302 4.612202 -0.398021 -0.806013 0.383464 0.211845
1780045948.920774 4.425061 3.594162 4.573818 -0.397527 -0.806154 0.383610 0.211969
1780045949.019640 4.390146 3.592438 4.540505 0.412401 -0.798977 -0.397712 0.182720
1780045949.120739 4.358462 3.594034 4.507534 0.412488 -0.798900 -0.397898 0.182454
1780045949.220881 4.323828 3.595514 4.472218 -0.397446 -0.806216 0.383458 0.212160
1780045949.320794 4.289300 3.596426 4.438012 0.411400 -0.798660 -0.399957 0.181456
1780045949.419485 4.256229 3.596419 4.404746 0.412332 -0.798379 -0.399848 0.180819
1780045949.520831 4.220804 3.598664 4.371831 0.412781 -0.798317 -0.399067 0.181790
1780045949.620771 4.185488 3.596381 4.337900 0.412222 -0.798556 -0.398882 0.182414
1780045949.720719 4.151145 3.596133 4.301463 -0.397872 -0.805616 0.383681 0.213236
1780045949.820714 4.118415 3.597025 4.268475 -0.399669 -0.804529 0.384375 0.212727
1780045949.920819 4.086701 3.599711 4.233873 -0.398279 -0.804318 0.386163 0.212894
1780045950.020827 4.049142 3.601597 4.197999 -0.398134 -0.803879 0.386324 0.214525
1780045950.120748 4.015507 3.601929 4.164883 -0.399293 -0.800806 0.389426 0.218224
1780045950.219665 3.979738 3.606891 4.129976 -0.402625 -0.796461 0.392341 0.222735
1780045950.319402 3.946012 3.611765 4.095749 -0.403131 -0.794949 0.394487 0.223434
1780045950.420793 3.910608 3.613972 4.057694 -0.404690 -0.793754 0.393808 0.226046
1780045950.520771 3.875801 3.620513 4.021195 -0.405684 -0.793544 0.392693 0.226939
1780045950.620764 3.840917 3.622081 3.984784 -0.407269 -0.793539 0.390959 0.227112
1780045950.720838 3.807391 3.622765 3.949357 -0.409059 -0.793633 0.389157 0.226659
1780045950.820762 3.771377 3.625206 3.910849 -0.409330 -0.793575 0.388911 0.226796
1780045950.920733 3.733895 3.627517 3.870362 -0.410083 -0.793673 0.387840 0.226924
1780045951.020760 3.700337 3.631465 3.834461 -0.410145 -0.794019 0.386709 0.227531
1780045951.120788 3.667585 3.634938 3.801967 -0.412173 -0.794111 0.384721 0.226916
1780045951.220899 3.635871 3.637597 3.770019 -0.411355 -0.794103 0.385313 0.227423
1780045951.320759 3.601268 3.638561 3.739796 -0.411162 -0.794112 0.385488 0.227444
1780045951.420742 3.567073 3.638018 3.705124 -0.410681 -0.793990 0.386260 0.227431
1780045951.519915 3.534052 3.638527 3.672638 -0.411248 -0.793590 0.386527 0.227348
1780045951.620826 3.498824 3.640770 3.640215 -0.409104 -0.793697 0.387745 0.228764
1780045951.720035 3.466043 3.645211 3.608003 -0.407719 -0.793697 0.388780 0.229479
1780045951.820902 3.430722 3.649916 3.573451 -0.408219 -0.793629 0.388520 0.229267
1780045951.920789 3.394744 3.653223 3.536954 -0.405970 -0.793957 0.389788 0.229968
1780045952.020856 3.359186 3.651199 3.499626 -0.403949 -0.795894 0.388969 0.228211
1780045952.120848 3.328400 3.647310 3.463266 -0.402218 -0.798696 0.387115 0.224603
1780045952.220819 3.293461 3.648064 3.430233 -0.401450 -0.798964 0.386684 0.225767
1780045952.320032 3.258876 3.645770 3.396142 -0.401413 -0.799104 0.386383 0.225853
1780045952.420774 3.224345 3.648335 3.361469 -0.402212 -0.798828 0.387261 0.223895
1780045952.519504 3.191586 3.649460 3.328402 -0.402643 -0.799067 0.386743 0.223158
1780045952.620834 3.157846 3.650408 3.292985 -0.402903 -0.799091 0.387090 0.222002
1780045952.719763 3.124625 3.651844 3.254860 -0.403841 -0.798974 0.386757 0.221295
1780045952.819408 3.090581 3.654713 3.223303 -0.404466 -0.798983 0.386023 0.221404
1780045952.919758 3.055062 3.660276 3.189672 -0.403938 -0.799223 0.386174 0.221236
1780045953.019718 3.020978 3.662202 3.153640 -0.406540 -0.798540 0.386295 0.218712
1780045953.120098 2.986005 3.662065 3.118074 -0.405718 -0.798695 0.385900 0.220363
1780045953.220784 2.954856 3.664241 3.084149 -0.405580 -0.798680 0.385922 0.220635
1780045953.320076 2.922862 3.663819 3.046602 -0.405658 -0.798667 0.386414 0.219675
1780045953.420092 2.887092 3.664909 3.011826 -0.405901 -0.798920 0.385431 0.220032
1780045953.519467 2.852330 3.668646 2.978646 -0.404242 -0.799552 0.385464 0.220730
1780045953.620845 2.818731 3.667361 2.944789 -0.404329 -0.799404 0.385876 0.220389
1780045953.719474 2.784353 3.666515 2.910529 -0.402734 -0.799576 0.386897 0.220893
1780045953.820862 2.747674 3.667096 2.875867 -0.402878 -0.799389 0.386985 0.221155
1780045953.920951 2.712988 3.665095 2.841387 -0.402931 -0.799419 0.387891 0.219355
1780045954.020950 2.677706 3.666445 2.805296 -0.402101 -0.799399 0.388716 0.219489
1780045954.120778 2.646087 3.667362 2.771980 -0.404454 -0.799312 0.387209 0.218144
1780045954.220072 2.612138 3.669122 2.735565 -0.401980 -0.799542 0.389011 0.218665
1780045954.320779 2.581738 3.670613 2.702753 -0.402846 -0.799411 0.388803 0.217922
1780045954.419542 2.547375 3.674196 2.665349 -0.403433 -0.799462 0.388415 0.217340
1780045954.520963 2.511677 3.679077 2.629742 -0.403812 -0.799530 0.387794 0.217493
1780045954.620797 2.476874 3.679170 2.595891 -0.404465 -0.799433 0.386816 0.218376
1780045954.720813 2.444945 3.679700 2.561160 -0.403702 -0.799465 0.387248 0.218906
1780045954.820911 2.410171 3.681652 2.525599 -0.403111 -0.799575 0.387387 0.219346
1780045954.920823 2.373183 3.680588 2.491878 -0.403813 -0.799700 0.386342 0.219443
1780045955.019405 2.336574 3.675903 2.459062 -0.404148 -0.799913 0.385250 0.219970
1780045955.120092 2.300739 3.675270 2.423604 -0.403438 -0.799901 0.386258 0.219546
1780045955.220814 2.266892 3.674441 2.389376 -0.402881 -0.800241 0.385492 0.220674
1780045955.319671 2.233061 3.675183 2.352450 -0.402402 -0.800300 0.385860 0.220694
1780045955.420829 2.200575 3.675892 2.319509 -0.402192 -0.800663 0.385103 0.221078
1780045955.521184 2.166064 3.680553 2.282326 -0.402743 -0.800266 0.385964 0.220009
1780045955.620942 2.133254 3.680656 2.248343 -0.402947 -0.800604 0.384836 0.220381
1780045955.720826 2.097614 3.678449 2.212319 -0.403019 -0.800576 0.385304 0.219534
1780045955.819559 2.064829 3.681425 2.177969 -0.403418 -0.800608 0.385294 0.218699
1780045955.920921 2.028101 3.683368 2.142954 -0.403491 -0.800754 0.384507 0.219417
1780045956.020926 1.994843 3.687530 2.111299 -0.404341 -0.800908 0.382909 0.220079
1780045956.120983 1.959857 3.689235 2.075416 -0.404958 -0.800597 0.382749 0.220356
1780045956.220840 1.925882 3.686378 2.039741 -0.404746 -0.800543 0.382993 0.220519
1780045956.320846 1.893562 3.685811 2.004892 -0.403124 -0.800927 0.382845 0.222345
1780045956.420120 1.858848 3.684281 1.969425 -0.403398 -0.801079 0.382246 0.222329
1780045956.520984 1.826736 3.684317 1.934865 -0.402825 -0.801220 0.382280 0.222802
1780045956.620963 1.793452 3.685122 1.898447 -0.403917 -0.801311 0.381391 0.222019
1780045956.720897 1.758129 3.683091 1.860645 -0.403684 -0.801359 0.380883 0.223140
1780045956.820924 1.724773 3.684116 1.824264 -0.402596 -0.801401 0.381884 0.223245
1780045956.920887 1.692633 3.687271 1.792056 -0.402835 -0.801608 0.380829 0.223868
1780045957.019600 1.657835 3.688008 1.757893 -0.403396 -0.801353 0.381449 0.222716
1780045957.120937 1.621891 3.687711 1.722138 -0.403994 -0.801263 0.381178 0.222416
1780045957.220098 1.586698 3.690355 1.686185 -0.403931 -0.801398 0.381256 0.221913
1780045957.320892 1.553138 3.691977 1.652132 -0.404167 -0.801559 0.380331 0.222485
1780045957.420839 1.519840 3.693977 1.616487 -0.404493 -0.801320 0.381091 0.221453
1780045957.520923 1.486250 3.694571 1.580155 -0.404442 -0.801399 0.380748 0.221849
1780045957.619959 1.450745 3.696124 1.543144 -0.406234 -0.801031 0.380410 0.220481
1780045957.720877 1.414211 3.693677 1.510210 -0.406854 -0.800759 0.380085 0.220884
1780045957.820880 1.381239 3.693836 1.473629 -0.404981 -0.800887 0.380982 0.222313
1780045957.920859 1.344549 3.694004 1.436820 -0.403306 -0.801240 0.381579 0.223060
1780045958.020907 1.310542 3.695004 1.405079 -0.402555 -0.801522 0.381414 0.223685
1780045958.120869 1.278766 3.696334 1.371528 -0.402192 -0.801696 0.381823 0.223018
1780045958.220991 1.246775 3.698780 1.338940 -0.400784 -0.802075 0.382058 0.223783
1780045958.320914 1.216246 3.698662 1.309660 -0.400052 -0.802044 0.383031 0.223541
1780045958.420968 1.185009 3.699295 1.276851 -0.398915 -0.802083 0.384300 0.223254
1780045958.519601 1.152437 3.697670 1.242085 -0.397801 -0.802085 0.385892 0.222489
1780045958.620863 1.118431 3.698981 1.209462 -0.398016 -0.802096 0.385666 0.222457
1780045958.720889 1.084371 3.700828 1.177630 -0.398151 -0.802229 0.385366 0.222255
1780045958.819531 1.050806 3.700942 1.142299 -0.398740 -0.801997 0.385787 0.221305
1780045958.920846 1.019687 3.702019 1.110519 -0.398530 -0.802291 0.384995 0.221993
1780045959.020923 0.987722 3.703535 1.077874 -0.399461 -0.802107 0.384634 0.221612
1780045959.119607 0.952869 3.703277 1.045930 -0.399850 -0.802048 0.384535 0.221295
1780045959.221056 0.917947 3.703364 1.012756 -0.400405 -0.801837 0.384299 0.221468
1780045959.320931 0.883231 3.703751 0.979495 -0.400377 -0.801819 0.383830 0.222394
1780045959.419623 0.848664 3.703458 0.944089 -0.399892 -0.801667 0.384564 0.222547
1780045959.520991 0.814023 3.705751 0.909910 -0.399619 -0.801865 0.383900 0.223470
1780045959.620946 0.783674 3.707435 0.874894 -0.399086 -0.801844 0.385175 0.222299
1780045959.720910 0.748479 3.706020 0.840616 -0.398731 -0.801989 0.385413 0.222000
1780045959.821059 0.713179 3.705625 0.804400 -0.398734 -0.802004 0.385102 0.222480
1780045959.920934 0.677802 3.707226 0.765523 -0.398340 -0.802048 0.385483 0.222365
1780045960.020988 0.644017 3.706381 0.729633 -0.398767 -0.801897 0.385558 0.222015
1780045960.120990 0.610079 3.708077 0.695657 -0.399043 -0.801921 0.385545 0.221454
1780045960.220905 0.577048 3.708221 0.661327 -0.398598 -0.802020 0.386088 0.220953
1780045960.320903 0.542051 3.709169 0.627562 -0.400129 -0.801961 0.385058 0.220194
1780045960.419950 0.507934 3.710173 0.592617 -0.400391 -0.802212 0.384383 0.219982
1780045960.520170 0.475606 3.710289 0.560091 -0.400756 -0.802083 0.384697 0.219240
1780045960.620918 0.442117 3.713081 0.528988 -0.401363 -0.802243 0.383877 0.218981
1780045960.719746 0.408432 3.715001 0.496928 -0.401205 -0.802320 0.383865 0.219009
1780045960.819856 0.379969 3.712590 0.466547 -0.401406 -0.802210 0.383498 0.219684
1780045960.919785 0.353133 3.712244 0.437739 -0.401892 -0.802147 0.383161 0.219618
1780045961.021480 0.333107 3.710316 0.415486 -0.401084 -0.802066 0.384007 0.219908
1780045961.119778 0.315398 3.711075 0.396864 -0.400152 -0.802301 0.384182 0.220443
1780045961.219951 0.295423 3.709818 0.375088 -0.399932 -0.802502 0.384043 0.220354
1780045961.319831 0.280418 3.709748 0.359417 -0.399480 -0.802606 0.384167 0.220578
1780045961.419721 0.265413 3.710071 0.346467 -0.399702 -0.802467 0.384335 0.220391
1780045961.519463 0.252523 3.709927 0.331886 -0.399577 -0.802705 0.384092 0.220173
1780045961.619509 0.240706 3.707924 0.317314 -0.398826 -0.802867 0.384393 0.220417
1780045961.721043 0.230963 3.708346 0.307906 -0.399455 -0.802873 0.383491 0.220828
1780045961.820055 0.224358 3.707974 0.302477 -0.399166 -0.803130 0.383490 0.220418
1780045961.919591 0.220752 3.708058 0.301833 -0.399380 -0.803152 0.383058 0.220700
1780045962.019441 0.220999 3.709308 0.304274 -0.399082 -0.803168 0.383412 0.220565
1780045962.120956 0.221609 3.707223 0.304860 -0.398777 -0.803210 0.383724 0.220423
1780045962.220932 0.224167 3.708680 0.305492 -0.398567 -0.803285 0.383660 0.220641
1780045962.319598 0.223617 3.707278 0.304131 -0.398765 -0.803162 0.383738 0.220597
1780045962.421011 0.224403 3.707767 0.304973 -0.398998 -0.803252 0.383185 0.220810
1780045962.520078 0.224641 3.706999 0.306087 -0.399025 -0.803113 0.383693 0.220381
1780045962.620236 0.225498 3.708245 0.304432 -0.398163 -0.803299 0.384071 0.220607
1780045962.720996 0.223774 3.707925 0.304683 -0.398911 -0.803238 0.383275 0.220858
1780045962.820934 0.221172 3.707303 0.305627 -0.399167 -0.803101 0.383497 0.220511
1780045962.921093 0.223554 3.707384 0.305170 -0.398272 -0.803190 0.384295 0.220412
1780045963.021046 0.223222 3.706717 0.304940 -0.398923 -0.803098 0.383828 0.220385
1780045963.120937 0.222702 3.706068 0.304585 -0.399183 -0.803089 0.383484 0.220548
1780045963.220085 0.221974 3.705765 0.304266 -0.399243 -0.802960 0.383886 0.220207
1780045963.321004 0.222293 3.707720 0.303917 -0.398582 -0.803249 0.383619 0.220815
1780045963.420967 0.223740 3.709279 0.305891 -0.398740 -0.803225 0.383674 0.220523
1780045963.520240 0.226244 3.709237 0.306636 -0.398670 -0.803196 0.383796 0.220543
1780045963.619648 0.224922 3.708472 0.305936 -0.399252 -0.803077 0.383499 0.220439
1780045963.721013 0.224541 3.709047 0.306255 -0.398914 -0.803248 0.383273 0.220820
1780045963.819477 0.224392 3.708356 0.305082 -0.398604 -0.803233 0.383782 0.220553
