1780046179.779758 0.000000000 0.000000000 0.000000000 -0.000000000 -0.000000000 -0.000000000 1.000000000
1780046179.813082 0.000050881 0.000158647 -0.000218787 0.000020855 0.000012245 -0.000000950 1.000000000
1780046179.846408 0.000008820 0.000394657 0.000841686 0.000025747 0.000016771 0.000022879 1.000000000
1780046179.879733 0.000009952 0.000530314 0.001393409 0.000000411 0.000010697 0.000012542 1.000000000
1780046179.913057 0.000204667 0.000657673 0.000175867 0.000024449 0.000008769 -0.000004250 1.000000000
1780046179.946382 0.000212679 0.000341730 0.000331056 0.000026195 0.000007424 0.000011953 1.000000000
1780046179.979707 0.000070289 0.000490811 0.000082007 0.000026465 0.000006016 -0.000009108 1.000000000
1780046180.013031 0.000257652 0.000486728 0.000664205 0.000012330 0.000031662 0.000033210 1.000000000
1780046180.046355 -0.000092209 0.000416258 0.000261219 0.000014852 0.000018445 0.000002984 1.000000000
1780046180.079679 -0.000105311 0.000403514 0.000609399 0.000025269 0.000013708 -0.000000008 1.000000000
1780046180.113002 -0.000174841 0.000465530 0.000916387 0.000018924 0.000009424 -0.000008181 1.000000000
1780046180.146326 -0.000004516 0.000554708 0.000476223 0.000045128 0.000017542 0.000029634 1.000000000
1780046180.179649 0.000502149 0.000510258 0.000662161 0.000025775 0.000015161 0.000043596 1.000000000
1780046180.212973 0.000026068 0.000346945 -0.000141534 -0.000001239 0.000002244 -0.000000800 1.000000000
1780046180.246296 0.000020054 0.000216513 0.000098960 0.000013587 0.000002914 0.000033250 1.000000000
1780046180.279620 0.000216226 0.001065933 0.001493491 0.000054932 0.000008073 0.000016897 1.000000000
1780046180.312943 -0.000218528 0.000999544 0.001540995 0.000041733 0.000021386 -0.000039436 1.000000000
1780046180.346266 0.000509421 0.000803353 0.000263742 0.000030198 0.000009441 -0.000024420 1.000000000
1780046180.379589 0.000227428 0.000985309 0.001679863 0.000056392 0.000011056 0.000011517 1.000000000
1780046180.412915 -0.000234217 0.000807906 0.000918941 0.000032966 0.000016683 -0.000029131 1.000000000
1780046180.446241 0.000572773 0.000698704 0.000286468 0.000029929 -0.000011743 0.000007354 1.000000000
1780046180.479568 0.000241629 0.000449982 0.000347975 0.000023952 0.000004824 -0.000007381 1.000000000
1780046180.512894 0.000573912 0.000787897 0.000431145 0.000050646 -0.000002958 -0.000023673 1.000000000
1780046180.546219 0.000511110 0.000717002 0.000445759 0.000032064 -0.000013815 -0.000022480 1.000000000
1780046180.579545 0.000301821 0.000178158 -0.000147984 0.000029127 -0.000010520 0.000000154 1.000000000
1780046180.612871 0.000361601 0.000840390 0.000374181 0.000039207 -0.000008461 0.000008105 1.000000000
1780046180.646197 0.000537400 0.000731057 0.000350291 0.000039079 0.000002201 -0.000016664 1.000000000
1780046180.679522 0.000410687 0.000044010 0.000085482 0.000025855 0.000008869 -0.000011900 1.000000000
1780046180.712847 0.000163632 0.000059493 -0.000521582 0.000029212 0.000014229 0.000024047 1.000000000
1780046180.746173 0.000107159 0.000273531 0.000255333 0.000026768 0.000008613 -0.000017167 1.000000000
1780046180.779498 0.000024946 0.000037743 -0.000465583 0.000027316 0.000008875 -0.000036429 1.000000000
1780046180.812823 0.000045823 0.000343918 -0.000397101 0.000053957 0.000003633 -0.000027237 1.000000000
1780046180.846148 -0.000111974 0.000635537 0.000868438 0.000043236 0.000029767 -0.000014182 1.000000000
1780046180.879473 0.000344456 0.000260618 0.000076440 0.000018760 0.000000686 0.000022142 1.000000000
1780046180.912797 0.000052226 0.000007420 -0.000005235 0.000034411 0.000008980 0.000007845 1.000000000
1780046180.946122 -0.000349647 0.000351227 0.000063806 0.000055803 0.000025701 -0.000014360 1.000000000
1780046180.979445 -0.000027349 0.001119802 0.001991930 0.000041091 0.000016490 -0.000023372 1.000000000
1780046181.012769 -0.000150958 0.000086009 -0.000120903 0.000022336 0.000006648 0.000007347 1.000000000
1780046181.046093 -0.000093650 0.000384506 0.000846828 0.000045974 0.000014055 -0.000019160 1.000000000
1780046181.079417 0.000207838 0.000284992 -0.000380814 0.000044617 0.000007681 -0.000015254 1.000000000
1780046181.112741 0.000618161 0.000631357 0.000919682 0.000038177 -0.000010190 -0.000013092 1.000000000
1780046181.146065 0.000049919 0.000573357 0.000055613 0.000032769 0.000011588 0.000002804 1.000000000
1780046181.179389 0.000084468 -0.000291069 -0.001175821 -0.000000129 0.000022697 0.000001072 1.000000000
1780046181.212712 0.000245396 0.000886004 0.000976294 0.000039657 0.000019594 -0.000016755 1.000000000
1780046181.246035 0.000148016 0.000011030 -0.000102718 0.000006101 0.000014135 0.000004138 1.000000000
1780046181.279359 -0.000085053 0.000565193 0.000347610 0.000027884 0.000026257 -0.000040028 1.000000000
1780046181.312682 0.000031010 0.000019563 -0.000413413 0.000021013 0.000015720 -0.000030494 1.000000000
1780046181.346004 -0.000071118 0.000704408 0.001293513 0.000010770 0.000019098 -0.000038489 1.000000000
1780046181.379327 -0.000074911 0.000324798 0.000681056 0.000016194 0.000006624 -0.000009132 1.000000000
1780046181.412652 -0.000033169 0.000185290 0.000309755 0.000023444 0.000020431 -0.000023316 1.000000000
1780046181.445978 0.000560831 0.001010014 0.001639592 0.000020866 0.000013424 -0.000010381 1.000000000
1780046181.479304 0.000435007 0.001032319 0.001525105 0.000038770 0.000013808 -0.000020055 1.000000000
1780046181.512630 -0.000046926 0.000156335 0.000157525 0.000012336 0.000025480 0.000018782 1.000000000
1780046181.545956 -0.000318100 0.000408805 0.000680504 0.000000849 0.000018175 -0.000006747 1.000000000
1780046181.579282 0.000083797 0.000361096 0.000407950 0.000013590 0.000024098 -0.000021847 1.000000000
1780046181.612608 0.000161032 0.000076682 -0.000565007 0.000006792 0.000018504 0.000014465 1.000000000
1780046181.645933 0.000514216 0.000238968 -0.000486589 0.000024328 0.000028069 0.000010447 1.000000000
1780046181.679259 0.000149882 0.000371737 0.000085262 0.000041078 0.000022902 0.000038250 1.000000000
1780046181.712584 0.000006697 0.000497262 0.000689905 0.000012591 0.000033336 0.000019693 1.000000000
1780046181.745909 0.000325511 0.000574345 0.000763151 0.000047194 0.000022838 0.000026035 1.000000000
1780046181.779234 0.000243922 0.000541492 0.000197715 0.000029749 0.000004041 -0.000004326 1.000000000
1780046181.812559 0.000142603 0.000096428 0.000069490 0.000004799 0.000021708 0.000063199 1.000000000
1780046181.845884 -0.000101713 0.000497420 0.000413905 0.000029405 0.000035653 0.000019527 1.000000000
1780046181.879208 0.000088993 0.000305579 -0.000204077 0.000032527 0.000019917 0.000017112 1.000000000
1780046181.912532 -0.000020550 0.000220968 0.000123939 0.000010260 0.000017047 0.000021068 1.000000000
1780046181.945857 0.000030815 0.000001885 -0.000508747 0.000012355 0.000023215 0.000005276 1.000000000
1780046181.979181 0.000029932 -0.000021332 -0.000430148 0.000013055 0.000029108 -0.000003761 1.000000000
1780046182.012505 -0.000228493 0.000325852 0.000725365 0.000013522 0.000025563 0.000006790 1.000000000
1780046182.045829 0.000425548 0.000273842 0.000256548 0.000014536 -0.000000614 -0.000005627 1.000000000
1780046182.079153 0.000353963 -0.000311846 -0.000793200 -0.000002188 0.000022520 -0.000000428 1.000000000
1780046182.112477 0.000296828 0.000862916 0.000875878 0.000018215 0.000022080 -0.000008051 1.000000000
1780046182.145801 0.000083902 0.000221893 -0.000093794 0.000009935 0.000011239 0.000022649 1.000000000
1780046182.179124 -0.000303377 -0.000283988 -0.001243902 0.000001078 0.000031368 -0.000010487 1.000000000
1780046182.212447 0.000019527 0.000100165 0.000087096 0.000028743 0.000011741 0.000003104 1.000000000
1780046182.245770 0.000147480 0.000228747 0.000377956 -0.000000824 0.000020289 -0.000012944 1.000000000
1780046182.279093 -0.000056685 0.000656431 0.000796984 0.000010145 0.000031423 0.000041178 1.000000000
1780046182.312415 -0.000221002 0.000058203 -0.000330970 0.000023510 0.000022001 0.000015681 1.000000000
1780046182.345738 0.000008920 -0.000301004 -0.000856959 -0.000008514 0.000016103 0.000024437 1.000000000
1780046182.379061 0.000193522 0.000503528 0.000417188 0.000007540 0.000017097 0.000028585 1.000000000
1780046182.412413 0.000129876 0.000455640 0.000420672 0.000024130 0.000013566 0.000017985 1.000000000
1780046182.445782 -0.000036778 0.000691209 0.001043283 0.000002615 0.000012732 0.000032027 1.000000000
1780046182.479151 -0.000087830 0.000789248 0.000981706 0.000025561 0.000034621 -0.000010683 1.000000000
1780046182.512522 0.000132850 0.000294478 0.000301282 -0.000004275 0.000028202 -0.000012820 1.000000000
1780046182.545892 0.000399362 0.000445197 -0.000123020 0.000046138 0.000017738 -0.000012120 1.000000000
1780046182.579263 0.000136376 0.000045883 -0.000657753 0.000006154 0.000024687 0.000001671 1.000000000
1780046182.612634 -0.000000620 0.000010651 -0.000721483 0.000018531 0.000022357 -0.000012480 1.000000000
1780046182.646006 0.000174373 0.000546999 0.000086947 0.000030001 0.000008709 0.000068425 1.000000000
1780046182.679379 0.000089058 0.000564479 0.000478135 0.000042701 0.000021384 0.000002189 1.000000000
1780046182.712751 -0.000167520 0.000455506 0.000372497 0.000019736 0.000013250 0.000017301 1.000000000
1780046182.746125 0.000184253 -0.000006393 0.000061630 0.000004261 0.000020393 0.000053599 1.000000000
1780046182.779497 0.000135053 0.000306476 0.000497982 0.000003507 0.000035106 0.000035615 1.000000000
1780046182.812871 0.000150306 0.000643536 0.000584537 0.000028017 0.000024101 -0.000007725 1.000000000
1780046182.846246 -0.000014853 0.000127941 -0.000315491 -0.000004704 0.000025674 -0.000054818 1.000000000
1780046182.879621 0.000327001 0.001058011 0.000971220 0.000049819 0.000028934 0.000024008 1.000000000
1780046182.912996 0.000032485 0.000528615 0.000665684 0.000019037 0.000032228 0.000057343 1.000000000
1780046182.946372 0.000131669 0.000597414 0.001110084 0.000006976 0.000020379 0.000044857 1.000000000
1780046182.979748 0.000146086 0.000053031 -0.000835982 0.000013517 0.000025997 -0.000009194 1.000000000
1780046183.013124 0.000577199 0.000449511 0.000306012 0.000022750 0.000024256 0.000006799 1.000000000
1780046183.046501 0.000181830 0.000664113 0.000074361 0.000022009 0.000011425 -0.000009766 1.000000000
1780046183.079879 -0.000232257 0.000238145 0.000470791 0.000011509 0.000013458 0.000019885 1.000000000
1780046183.113256 0.000323660 0.000288863 0.000228891 0.000012114 0.000023672 0.000051216 1.000000000
1780046183.146635 0.000207375 0.000182221 -0.000203629 0.000014328 0.000024539 0.000010830 1.000000000
1780046183.180013 0.000319115 0.000925138 0.000922277 0.000020721 0.000009745 0.000033405 1.000000000
1780046183.213392 0.000196310 0.000138345 -0.000253547 0.000006809 0.000038194 0.000032330 1.000000000
1780046183.246772 0.000023625 0.000506320 -0.000003944 0.000005461 0.000031544 0.000040193 1.000000000
1780046183.280151 0.000013276 0.000522260 0.000812362 0.000005201 0.000030572 0.000044130 1.000000000
1780046183.313532 -0.000139291 0.000123516 -0.000395667 0.000021065 0.000029149 0.000048889 1.000000000
1780046183.346913 0.000324774 0.000969690 0.000736299 0.000051670 0.000015521 0.000042777 1.000000000
1780046183.380294 0.000338594 -0.000177615 -0.000976051 0.000001666 0.000024452 0.000030433 1.000000000
1780046183.413672 0.000313228 0.000860866 0.000638083 0.000026164 0.000019949 0.000004924 1.000000000
1780046183.447050 0.000288025 0.000442612 0.000157557 0.000028724 0.000013628 0.000002229 1.000000000
1780046183.480427 -0.000128573 0.000557578 0.000293607 0.000022133 0.000034035 0.000039233 1.000000000
1780046183.513806 0.000026376 -0.000241574 -0.000900028 0.000002609 0.000029988 0.000022699 1.000000000
1780046183.547184 0.000039964 0.000132230 -0.000128115 0.000027157 0.000026376 0.000040486 1.000000000
1780046183.580564 0.000209217 0.000260267 -0.000575610 0.000022944 0.000025311 -0.000008154 1.000000000
1780046183.613943 -0.000049213 0.000983019 0.000536549 0.000028391 0.000020814 0.000004839 1.000000000
1780046183.647322 0.000051700 0.000533959 0.000824599 0.000012957 0.000026543 0.000057597 1.000000000
1780046183.680704 0.000133964 0.000209456 -0.000340599 0.000056125 0.000042856 0.000032071 1.000000000
1780046183.714084 0.000810877 0.000893548 0.000475662 0.000423589 0.000066654 -0.000015873 0.999999940
1780046183.747466 0.001643375 0.001076848 0.002637064 0.000637724 0.000105080 0.000096352 0.999999821
1780046183.780849 0.001332335 0.000557764 0.005368745 0.000796425 -0.000070971 0.000021162 0.999999702
1780046183.814231 0.001347987 0.000191435 0.010677127 0.001008793 -0.000496285 0.000383365 0.999999285
1780046183.847615 0.001011149 0.001374795 0.017890956 0.001041234 -0.000776870 0.000356017 0.999999106
1780046183.880999 0.001261713 0.001145856 0.027619071 0.001063374 -0.000836060 0.000285799 0.999999046
1780046183.914382 0.001191797 0.001684721 0.039786849 0.000725670 -0.000720991 0.000335097 0.999999404
1780046183.947767 -0.001006725 0.002527850 0.054106478 0.000106030 -0.000784609 0.000103279 0.999999702
1780046183.981153 -0.000222592 0.003025397 0.068483211 -0.000195517 -0.001056510 0.000152469 0.999999404
1780046184.014539 -0.000819462 0.003013371 0.083853632 -0.000664357 -0.001129407 0.000289425 0.999999106
1780046184.047925 -0.001414321 0.003856848 0.102398559 -0.000850486 -0.000946085 0.000358145 0.999999166
1780046184.081311 -0.001397286 0.004979706 0.121669404 -0.000913519 -0.000977652 0.000305613 0.999999046
1780046184.114698 -0.000281891 0.005662092 0.133406982 -0.001242401 -0.001040700 0.000308077 0.999998689
1780046184.148085 -0.000941042 0.006476899 0.148211136 -0.001406910 -0.000890347 0.000345922 0.999998569
1780046184.181474 -0.000422873 0.006269285 0.162225425 -0.001717726 -0.000528602 0.000577364 0.999998212
1780046184.214863 -0.001477122 0.006075675 0.174624369 -0.001333441 -0.000345633 0.000663021 0.999998868
1780046184.248252 -0.000460690 0.008256451 0.191141024 -0.000678531 -0.000036664 0.000602102 0.999999583
1780046184.281641 -0.000700636 0.006682395 0.200111598 -0.000396225 0.000113948 0.000757054 0.999999642
1780046184.315032 -0.000707161 0.006448420 0.215058237 0.000051753 0.000185087 0.000554733 0.999999821
1780046184.348423 -0.000644279 0.007848371 0.230920389 -0.000419530 0.000183798 0.000546188 0.999999762
1780046184.381814 0.000445261 0.009719477 0.249996200 -0.000631969 0.000154315 0.000447619 0.999999702
1780046184.415173 -0.000744455 0.008885622 0.260379463 -0.001101457 0.000339087 0.000449099 0.999999225
1780046184.448515 -0.002569352 0.009678696 0.275359720 -0.000945335 0.000529212 0.000154150 0.999999404
1780046184.481856 -0.001101968 0.010448356 0.293734342 -0.000961169 0.000439045 0.000092801 0.999999464
1780046184.515198 -0.003969239 0.009626755 0.303774744 -0.001039519 0.000472242 -0.000402871 0.999999285
1780046184.548538 -0.005153098 0.008438013 0.317248553 -0.000892392 0.000314251 -0.000552060 0.999999404
1780046184.581880 -0.004943161 0.010288117 0.330011368 -0.000689759 0.000117833 -0.000667260 0.999999583
1780046184.615222 -0.003469671 0.013075170 0.347431421 -0.000326402 0.000321064 -0.000491472 0.999999762
1780046184.648563 -0.002148234 0.011544450 0.358561844 -0.000873336 0.000269823 -0.000361017 0.999999523
1780046184.681905 -0.004716374 0.012087638 0.377133936 -0.000549717 0.000100957 -0.000581499 0.999999702
1780046184.715247 -0.004983313 0.015116496 0.390804619 -0.000541713 0.000251278 -0.000674756 0.999999583
1780046184.748588 -0.004232076 0.015704162 0.409313798 -0.000336243 0.000364031 -0.000567482 0.999999762
1780046184.781930 -0.004052688 0.013447809 0.420072645 -0.000165877 0.000404709 -0.000495160 0.999999762
1780046184.815272 -0.003840081 0.012423339 0.435729831 0.000049299 0.000358902 -0.000465953 0.999999821
1780046184.848614 -0.006093600 0.010813782 0.444899172 -0.000064417 0.000290925 -0.000592130 0.999999821
1780046184.881955 -0.006688623 0.012353343 0.460955381 0.000037913 0.000380137 -0.000380081 0.999999881
1780046184.915297 -0.002919732 0.014858020 0.479883015 0.000015614 0.000499159 -0.000109197 0.999999881
1780046184.948639 -0.007184670 0.014724039 0.499087453 0.000008802 0.000599068 -0.000296220 0.999999821
1780046184.981979 -0.006120213 0.016667245 0.513780355 -0.000606112 0.000384439 -0.000285362 0.999999702
1780046185.015321 -0.008577703 0.013308164 0.529610515 -0.000733673 0.000553826 -0.000184895 0.999999583
1780046185.048663 -0.008421325 0.010351432 0.539476097 -0.001254292 0.000869363 -0.000181479 0.999998808
1780046185.082004 -0.007772394 0.008174173 0.556335628 -0.001384479 0.000732742 -0.000259346 0.999998748
1780046185.115346 -0.013135352 0.014365268 0.574206233 -0.000751017 0.000737326 -0.000754255 0.999999166
1780046185.148688 -0.011655846 0.016553761 0.590528250 -0.000203777 0.000420182 -0.000883458 0.999999523
1780046185.182030 -0.009130126 0.012735869 0.599613369 -0.000149824 0.000583169 -0.000344848 0.999999762
1780046185.215371 -0.008102668 0.012403140 0.617316246 -0.000352453 0.000725264 -0.000074181 0.999999702
1780046185.248713 -0.011414858 0.017211324 0.626739264 -0.000703569 0.000595295 0.000039060 0.999999583
1780046185.282055 -0.014857705 0.010693736 0.645673871 -0.001142183 0.000411480 -0.000302872 0.999999225
1780046185.315397 -0.009050625 0.008478954 0.657111108 -0.001092512 0.000235824 -0.000110496 0.999999404
1780046185.348738 -0.009636853 0.009810180 0.672826946 -0.001301255 0.000292551 0.000394672 0.999999046
1780046185.382080 -0.011158451 0.005473041 0.687490165 -0.001072068 0.000224962 0.000655031 0.999999225
1780046185.415421 -0.014015702 0.008024134 0.708140373 -0.000721931 0.000325590 0.000416766 0.999999583
1780046185.448762 -0.010992958 0.010718509 0.721202552 -0.001099899 0.000311510 0.000182581 0.999999344
1780046185.482104 -0.009880761 0.011188970 0.732177198 -0.001149413 0.000003871 0.000125384 0.999999344
1780046185.515446 -0.012726764 0.012019974 0.745664775 -0.001067684 0.000049636 0.000178416 0.999999404
1780046185.548788 -0.013059990 0.013076276 0.762030542 -0.001301830 0.000260782 0.000165044 0.999999106
1780046185.582129 -0.013691839 0.015854845 0.780842960 -0.001483747 0.000192617 0.000062007 0.999998868
1780046185.615471 -0.013510902 0.012891831 0.789362669 -0.001540856 -0.000074028 0.000348099 0.999998748
1780046185.648813 -0.013394477 0.014309048 0.804323971 -0.002048552 0.000105066 0.000311634 0.999997854
1780046185.682155 -0.017367978 0.014645410 0.813343585 -0.001700551 0.000148925 0.000394144 0.999998510
1780046185.715496 -0.021175662 0.015792420 0.827697277 -0.001671163 0.000198372 0.000624083 0.999998391
1780046185.748838 -0.015030293 0.016111640 0.835781753 -0.001608873 0.000149159 0.000725797 0.999998450
1780046185.782180 -0.015120516 0.014918911 0.855163395 -0.001615159 -0.000085715 0.000536570 0.999998569
1780046185.815522 -0.010600101 0.012982364 0.860836685 -0.001763975 -0.000196413 0.000702784 0.999998212
1780046185.848864 -0.019216603 0.013669872 0.876651227 -0.001887016 0.000054230 0.000815698 0.999997914
1780046185.882204 -0.017693276 0.017202642 0.886966050 -0.002315124 -0.000035676 0.000865719 0.999996960
1780046185.915546 -0.019031046 0.013016767 0.892801404 -0.002103715 -0.000301987 0.000849341 0.999997377
1780046185.948887 -0.021908930 0.014580817 0.919598579 -0.002281185 -0.000361000 0.001052363 0.999996781
1780046185.982229 -0.019395672 0.017359959 0.929514945 -0.002375368 -0.000250738 0.001226909 0.999996424
1780046186.015571 -0.019232219 0.018992869 0.938190699 -0.002362018 -0.000309236 0.001178491 0.999996483
1780046186.048913 -0.024119427 0.013955283 0.950179994 -0.002521540 -0.000325292 0.001340841 0.999995887
1780046186.082255 -0.029122438 0.018171510 0.969444871 -0.002502933 -0.000309463 0.001267641 0.999996006
1780046186.115597 -0.021721512 0.018548252 0.973373950 -0.002292419 -0.000633134 0.001559386 0.999995947
1780046186.148938 -0.017371107 0.021034298 0.976665616 -0.002622992 -0.000402514 0.001726634 0.999994993
1780046186.182280 -0.023472873 0.019440211 0.999224722 -0.002794827 -0.000157139 0.001564006 0.999994874
1780046186.215621 -0.021193197 0.019237271 1.007861733 -0.002758592 -0.000337577 0.001466798 0.999995053
1780046186.248963 -0.018896192 0.016683014 1.027179837 -0.002934642 -0.000400875 0.001340006 0.999994695
1780046186.282305 -0.029966149 0.036206979 0.831326783 -0.001896608 0.000238119 0.001633138 0.999996841
1780046186.315646 -0.002150897 0.054190196 0.896283686 -0.001192663 0.000354213 -0.000121298 0.999999225
1780046186.348988 -0.003144276 0.053713996 0.905483782 -0.001200462 0.000236778 -0.000333476 0.999999225
1780046186.382330 -0.003217443 0.053950496 0.916357875 -0.001507799 0.000239946 -0.000432606 0.999998808
1780046186.415671 -0.002136381 0.055235669 0.927810788 -0.002226332 0.000330628 -0.000364302 0.999997437
1780046186.449013 -0.002913729 0.055031199 0.936160445 -0.003645037 0.000267718 -0.000590224 0.999993145
1780046186.482355 -0.004036878 0.055433825 0.940141320 -0.002950278 0.000167663 -0.000728603 0.999995410
1780046186.515696 -0.003091453 0.055871814 0.943963110 -0.002215931 0.000128075 -0.000478927 0.999997437
1780046186.549038 -0.002148483 0.053997938 0.942971110 -0.001555004 0.000272530 -0.000566063 0.999998629
1780046186.582379 -0.003063771 0.054119594 0.945274413 -0.000968488 0.000431131 -0.000467512 0.999999344
1780046186.615721 -0.002093897 0.054024640 0.948935270 -0.000690335 0.000293066 -0.000504911 0.999999642
1780046186.649063 -0.002770238 0.054747213 0.955349267 -0.000579014 0.000169511 -0.000482978 0.999999702
1780046186.682405 -0.003390843 0.055336218 0.959515870 -0.000863037 0.000360834 -0.000634756 0.999999404
1780046186.715746 -0.003278819 0.055867534 0.966753066 -0.001113616 0.000462186 -0.000742916 0.999999046
1780046186.749087 -0.004155349 0.056817699 0.973360777 -0.001629724 0.000334847 -0.000832879 0.999998331
1780046186.782429 -0.004232999 0.057139758 0.984024644 -0.001550458 0.000101257 -0.000733508 0.999998569
1780046186.815770 -0.002987446 0.056294251 0.988475978 -0.001626798 0.000142467 -0.000765528 0.999998391
1780046186.849112 -0.002788841 0.055089954 0.991805375 -0.001169288 0.000333260 -0.000934863 0.999998808
1780046186.882454 -0.005084698 0.055835541 0.996965587 -0.001020603 0.000308924 -0.001058189 0.999998868
1780046186.915795 -0.004425527 0.054473281 1.004733920 -0.001106087 0.000145476 -0.001009613 0.999998927
1780046186.949137 -0.007370847 0.057771344 1.012539744 -0.000790552 0.000225961 -0.001045576 0.999999166
1780046186.982478 -0.004248562 0.054943122 1.014257550 -0.000542548 0.000287008 -0.001099459 0.999999225
1780046187.015820 -0.005560650 0.056362629 1.022709727 -0.000373440 0.000290326 -0.001094868 0.999999344
1780046187.049162 -0.004828604 0.056364536 1.030238032 -0.000482651 0.000170258 -0.001096540 0.999999285
1780046187.082504 -0.002005629 0.058557604 1.043787718 -0.000601984 0.000083808 -0.000790494 0.999999583
1780046187.115845 -0.007111078 0.058497917 1.051836252 -0.000265829 0.000102623 -0.000895789 0.999999583
1780046187.149187 -0.002802578 0.058828060 1.069780231 -0.000609535 0.000005412 -0.000954589 0.999999404
1780046187.182528 -0.003573277 0.059498407 1.076767087 -0.000363380 -0.000013415 -0.001226693 0.999999225
1780046187.215869 -0.006993955 0.059735827 1.092202306 -0.000462503 -0.000078570 -0.001355614 0.999998987
1780046187.249211 -0.006880138 0.061071265 1.100667953 -0.000619224 -0.000080693 -0.001125183 0.999999225
1780046187.282553 -0.008200461 0.059633605 1.108742118 -0.000578445 -0.000047996 -0.001325791 0.999998987
1780046187.315894 -0.006407997 0.062628999 1.125908256 -0.000647931 -0.000314123 -0.001488031 0.999998689
1780046187.349236 -0.008664813 0.061709993 1.141809940 -0.000990205 -0.000368778 -0.001765042 0.999997914
1780046187.382577 -0.009294664 0.062460434 1.153491497 -0.001311742 -0.000395519 -0.001678652 0.999997675
1780046187.415942 -0.010397584 0.063224904 1.163356662 -0.001091141 -0.000399183 -0.001622040 0.999998033
1780046187.449362 -0.052241959 0.001896135 1.166366577 -0.003041927 -0.000560890 0.000196197 0.999995232
1780046187.482783 -0.053777188 0.003378710 1.183356047 -0.003041633 -0.000574735 0.000152409 0.999995232
1780046187.516204 -0.052317351 0.004203467 1.194875836 -0.002999505 -0.000598225 0.000021391 0.999995410
1780046187.549625 -0.053135425 0.002513173 1.205512643 -0.003212913 -0.000697341 -0.000102284 0.999994636
1780046187.583048 -0.053799395 0.003882875 1.221515775 -0.003077305 -0.000498090 -0.000163931 0.999995172
1780046187.616470 -0.054502670 0.004690812 1.235156059 -0.003095516 -0.000406380 -0.000336484 0.999995112
1780046187.649892 -0.055139828 0.004822161 1.247672558 -0.003424805 -0.000605159 -0.000408995 0.999993920
1780046187.683316 -0.056074694 0.006449191 1.267163873 -0.003267351 -0.000661152 -0.000440676 0.999994397
1780046187.716739 -0.053505883 0.008146060 1.285147190 -0.003695919 -0.000447250 -0.000440021 0.999993026
1780046187.750164 -0.054377295 0.006301511 1.295828104 -0.003232624 -0.000434971 -0.000250868 0.999994695
1780046187.783590 -0.055701900 0.007751426 1.313299060 -0.003861061 -0.000539900 -0.000178937 0.999992430
1780046187.817015 -0.054058749 0.009875863 1.336951613 -0.003107645 -0.000773996 -0.000008795 0.999994874
1780046187.850441 -0.052925728 0.008133224 1.358632684 -0.003223984 -0.000864024 0.000333688 0.999994397
1780046187.883868 -0.056846417 0.007557100 1.377244711 -0.003191829 -0.000488442 0.000542546 0.999994695
1780046187.917295 -0.056467734 0.011721220 1.396228433 -0.002968258 -0.000582064 0.000430587 0.999995410
1780046187.950723 -0.057737567 0.009109415 1.413534045 -0.003197723 -0.000711545 0.000555791 0.999994576
1780046187.984151 -0.055507295 0.005936332 1.434774041 -0.002953383 -0.000770614 0.000606202 0.999995232
1780046188.017579 -0.054207042 0.009202439 1.450821400 -0.002798414 -0.000772637 0.000717625 0.999995530
1780046188.051008 -0.054926790 0.012611054 1.471087456 -0.003151790 -0.000964661 0.000783532 0.999994278
1780046188.084438 -0.056905635 0.009735667 1.489568114 -0.002828072 -0.001035375 0.000671904 0.999995291
1780046188.117867 -0.057096783 0.011511181 1.507319927 -0.002671382 -0.001128036 0.000767078 0.999995589
1780046188.151298 -0.056909889 0.013592176 1.527335286 -0.002551014 -0.000940016 0.001090109 0.999995768
1780046188.184729 -0.057243325 0.015330955 1.542626858 -0.002274040 -0.000757722 0.001137465 0.999996483
1780046188.218160 -0.038040642 0.026184855 1.546431303 -0.001644915 -0.000936384 0.000653523 0.999997973
1780046188.251593 -0.039077006 0.026582692 1.561478853 -0.001808028 -0.000942674 0.000421239 0.999997854
1780046188.285025 -0.039065246 0.025990618 1.577988982 -0.001325158 -0.000971284 0.000670335 0.999998450
1780046188.318459 -0.039876405 0.025726069 1.592888832 -0.001308551 -0.000752217 0.000654387 0.999998689
1780046188.351892 -0.039436601 0.026921382 1.612500668 -0.001313065 -0.000708532 0.000351238 0.999998868
1780046188.385326 -0.040136211 0.027678439 1.628562927 -0.000801016 -0.000776116 0.000344164 0.999999344
1780046188.418726 -0.041496433 0.027196182 1.642834187 -0.000672155 -0.001114517 0.000099865 0.999999166
1780046188.452060 -0.040011469 0.029911974 1.662348747 -0.001533268 -0.000783089 0.000207899 0.999998510
1780046188.485394 -0.040932946 0.028526388 1.676807761 -0.001075367 -0.000448893 0.000354584 0.999999344
1780046188.518728 -0.040211022 0.029661113 1.696541309 -0.000871325 -0.000530406 0.000133110 0.999999464
1780046188.552062 -0.061172128 0.012193584 1.733248830 -0.001783210 -0.000241420 0.000586698 0.999998271
1780046188.585396 -0.042037938 0.029564872 1.728587985 -0.000477738 -0.000440237 -0.000223614 0.999999821
1780046188.618730 -0.041895915 0.030645641 1.749012709 -0.000825586 -0.000347449 -0.000171896 0.999999583
1780046188.652063 -0.043766167 0.032514218 1.770819902 -0.000308932 -0.000247109 -0.000116353 0.999999940
1780046188.685397 -0.041348320 0.033481978 1.788566232 -0.000410512 -0.000240754 -0.000434651 0.999999821
1780046188.718731 -0.044744190 0.033301543 1.806718588 -0.000377300 -0.000191832 -0.000637591 0.999999762
1780046188.752065 -0.044929195 0.029931612 1.814520001 0.000003586 -0.000330699 -0.000814673 0.999999642
1780046188.785398 -0.047800474 0.033962373 1.837795734 -0.000237631 -0.000456404 -0.000663519 0.999999702
1780046188.818732 -0.048875019 0.029508719 1.869742036 0.000050718 -0.000573705 -0.000764083 0.999999523
1780046188.852065 -0.048216444 0.030046264 1.880701423 0.000103614 -0.000574118 -0.000469863 0.999999702
1780046188.885399 -0.046961140 0.033632543 1.899714589 0.000140839 -0.000548636 -0.000542775 0.999999702
1780046188.918732 -0.046918448 0.031965151 1.922321558 0.000125233 -0.000799372 -0.000798946 0.999999344
1780046188.952065 -0.037657879 0.022761285 1.921185493 -0.000117824 -0.001257873 -0.000232445 0.999999166
1780046188.985398 -0.037998643 0.023853706 1.938478708 0.000129585 -0.001407484 -0.000256407 0.999998987
1780046189.018731 -0.037099879 0.025087828 1.954617023 0.000065698 -0.001348146 -0.000116543 0.999999106
1780046189.052064 -0.037251901 0.023903623 1.972550988 0.000066610 -0.001285721 -0.000210365 0.999999166
1780046189.085397 -0.037417304 0.023561373 1.987955451 0.000412246 -0.001453342 -0.000229186 0.999998868
1780046189.118730 -0.038842086 0.025549401 2.009137392 -0.000050052 -0.001526814 -0.000814291 0.999998510
1780046189.152063 -0.041826822 0.024259362 2.022551537 0.000373839 -0.001480356 -0.001264345 0.999998033
1780046189.185395 -0.042642970 0.025121301 2.042590857 0.001221594 -0.001693224 -0.002038755 0.999995768
1780046189.218728 -0.043890227 0.024524925 2.057604790 0.001053329 -0.002044609 -0.002160615 0.999995053
1780046189.252061 -0.044831082 0.024878085 2.072572708 0.001328161 -0.001932376 -0.002117191 0.999994993
1780046189.285393 -0.043404989 0.025715785 2.091163635 0.001345876 -0.001544893 -0.001838177 0.999996245
1780046189.318726 -0.044215586 0.025705732 2.105599880 0.001268969 -0.001468705 -0.002034711 0.999996066
1780046189.352059 -0.044067997 0.026059624 2.121225834 0.000973918 -0.001829435 -0.001794813 0.999996245
1780046189.385391 -0.044848524 0.028741533 2.146947145 0.000579525 -0.001945753 -0.001937536 0.999996066
1780046189.418723 -0.043753128 0.028571846 2.159873486 0.001021935 -0.001948763 -0.001575608 0.999996364
1780046189.452057 -0.045010857 0.028749622 2.174215555 0.000234409 -0.001835224 -0.001026809 0.999997795
1780046189.485391 -0.045147691 0.027800003 2.187280655 0.000598019 -0.001874747 -0.001310561 0.999997199
1780046189.518725 -0.049871590 0.027007263 2.206457138 0.000525568 -0.001927959 -0.001399289 0.999997079
1780046189.552059 -0.045446049 0.031917717 2.230061769 0.000378737 -0.002065185 -0.001157308 0.999997139
1780046189.585393 -0.046441212 0.033270050 2.247536659 -0.000462597 -0.001888147 -0.001029313 0.999997616
1780046189.618726 -0.053862739 0.040120590 2.249407053 -0.000475314 -0.001269972 -0.001279121 0.999998271
1780046189.652060 -0.053894710 0.040646613 2.268196583 -0.001590922 -0.000371168 -0.001561494 0.999997497
1780046189.685394 -0.053559158 0.041554634 2.287539721 -0.002080702 0.001173431 -0.001739179 0.999995708
1780046189.718728 -0.052027397 0.043394614 2.304400206 -0.001912471 0.003303406 -0.001739251 0.999991238
1780046189.752061 -0.050984949 0.043523673 2.320920706 -0.002217433 0.005667136 -0.001730871 0.999980032
1780046189.785394 -0.049486887 0.043578070 2.333876133 -0.002203613 0.007955772 -0.001441467 0.999964893
1780046189.818728 -0.046256907 0.043560851 2.351257324 -0.002144085 0.009959538 -0.001671050 0.999946773
1780046189.852061 -0.047053482 0.043198194 2.364068270 -0.002027802 0.011681449 -0.001885811 0.999927998
1780046189.885394 -0.045159657 0.043293700 2.379497766 -0.002034711 0.012843480 -0.001815038 0.999913871
1780046189.918726 -0.042914744 0.043015908 2.396229506 -0.001900324 0.013775262 -0.001604647 0.999902010
1780046189.952060 -0.047264189 0.052663773 2.411882401 -0.001657910 0.013914654 -0.001799920 0.999900222
1780046189.985393 -0.045638211 0.053664859 2.432426453 -0.001654170 0.013858832 -0.002173152 0.999900281
1780046190.018726 -0.048023324 0.052711118 2.445876598 -0.002111418 0.014254576 -0.003242768 0.999890983
1780046190.052058 -0.050038710 0.052387964 2.462867260 -0.001934873 0.014552101 -0.003908313 0.999884665
1780046190.085392 -0.050251801 0.053149257 2.479633331 -0.001984717 0.014405982 -0.003658828 0.999887645
1780046190.118724 -0.049141273 0.052785352 2.493642092 -0.001391216 0.014776694 -0.003374022 0.999884188
1780046190.152057 -0.047592789 0.053227555 2.513458729 -0.001325551 0.015061833 -0.003307493 0.999880254
1780046190.185390 -0.049617238 0.051572733 2.526220798 -0.001406286 0.014876012 -0.003996338 0.999880433
1780046190.218722 -0.050543811 0.053731199 2.544381857 -0.000909358 0.014546852 -0.004409124 0.999884129
1780046190.252055 -0.047716159 0.054964449 2.564463139 -0.000884423 0.014599834 -0.004163226 0.999884367
1780046190.285387 -0.047986228 0.054919321 2.577399492 -0.000298569 0.015108987 -0.004009635 0.999877810
1780046190.318718 -0.048806421 0.054300491 2.597958326 -0.000180017 0.015101488 -0.003920175 0.999878287
1780046190.352051 -0.049734123 0.055446446 2.612179756 0.000008482 0.014725383 -0.004260220 0.999882519
1780046190.385383 -0.050419159 0.054846074 2.624983311 0.000278746 0.014731603 -0.003919310 0.999883771
1780046190.418717 -0.049006999 0.055328302 2.646973848 0.000218555 0.014867880 -0.003822971 0.999882162
1780046190.452050 -0.047710747 0.056444447 2.657517910 0.000593926 0.014810964 -0.003835333 0.999882817
1780046190.485384 -0.048326418 0.054944646 2.672470331 0.000502426 0.014838906 -0.003889930 0.999882281
1780046190.518718 -0.047376271 0.056504853 2.690188169 0.000422075 0.014984961 -0.004231382 0.999878705
1780046190.552052 -0.052517369 0.056956269 2.717225075 0.000508494 0.014848111 -0.004070673 0.999881387
1780046190.585386 -0.038506445 0.041408092 2.710049391 -0.000165995 0.014394811 -0.003536234 0.999890149
1780046190.618719 -0.038480151 0.041724756 2.725456476 -0.000141225 0.014439651 -0.003353293 0.999890149
1780046190.652053 -0.037308052 0.043664452 2.743274927 -0.000211834 0.014761174 -0.003066165 0.999886334
1780046190.685386 -0.035865173 0.043028574 2.759018898 -0.001004908 0.014914915 -0.002967924 0.999883950
1780046190.718719 -0.037558604 0.045129552 2.779075384 -0.001076664 0.014960700 -0.003127645 0.999882638
1780046190.752053 -0.038619801 0.045098562 2.792818785 -0.001718447 0.014991102 -0.003466107 0.999880195
1780046190.785385 -0.036987059 0.045701671 2.812155008 -0.002275054 0.015103904 -0.003186340 0.999878347
1780046190.818718 -0.038246088 0.045596614 2.827276707 -0.001815513 0.015200730 -0.003560829 0.999876499
1780046190.852051 -0.038007621 0.045543473 2.845897913 -0.002384663 0.015085253 -0.003750955 0.999876380
1780046190.885385 -0.037290730 0.046239525 2.862313747 -0.002752145 0.014914084 -0.004064432 0.999876797
1780046190.918718 -0.038013734 0.045793757 2.877860069 -0.002706055 0.015074263 -0.004221467 0.999873817
1780046190.952050 -0.037295226 0.048900574 2.896093607 -0.002953531 0.015187559 -0.003877122 0.999872804
1780046190.985383 -0.035725601 0.047896333 2.914015055 -0.002837052 0.014910546 -0.003826828 0.999877572
1780046191.018716 -0.037048202 0.050408952 2.931654215 -0.003390900 0.014993357 -0.003853171 0.999874473
1780046191.052049 -0.034904562 0.051141236 2.951267004 -0.003789954 0.014972665 -0.003833411 0.999873400
1780046191.085381 -0.034440976 0.052114300 2.966360807 -0.003879328 0.014709431 -0.003823390 0.999877036
1780046191.118714 -0.034871507 0.051541731 2.983953953 -0.004258031 0.014646053 -0.003919188 0.999876082
1780046191.152046 -0.033945240 0.052424174 3.003621578 -0.004449454 0.014475683 -0.003660528 0.999878705
1780046191.185379 -0.033982579 0.052571602 3.019790173 -0.003837305 0.014407467 -0.003304832 0.999883413
1780046191.218710 -0.041527051 0.056013800 3.027943611 -0.004118294 0.014680615 -0.003987815 0.999875844
1780046191.252042 -0.041012857 0.057153683 3.046421766 -0.004253626 0.014528138 -0.003951777 0.999877691
1780046191.285375 -0.040470954 0.057554524 3.063430309 -0.004777885 0.014733238 -0.003648742 0.999873459
1780046191.318707 -0.039104190 0.058160085 3.079765558 -0.005233285 0.014721887 -0.003185809 0.999872923
1780046191.352039 -0.038337801 0.059459563 3.097066164 -0.005140353 0.014399341 -0.003109583 0.999878287
1780046191.385371 -0.039267387 0.058812510 3.112365961 -0.005135358 0.014606390 -0.003022120 0.999875665
1780046191.418704 -0.036998186 0.060301445 3.131480694 -0.005465974 0.014600540 -0.002490318 0.999875426
1780046191.452038 -0.037071757 0.060905136 3.145469189 -0.005503497 0.014482859 -0.002275054 0.999877453
1780046191.485372 -0.036334369 0.061062440 3.162662268 -0.004971530 0.014550486 -0.001918156 0.999880016
1780046191.518705 -0.033065706 0.055808876 3.181945324 -0.005954532 0.014435288 -0.001422254 0.999877095
1780046191.552039 -0.032020386 0.057616178 3.199581623 -0.006212409 0.014219255 -0.001436980 0.999878585
1780046191.585372 -0.032202631 0.058748201 3.218464136 -0.006297382 0.014239958 -0.001473639 0.999877691
1780046191.618706 -0.032541998 0.058371060 3.234268904 -0.006291124 0.014530152 -0.001846875 0.999872983
1780046191.652039 -0.032675181 0.058297984 3.249703169 -0.006438725 0.014964709 -0.002290445 0.999864757
1780046191.685372 -0.030098913 0.060114175 3.270795584 -0.006155297 0.014873418 -0.002032854 0.999868393
1780046191.718705 -0.030407447 0.060505357 3.288537502 -0.005957980 0.014601858 -0.002068018 0.999873579
1780046191.752038 -0.029766899 0.061766274 3.306430101 -0.006036119 0.014756403 -0.002105017 0.999870718
1780046191.785372 -0.028507873 0.062351465 3.322517395 -0.005942956 0.015040666 -0.002027391 0.999867201
1780046191.818705 -0.028716359 0.062778175 3.338486195 -0.006106872 0.015268479 -0.002869205 0.999860704
1780046191.852038 -0.029046817 0.062308885 3.355406761 -0.006079416 0.015152214 -0.003066856 0.999862015
1780046191.885371 -0.032613315 0.063913822 3.370182753 -0.005550953 0.015176954 -0.002934144 0.999865174
1780046191.918704 -0.033549055 0.062821992 3.355402470 -0.005544883 0.015296287 -0.002847267 0.999863625
1780046191.952037 -0.029708084 0.063981466 3.404766321 -0.005405868 0.014822725 -0.002970938 0.999871135
1780046191.985370 -0.028272135 0.064470850 3.423899412 -0.005323093 0.014838277 -0.003099734 0.999870956
1780046192.018703 -0.027929058 0.064974651 3.440653563 -0.005340693 0.014768831 -0.003082747 0.999871969
1780046192.052035 -0.027952338 0.065872848 3.456733704 -0.005683816 0.014498906 -0.002825243 0.999874830
1780046192.085367 -0.026328765 0.064988181 3.473661184 -0.005478681 0.014627191 -0.002698733 0.999874353
1780046192.118700 -0.028075775 0.063037880 3.488339424 -0.005281494 0.014487763 -0.002907875 0.999876916
1780046192.152032 -0.027457837 0.066145219 3.505791664 -0.004907612 0.014476165 -0.003197202 0.999878049
1780046192.185364 -0.026249353 0.067426227 3.521935701 -0.005002784 0.014371790 -0.003083929 0.999879479
1780046192.218697 -0.028742941 0.067088537 3.538442135 -0.004361618 0.014558746 -0.002608070 0.999881148
1780046192.252029 -0.025692018 0.067243226 3.556308508 -0.003927491 0.014537930 -0.002588377 0.999883294
1780046192.285361 -0.027951991 0.067885660 3.569911480 -0.004110816 0.014857609 -0.002379491 0.999878407
1780046192.318693 -0.028641406 0.067811131 3.585998297 -0.004010670 0.014748250 -0.002774949 0.999879420
1780046192.352026 -0.028206378 0.068133354 3.603565216 -0.003798184 0.014515816 -0.003175823 0.999882400
1780046192.385357 -0.027438698 0.067685410 3.618031263 -0.003790712 0.014685500 -0.003021285 0.999880433
1780046192.418691 -0.027619468 0.072361887 3.644219875 -0.003827420 0.014974222 -0.002824616 0.999876559
1780046192.452025 -0.027512500 0.068675660 3.651039839 -0.003988258 0.015246054 -0.003029547 0.999871254
1780046192.485358 -0.026478544 0.070598394 3.674687147 -0.004508950 0.014777907 -0.003237301 0.999875426
1780046192.518692 -0.028072886 0.067766875 3.683935404 -0.004446229 0.014811086 -0.003585811 0.999874055
1780046192.552025 -0.026823599 0.067906797 3.699930429 -0.004063732 0.014765843 -0.003139781 0.999877870
1780046192.585358 -0.024033539 0.073308848 3.727371693 -0.004036289 0.014812970 -0.002396722 0.999879301
1780046192.618692 -0.024168547 0.073731706 3.742171526 -0.003969999 0.015037264 -0.002457592 0.999876022
1780046192.652025 -0.024362702 0.073763423 3.756774902 -0.003763531 0.014856780 -0.002540629 0.999879420
1780046192.685359 -0.024972629 0.073835403 3.776651621 -0.004423497 0.014586118 -0.002855253 0.999879777
1780046192.718693 -0.024836337 0.068872333 3.785130024 -0.004519172 0.014682010 -0.002973392 0.999877572
1780046192.752026 -0.025083624 0.076571442 3.802077532 -0.004154717 0.014593882 -0.002086723 0.999882758
1780046192.785359 -0.024043830 0.075727329 3.824795008 -0.004388557 0.014754462 -0.002397193 0.999878645
1780046192.818692 -0.023298791 0.073835313 3.841209412 -0.004358727 0.014384977 -0.002457992 0.999884069
1780046192.852025 -0.023169687 0.076289788 3.860075235 -0.004505600 0.014611975 -0.002098847 0.999880910
1780046192.885358 -0.023359256 0.077979632 3.877287388 -0.004735542 0.014392986 -0.002062259 0.999883115
1780046192.918691 -0.022208098 0.077734850 3.892735958 -0.004500540 0.014399092 -0.001992977 0.999884248
1780046192.952024 -0.021804741 0.078952380 3.910992622 -0.005036353 0.014866302 -0.001774964 0.999875247
1780046192.985356 -0.023892784 0.079268441 3.925893784 -0.004830167 0.014631056 -0.002261791 0.999878764
1780046193.018689 -0.021552719 0.080272734 3.942147017 -0.004992622 0.014538474 -0.001877196 0.999880135
1780046193.052021 -0.020628432 0.079369716 3.960151196 -0.005738234 0.014559169 -0.001647959 0.999876201
1780046193.085354 -0.021608438 0.081957884 3.977279663 -0.006025062 0.014600164 -0.001595952 0.999874055
1780046193.118687 -0.020367768 0.078379758 3.992965698 -0.005846295 0.014826245 -0.001402161 0.999872029
1780046193.152019 -0.020058677 0.082687274 4.010872364 -0.005538783 0.014816785 -0.001857352 0.999873161
1780046193.185352 -0.020359177 0.078252457 4.024842739 -0.005703679 0.015159617 -0.001764900 0.999867260
1780046193.218684 -0.018615218 0.082747303 4.043354511 -0.005414340 0.015284977 -0.001875955 0.999866784
1780046193.252016 -0.019720864 0.080656976 4.058275700 -0.005046121 0.015384602 -0.002108463 0.999866724
1780046193.285348 -0.020539248 0.082789868 4.078822613 -0.005134913 0.015268658 -0.002411599 0.999867380
1780046193.318681 -0.020487661 0.082647435 4.094613075 -0.005338125 0.015206606 -0.002603346 0.999866724
1780046193.352013 -0.019713221 0.084585138 4.111571789 -0.005069229 0.015438049 -0.002490512 0.999864876
1780046193.385345 -0.019046843 0.084671289 4.127446175 -0.004933798 0.015604934 -0.002406530 0.999863207
1780046193.418678 -0.018499169 0.082198463 4.146765709 -0.004720319 0.015258150 -0.002521429 0.999869287
1780046193.452011 -0.019513590 0.084743910 4.158982277 -0.004587309 0.015408850 -0.002664572 0.999867260
1780046193.485345 -0.022142870 0.086421624 4.176059723 -0.004654948 0.015471903 -0.003083030 0.999864757
1780046193.518679 -0.018676948 0.082603455 4.195909023 -0.004984836 0.014992539 -0.002439972 0.999872208
1780046193.552013 -0.020619035 0.088082112 4.209401131 -0.004899464 0.015454551 -0.002445295 0.999865651
1780046193.585347 -0.017308384 0.088875271 4.232403755 -0.005658689 0.015415438 -0.001735907 0.999863684
1780046193.618681 -0.018391738 0.089933343 4.243115425 -0.005731788 0.015718058 -0.001542185 0.999858916
1780046193.652014 -0.014816642 0.090122618 4.267745495 -0.005533735 0.015660925 -0.001228786 0.999861360
1780046193.685348 -0.017582508 0.088339560 4.281393528 -0.005290133 0.015808078 -0.001379247 0.999860108
1780046193.718681 -0.015698669 0.090343498 4.299159050 -0.005090571 0.015637802 -0.001378974 0.999863863
1780046193.752015 -0.013431271 0.086292692 4.311008930 -0.004673202 0.015809400 -0.001093486 0.999863565
1780046193.785348 -0.012398024 0.086876787 4.327229977 -0.004708164 0.015991420 -0.000761789 0.999860823
1780046193.818682 -0.014731643 0.090204664 4.344359398 -0.004495523 0.016048923 -0.001056492 0.999860585
1780046193.852015 -0.013363595 0.087768622 4.358727932 -0.004345164 0.015845655 -0.001371070 0.999864101
1780046193.885347 -0.016328156 0.090088218 4.375716209 -0.003990639 0.015836349 -0.001617491 0.999865353
1780046193.918680 -0.012278026 0.088610373 4.390836239 -0.004421437 0.015655220 -0.001383902 0.999866724
1780046193.952014 -0.015132390 0.089522958 4.406449795 -0.003720238 0.016051024 -0.001172145 0.999863625
1780046193.985346 -0.014241925 0.091231264 4.425176144 -0.003610703 0.016391041 -0.001372041 0.999858260
1780046194.018679 -0.013796388 0.090803534 4.441131115 -0.003781405 0.016339142 -0.001434623 0.999858379
1780046194.052013 -0.014474716 0.091877922 4.457390308 -0.003465983 0.016022135 -0.001508448 0.999864578
1780046194.085346 -0.016166206 0.090094790 4.475582600 -0.002874770 0.015840795 -0.001399758 0.999869406
1780046194.118678 -0.013611568 0.094693780 4.493815422 -0.003247461 0.016100263 -0.001322565 0.999864280
1780046194.152011 -0.015400960 0.089562893 4.504942894 -0.003354409 0.015835537 -0.000904355 0.999868631
1780046194.185344 -0.015703093 0.089935072 4.522329807 -0.003442226 0.015886830 -0.001142458 0.999867260
1780046194.218676 -0.013166985 0.092698768 4.544431210 -0.003929109 0.015917124 -0.000712558 0.999865353
1780046194.252009 -0.014914023 0.093012080 4.559622765 -0.003997384 0.015773416 -0.000803494 0.999867320
1780046194.285341 -0.012785398 0.093802817 4.578935623 -0.004346649 0.015835084 -0.000438926 0.999865115
1780046194.318672 -0.013651348 0.096745938 4.589024544 -0.003977995 0.015620355 -0.000815395 0.999869764
1780046194.352005 -0.013939397 0.097821102 4.606768608 -0.003718205 0.015271695 -0.000553532 0.999876380
1780046194.385337 -0.011737186 0.098393835 4.622143269 -0.003261208 0.015162761 0.000114160 0.999879777
1780046194.418670 -0.011177652 0.099355310 4.639662743 -0.002790599 0.015060887 0.000674614 0.999882519
1780046194.452004 -0.010511247 0.097251318 4.652919292 -0.002678070 0.014937115 0.000965090 0.999884486
1780046194.485338 -0.010261862 0.095459521 4.675707817 -0.002979855 0.014851775 0.001259825 0.999884486
1780046194.518672 -0.010502837 0.099589214 4.687859535 -0.003113531 0.014913689 0.001081611 0.999883413
1780046194.552006 -0.009815820 0.099941015 4.702877998 -0.002977084 0.014773306 0.001331907 0.999885619
1780046194.585339 -0.009719088 0.101283319 4.720871449 -0.003429177 0.014679893 0.001525412 0.999885261
1780046194.618673 -0.010450819 0.102511317 4.739320755 -0.003772374 0.014737726 0.001150073 0.999883652
1780046194.652006 -0.003013126 0.097858757 4.762608528 -0.004130826 0.014559142 0.001925837 0.999883652
1780046194.685340 -0.002476710 0.098487437 4.778381348 -0.004353940 0.014821637 0.001946852 0.999878764
1780046194.718673 -0.002367470 0.099578992 4.795032978 -0.004102068 0.015147462 0.001611712 0.999875605
1780046194.752007 -0.002506491 0.099162921 4.812009811 -0.004315756 0.014919546 0.001427080 0.999878407
1780046194.785339 -0.002036837 0.099902548 4.828043461 -0.004397414 0.014830519 0.001319391 0.999879539
1780046194.818672 -0.001138506 0.100649804 4.844784260 -0.004408927 0.014946397 0.001319179 0.999877751
1780046194.852005 -0.002152653 0.100792445 4.859641552 -0.003806436 0.015091141 0.001261995 0.999878168
1780046194.885338 -0.001811234 0.099864811 4.874873638 -0.003508709 0.015436432 0.001003827 0.999874234
1780046194.918671 -0.003203684 0.101495326 4.891504765 -0.003544360 0.015491648 0.000795169 0.999873459
1780046194.952004 -0.004036304 0.101247549 4.909387112 -0.002912330 0.015156312 0.000072659 0.999880910
1780046194.985337 -0.003749368 0.101148508 4.925240993 -0.003949266 0.014772587 0.000220665 0.999883115
1780046195.018669 -0.001709838 0.101253845 4.942041874 -0.003485410 0.014831442 0.000521560 0.999883831
1780046195.052002 -0.002670262 0.100775115 4.960223675 -0.003359891 0.015134089 0.000606828 0.999879718
1780046195.085335 -0.002081917 0.101766296 4.972820759 -0.002868184 0.015000511 0.000707117 0.999883175
1780046195.118667 -0.003147486 0.101056427 4.986403942 -0.002437462 0.014839943 0.000547355 0.999886751
1780046195.152000 -0.001525504 0.101431049 5.005432606 -0.002323683 0.015080356 0.000374225 0.999883533
1780046195.185332 -0.002037759 0.101649024 5.022183418 -0.002138349 0.014745899 0.000445210 0.999888897
1780046195.218664 -0.001726947 0.100334026 5.035984039 -0.002172563 0.014798671 0.000352862 0.999888122
1780046195.251996 -0.003131473 0.101859972 5.056811333 -0.002684696 0.015036538 0.000260345 0.999883354
1780046195.285328 -0.003203905 0.101460688 5.070871830 -0.002347535 0.015127682 0.000152909 0.999882817
1780046195.318661 0.000840055 0.100824021 5.088990688 -0.002089621 0.015212274 0.000486990 0.999882042
1780046195.351993 0.000432527 0.100529678 5.103323460 -0.002448929 0.015308693 0.000480809 0.999879777
1780046195.385325 -0.001115624 0.101989008 5.122392654 -0.002685884 0.015255563 0.000208465 0.999880075
1780046195.418658 -0.001444025 0.101780482 5.136450768 -0.002168944 0.015333585 -0.000301788 0.999880075
1780046195.452069 -0.000167092 0.103252269 5.154942513 -0.002390359 0.015143189 -0.000031037 0.999882519
1780046195.485480 0.000862625 0.101811975 5.168811798 -0.002875811 0.015270930 0.000178852 0.999879301
1780046195.518891 0.000361537 0.102519996 5.185506821 -0.002239250 0.015530038 0.000144183 0.999876916
1780046195.552303 -0.000683569 0.105581395 5.203746796 -0.002624728 0.015737390 0.000188716 0.999872744
1780046195.585715 -0.000166706 0.106629238 5.220254898 -0.002524769 0.015525808 -0.000002542 0.999876320
1780046195.619128 -0.000478063 0.104960606 5.237052917 -0.002530832 0.015281659 0.000210402 0.999880075
1780046195.652539 0.002039824 0.107201621 5.258156300 -0.003166717 0.015380508 0.000363689 0.999876678
1780046195.685953 0.000730976 0.108225025 5.272656918 -0.002594344 0.015369054 0.000410703 0.999878466
1780046195.719367 -0.000405262 0.107627951 5.289819241 -0.002817394 0.015535760 0.000334011 0.999875367
1780046195.752781 -0.000227500 0.109314062 5.308241367 -0.003368503 0.015489271 0.000392675 0.999874353
1780046195.786196 0.001421687 0.108135663 5.323659420 -0.003570663 0.015618538 0.000398707 0.999871612
1780046195.819612 0.001020711 0.107803032 5.339129448 -0.003432363 0.015414603 0.000495988 0.999875188
1780046195.853027 -0.000098803 0.109411210 5.358747959 -0.003731752 0.015418118 0.000403416 0.999874175
1780046195.886443 -0.004221151 0.108978778 5.373713017 -0.003489292 0.015447326 0.000477520 0.999874532
1780046195.919860 -0.003127391 0.108368576 5.388756275 -0.003606339 0.015341645 0.000482183 0.999875724
1780046195.953277 -0.003717564 0.108116440 5.405576229 -0.003909487 0.015385231 0.000627671 0.999873877
1780046195.986694 -0.002335111 0.109407201 5.422447681 -0.003622013 0.015238375 0.000852580 0.999876976
1780046196.020112 -0.003182513 0.110464469 5.438426018 -0.004029742 0.015217273 0.000930981 0.999875724
1780046196.053530 -0.003247898 0.110206470 5.452869892 -0.004137303 0.015391547 0.001051077 0.999872506
1780046196.086947 -0.001715230 0.111850344 5.470901012 -0.004098093 0.015032524 0.001054180 0.999878109
1780046196.120366 -0.002370771 0.109444492 5.488679886 -0.005024251 0.014831352 0.001013605 0.999876976
1780046196.153786 -0.002530302 0.111323521 5.504427433 -0.004692042 0.014903639 0.000902489 0.999877572
1780046196.187206 -0.002500364 0.113529608 5.523192406 -0.004662340 0.014992456 0.000690918 0.999876559
1780046196.220626 -0.002853561 0.113248356 5.540025234 -0.004376258 0.014922788 0.000561007 0.999879003
1780046196.254047 -0.002727082 0.112730153 5.555575371 -0.004728142 0.015241964 0.000356663 0.999872625
1780046196.287468 -0.001662035 0.113433160 5.571001530 -0.005336603 0.015442122 0.000529128 0.999866366
1780046196.320890 -0.002413416 0.114898361 5.586864471 -0.005046607 0.015359743 0.000722047 0.999869049
1780046196.354311 -0.001094767 0.114520594 5.604778290 -0.004805160 0.015380086 0.000590796 0.999870062
1780046196.387734 -0.000273116 0.115452647 5.621606827 -0.004438590 0.015461268 0.000521287 0.999870539
1780046196.421154 -0.002030300 0.116180375 5.635305405 -0.004253012 0.015783273 0.000360066 0.999866366
1780046196.454480 0.001928857 0.112282149 5.663040161 -0.003691421 0.015730087 0.000230064 0.999869466
1780046196.487807 0.000906783 0.113120236 5.680546284 -0.003489730 0.015875161 0.000210430 0.999867916
1780046196.521134 0.001935955 0.112651885 5.695594788 -0.003506973 0.015847627 0.000327449 0.999868274
1780046196.554460 0.004272920 0.117574073 5.721055508 -0.003062537 0.015660085 0.000663238 0.999872565
1780046196.587785 0.005885986 0.114104338 5.732704639 -0.003048618 0.015599117 0.000859929 0.999873400
1780046196.621112 0.004729472 0.117161147 5.749077797 -0.003241779 0.015766328 0.000922032 0.999870062
1780046196.654438 0.006300610 0.116016440 5.760722160 -0.003467286 0.015812499 0.000873100 0.999868631
1780046196.687763 0.004919632 0.113775447 5.781420708 -0.003657708 0.015955199 0.000589694 0.999865890
1780046196.721089 0.004885975 0.113558710 5.800841808 -0.003622508 0.015444932 0.000195579 0.999874175
1780046196.754415 0.004741836 0.117613748 5.816186905 -0.003678190 0.015289485 0.000121487 0.999876380
1780046196.787740 0.006068919 0.117340960 5.837327957 -0.003404176 0.015549988 0.000485644 0.999873221
1780046196.821066 0.007661235 0.121391445 5.849729061 -0.003669162 0.015572466 0.000358709 0.999871969
1780046196.854391 0.006237926 0.119574577 5.867902279 -0.004041304 0.015573213 0.000178117 0.999870539
1780046196.887716 0.006761270 0.118229337 5.885945797 -0.005080078 0.015850719 -0.000059568 0.999861538
1780046196.921041 0.007330163 0.120730288 5.903207302 -0.005135523 0.015875919 -0.000250101 0.999860823
1780046196.954366 0.004614807 0.119915351 5.920170784 -0.004404924 0.015876986 -0.000653565 0.999864101
1780046196.987689 0.005407054 0.120448090 5.936220169 -0.004653138 0.016032157 -0.000649912 0.999860466
1780046197.021014 0.007424918 0.120990016 5.960431576 -0.004239163 0.016255666 -0.000662127 0.999858677
1780046197.054339 0.005628774 0.123509973 5.965533257 -0.004126478 0.016174959 -0.000816125 0.999860406
1780046197.087663 0.005220927 0.123797789 5.985070229 -0.004365067 0.016160998 -0.000768942 0.999859571
1780046197.120987 0.004682649 0.125869140 6.003892422 -0.004198381 0.016030604 -0.001072474 0.999862194
1780046197.154311 0.006987758 0.126347587 6.020627975 -0.004759240 0.015654810 -0.000326973 0.999866128
1780046197.187635 0.007969209 0.126491070 6.037280560 -0.004495197 0.015861861 -0.000243810 0.999864101
1780046197.220958 0.006788333 0.124643594 6.050714016 -0.004077573 0.016073978 -0.000222245 0.999862492
1780046197.254282 0.007578659 0.120055094 6.061741352 -0.004318421 0.015916856 -0.000560541 0.999863923
1780046197.287606 0.007714120 0.122180134 6.079125404 -0.004442250 0.015433253 -0.000364350 0.999871016
1780046197.320929 0.008853555 0.121912204 6.095783710 -0.004838459 0.015481414 0.000101963 0.999868512
1780046197.354252 0.008935967 0.124384038 6.115141392 -0.005214470 0.015661892 0.000518762 0.999863684
1780046197.387575 0.008758883 0.123095319 6.126960754 -0.005064791 0.015380604 0.000194682 0.999868929
1780046197.420898 0.010043722 0.121563412 6.142091751 -0.005306559 0.015116511 0.000109742 0.999871731
1780046197.454225 0.009073952 0.121449992 6.156569958 -0.004623966 0.015222308 -0.000229883 0.999873459
1780046197.487551 0.007452745 0.121731527 6.176633835 -0.003718922 0.015244722 -0.000791758 0.999876618
1780046197.520878 0.007345567 0.125236124 6.198030472 -0.003514250 0.014637404 -0.000980506 0.999886215
1780046197.554204 0.008668081 0.121610582 6.206003666 -0.004077346 0.014607968 -0.001160349 0.999884367
1780046197.587531 0.007404005 0.122968458 6.220901966 -0.004149694 0.014889918 -0.000670099 0.999880314
1780046197.620857 0.011918331 0.126198530 6.246425629 -0.004403347 0.014929007 -0.000179414 0.999878883
1780046197.654183 0.013081701 0.126237109 6.263561249 -0.004250407 0.014868172 -0.000085447 0.999880493
1780046197.687509 0.012937029 0.124247231 6.276627541 -0.003798843 0.014981785 0.000011782 0.999880552
1780046197.720835 0.010208047 0.125146404 6.290509701 -0.003385026 0.014981315 -0.000262737 0.999882042
1780046197.754161 0.012529243 0.127785683 6.312297344 -0.003083417 0.015190477 0.000023405 0.999879897
1780046197.787486 0.012325064 0.125816122 6.326058865 -0.002932125 0.015574459 -0.000051678 0.999874413
1780046197.820812 0.011312950 0.126564130 6.341341496 -0.003154726 0.015712658 -0.000146435 0.999871612
1780046197.854137 0.012463117 0.126779139 6.361450672 -0.002688284 0.015662821 -0.000327961 0.999873698
1780046197.887461 0.011880533 0.130518109 6.379188538 -0.002529720 0.015598509 -0.000677212 0.999874949
1780046197.920787 0.012744570 0.127897263 6.393953800 -0.002663425 0.015697209 -0.000664636 0.999873102
1780046197.954111 0.012232948 0.125837505 6.406031132 -0.002368115 0.015889261 -0.000590661 0.999870777
1780046197.987436 0.012088006 0.126713753 6.422600746 -0.002898045 0.015945122 -0.001037217 0.999868155
1780046198.020761 0.013062427 0.126757875 6.432901382 -0.003048202 0.015813822 -0.001412723 0.999869347
1780046198.054085 0.013076284 0.128354877 6.483535767 -0.002681195 0.015427912 -0.001463889 0.999876320
1780046198.087410 0.012782427 0.128200352 6.499137878 -0.003381116 0.015342036 -0.001521003 0.999875426
1780046198.120734 0.014403449 0.126990154 6.516602516 -0.003194795 0.015130022 -0.001235005 0.999879658
1780046198.154058 0.015375395 0.129775673 6.532847881 -0.003706388 0.015050557 -0.001159629 0.999879241
1780046198.187382 0.014137836 0.128305703 6.550580978 -0.003677411 0.015157187 -0.001438320 0.999877334
1780046198.220706 0.012724592 0.128149346 6.566461563 -0.003156702 0.015240695 -0.002057609 0.999876797
1780046198.254030 0.012391435 0.129797295 6.584148407 -0.003739938 0.015032686 -0.002320881 0.999877334
1780046198.287354 0.012075579 0.130525842 6.599868298 -0.004740349 0.015237520 -0.003157232 0.999867737
1780046198.320676 0.010581473 0.131596878 6.617879391 -0.005037080 0.015374532 -0.003857272 0.999861717
1780046198.353999 0.010668391 0.131923452 6.634244919 -0.005003914 0.015315581 -0.003757188 0.999863207
1780046198.387322 0.012023916 0.132925466 6.651319027 -0.004584705 0.015262459 -0.003228432 0.999867857
1780046198.420648 0.013588397 0.134340793 6.669455528 -0.004649463 0.015408641 -0.002808181 0.999866545
1780046198.453974 0.012470376 0.133839965 6.684855938 -0.004485520 0.015378067 -0.002880675 0.999867618
1780046198.487301 0.010907591 0.132363334 6.700343132 -0.004835191 0.015423539 -0.003271932 0.999864042
1780046198.520627 0.011004472 0.134653419 6.717610836 -0.004586983 0.015377771 -0.003286670 0.999865890
1780046198.553954 0.011288858 0.133676246 6.732859612 -0.004903464 0.015383506 -0.002981176 0.999865234
1780046198.587280 0.013024976 0.135400876 6.749824524 -0.005002100 0.015572545 -0.002691440 0.999862671
1780046198.620606 0.013443773 0.137495011 6.770527840 -0.004672506 0.015586183 -0.002792794 0.999863744
1780046198.653932 0.013868152 0.136276081 6.784337044 -0.004881532 0.015393085 -0.002817162 0.999865711
1780046198.687258 0.013300307 0.138594180 6.802905083 -0.004638992 0.015323306 -0.002598123 0.999868512
1780046198.720583 0.015396520 0.139141172 6.817460537 -0.004511102 0.015444551 -0.002172507 0.999868214
1780046198.753908 0.014561905 0.137932345 6.833109856 -0.004434588 0.015590173 -0.002152667 0.999866366
1780046198.787233 0.014247126 0.139978215 6.855057716 -0.004923639 0.015520868 -0.002250070 0.999864936
1780046198.820559 0.013740657 0.140315637 6.868841171 -0.004883228 0.015431407 -0.002217151 0.999866545
1780046198.853884 0.014169042 0.138686448 6.883656979 -0.004818259 0.015394051 -0.002271169 0.999867320
1780046198.887208 0.015834719 0.140003145 6.898023129 -0.004633096 0.015305766 -0.002224301 0.999869704
1780046198.920533 0.016816286 0.142678514 6.927088261 -0.004520920 0.015531885 -0.003255057 0.999863863
1780046198.953858 0.014935523 0.143033534 6.943238258 -0.004471253 0.015579536 -0.003740336 0.999861658
1780046198.987183 0.017371731 0.143292010 6.959613800 -0.004161520 0.015665213 -0.003340113 0.999863088
1780046199.020507 0.018371753 0.144154444 6.975214481 -0.004722933 0.015583762 -0.003428814 0.999861598
1780046199.053832 0.017403813 0.143109903 6.992414474 -0.005260174 0.015515596 -0.003212340 0.999860704
1780046199.087156 0.017144002 0.143080115 7.009222984 -0.005136515 0.015845640 -0.003449291 0.999855340
1780046199.120480 0.018433111 0.144981384 7.028148651 -0.005387516 0.015807491 -0.003572369 0.999854207
1780046199.153804 0.019135119 0.145636261 7.046838284 -0.005325399 0.015553000 -0.003504354 0.999858797
1780046199.187127 0.019402003 0.146283984 7.060622215 -0.005336660 0.015354604 -0.003339458 0.999862373
1780046199.220450 0.021861436 0.144510865 7.076440811 -0.005462466 0.015388864 -0.003087113 0.999861956
1780046199.253774 0.021232687 0.144072294 7.089927197 -0.005443976 0.015610471 -0.002918426 0.999859154
1780046199.287097 0.020476891 0.145027459 7.106895924 -0.005052141 0.015847987 -0.003257738 0.999856353
1780046199.320421 0.020946631 0.143934339 7.121672153 -0.005073709 0.015941393 -0.003086369 0.999855340
1780046199.353744 0.021419272 0.144553334 7.137909412 -0.005209248 0.016157921 -0.003055733 0.999851227
1780046199.387066 0.022159547 0.144449890 7.151900291 -0.004731228 0.016046084 -0.003288293 0.999854684
1780046199.420389 0.020309318 0.146788031 7.172080517 -0.004583471 0.016112536 -0.003638937 0.999853075
1780046199.453716 0.019523626 0.147429600 7.188657761 -0.004213003 0.016211780 -0.003466769 0.999853730
1780046199.487042 0.021302992 0.145596534 7.203528881 -0.004480783 0.016255541 -0.003242922 0.999852598
1780046199.520368 0.018131401 0.148583636 7.227082729 -0.004040602 0.016693138 -0.003663329 0.999845803
1780046199.553694 0.017065542 0.148898408 7.243026257 -0.004125459 0.016641740 -0.004145880 0.999844432
1780046199.587020 0.016351921 0.148805410 7.258436680 -0.004049978 0.016281169 -0.004243326 0.999850333
1780046199.620346 0.016942214 0.151008934 7.277740002 -0.004231740 0.016227931 -0.004209212 0.999850512
1780046199.653670 0.017819429 0.150968835 7.294315815 -0.003594635 0.016262699 -0.004141709 0.999852717
1780046199.686996 0.017618358 0.149904832 7.307971001 -0.003877621 0.016308736 -0.004041627 0.999851406
1780046199.720321 0.017548820 0.150336280 7.329139709 -0.003756500 0.015914984 -0.004530541 0.999856055
1780046199.753646 0.016056372 0.153929710 7.344082832 -0.003580860 0.016067656 -0.004376153 0.999854982
1780046199.786971 0.019290848 0.147815526 7.359419823 -0.003426701 0.016179031 -0.004585269 0.999852777
1780046199.820296 0.019443829 0.146098360 7.374369621 -0.003544687 0.016160686 -0.004759015 0.999851823
1780046199.853621 0.017482530 0.151668936 7.397940159 -0.003319050 0.016351636 -0.004777765 0.999849379
1780046199.886945 0.015407971 0.154209957 7.405354500 -0.002798634 0.016144676 -0.004877096 0.999853909
1780046199.920270 0.019662410 0.149251357 7.425691605 -0.003467537 0.016304661 -0.004517336 0.999850869
1780046199.953594 0.018708639 0.152641386 7.445460796 -0.003319738 0.016545985 -0.004685143 0.999846637
1780046199.986918 0.018843599 0.150810361 7.459325790 -0.003295901 0.016679173 -0.004989698 0.999843061
1780046200.020242 0.019524859 0.153860986 7.480819225 -0.003008300 0.016393224 -0.005035411 0.999848425
1780046200.053566 0.021094160 0.154761866 7.497908592 -0.002826485 0.016336991 -0.004903150 0.999850571
1780046200.086890 0.021665223 0.153414786 7.511304855 -0.003167626 0.016556371 -0.004730578 0.999846756
1780046200.120213 0.022677924 0.155976176 7.529428482 -0.003177646 0.016373375 -0.004663595 0.999850035
1780046200.153537 0.021178722 0.154147550 7.545781136 -0.004277324 0.016521258 -0.004689363 0.999843419
1780046200.186860 0.021778006 0.154853836 7.559690475 -0.004186232 0.016211975 -0.004894076 0.999847889
1780046200.220183 0.020734042 0.156134516 7.582765579 -0.004432709 0.016165275 -0.004471099 0.999849558
1780046200.253506 0.020682188 0.156324357 7.598042488 -0.004607167 0.016182207 -0.004406371 0.999848843
1780046200.286829 0.022446405 0.160545066 7.619884968 -0.004001614 0.016478706 -0.004998579 0.999843717
1780046200.320153 0.023677554 0.158114880 7.632387161 -0.004473182 0.016208611 -0.004699075 0.999847651
1780046200.353475 0.020481383 0.161088973 7.655680656 -0.004593139 0.016019324 -0.005419294 0.999846518
1780046200.386798 0.022821849 0.161973029 7.671862602 -0.004295544 0.015889883 -0.005152471 0.999851286
1780046200.420121 0.021613754 0.159354061 7.682877541 -0.004645930 0.016216662 -0.004913201 0.999845684
1780046200.453503 0.024207359 0.162560403 7.707696915 -0.004772907 0.016075395 -0.004556780 0.999849081
1780046200.486908 0.022920417 0.160976946 7.715800285 -0.004767018 0.015873400 -0.004641610 0.999851882
1780046200.520313 0.022512892 0.159863964 7.732988834 -0.004294585 0.015982090 -0.004717320 0.999851942
1780046200.553718 0.022525860 0.157985061 7.746019363 -0.004036578 0.015970889 -0.004653837 0.999853492
1780046200.587124 0.024405083 0.158174470 7.761879921 -0.003774406 0.015954530 -0.004257043 0.999856532
1780046200.620530 0.023986084 0.159255490 7.779616356 -0.003413407 0.016170992 -0.004029771 0.999855340
1780046200.653937 0.024995204 0.158374742 7.793036938 -0.002776599 0.016102212 -0.004044948 0.999858379
1780046200.687344 0.024295922 0.159167379 7.809691429 -0.002837403 0.016319148 -0.004169090 0.999854207
1780046200.720752 0.025321089 0.159900799 7.827660561 -0.003158728 0.016144240 -0.003804280 0.999857485
1780046200.754159 0.025535336 0.158551604 7.840651035 -0.002919685 0.016188653 -0.003671456 0.999858022
1780046200.787567 0.026899640 0.159578815 7.860845566 -0.002549125 0.016400838 -0.003722386 0.999855340
1780046200.820976 0.026528116 0.159109160 7.875117302 -0.002250025 0.016465500 -0.003829397 0.999854624
1780046200.854385 0.026436575 0.159685999 7.893032551 -0.001665928 0.016355881 -0.003773816 0.999857783
1780046200.887794 0.026704928 0.159187213 7.907107830 -0.001848781 0.016501840 -0.004060824 0.999853909
1780046200.921204 0.025294323 0.161923841 7.925432682 -0.001329709 0.017136630 -0.004429348 0.999842465
1780046200.954614 0.025728526 0.159775794 7.941026688 -0.001488741 0.017020321 -0.004403320 0.999844372
1780046200.988024 0.026577119 0.162049308 7.957711220 -0.001837106 0.016905224 -0.004310340 0.999846160
1780046201.021435 0.025713548 0.162161186 7.974052429 -0.001858648 0.017044010 -0.005006627 0.999840498
1780046201.054846 0.025892012 0.161164179 7.991437435 -0.001848925 0.017128812 -0.005269666 0.999837756
1780046201.088257 0.026378205 0.162196934 8.007645607 -0.001645915 0.017106935 -0.005398516 0.999837756
1780046201.121669 0.025592860 0.162146583 8.025526047 -0.001669196 0.016976917 -0.005930214 0.999836981
1780046201.155081 0.024422012 0.165105730 8.043718338 -0.001285273 0.017105270 -0.006297932 0.999833047
1780046201.188494 0.025148198 0.164183915 8.057743073 -0.001769364 0.016950553 -0.005874819 0.999837518
1780046201.221907 0.025203494 0.164223209 8.074598312 -0.001793174 0.016987184 -0.005638868 0.999838233
1780046201.255321 0.026220705 0.164772570 8.089834213 -0.001860873 0.017160377 -0.005414295 0.999836385
1780046201.288734 0.025936171 0.166289404 8.108953476 -0.001827427 0.017003944 -0.005708788 0.999837458
1780046201.322148 0.026416302 0.165939376 8.123241425 -0.001845602 0.016881496 -0.005712213 0.999839485
1780046201.355563 0.026610853 0.165300176 8.138214111 -0.002485655 0.016682647 -0.005766728 0.999841154
1780046201.388978 0.027922241 0.167456985 8.156046867 -0.002668391 0.016791882 -0.005283425 0.999841511
1780046201.422392 0.028000090 0.165781677 8.176602364 -0.003602688 0.016912673 -0.005143573 0.999837279
1780046201.455741 0.028200578 0.169045717 8.194416046 -0.004386247 0.017238986 -0.004590643 0.999831259
1780046201.489060 0.030301383 0.166883290 8.211057663 -0.005700675 0.017298764 -0.004176482 0.999825358
1780046201.522378 0.033215612 0.172244802 8.230519295 -0.006335578 0.017648000 -0.003667025 0.999817491
1780046201.555697 0.030681616 0.170773447 8.247557640 -0.006414350 0.017772632 -0.004028886 0.999813437
1780046201.589015 0.031065527 0.172278464 8.266665459 -0.006783531 0.017240809 -0.004156628 0.999819696
1780046201.622333 0.031936061 0.172296792 8.279784203 -0.006594284 0.017551308 -0.004295920 0.999814987
1780046201.655651 0.033249561 0.172088906 8.296712875 -0.006375135 0.017704358 -0.004223335 0.999814034
1780046201.688969 0.032144237 0.173566222 8.312755585 -0.006324268 0.017706754 -0.004683179 0.999812245
1780046201.722286 0.031937178 0.172932371 8.327432632 -0.006468557 0.017255865 -0.004741066 0.999818981
1780046201.755604 0.033316407 0.174757153 8.344021797 -0.006761298 0.017095149 -0.004074683 0.999822736
1780046201.788921 0.034975316 0.173617154 8.359715462 -0.007305934 0.017414758 -0.003864048 0.999814212
1780046201.822237 0.032611132 0.175183296 8.383070946 -0.006522490 0.017709933 -0.003980952 0.999813974
1780046201.855554 0.033452213 0.174150050 8.397520065 -0.006541509 0.017467573 -0.004090921 0.999817669
1780046201.888870 0.029999193 0.175188377 8.414544106 -0.006040763 0.017434675 -0.004353927 0.999820292
1780046201.922186 0.032680172 0.175093725 8.431300163 -0.006039198 0.017416554 -0.004249183 0.999821067
1780046201.955502 0.033542171 0.175221354 8.447085381 -0.006358273 0.017052324 -0.003878295 0.999826849
1780046201.988818 0.033375971 0.176340267 8.463293076 -0.005422354 0.016943621 -0.003854454 0.999834359
1780046202.022134 0.035861131 0.177057385 8.482015610 -0.005471561 0.016992776 -0.003293118 0.999835253
1780046202.055449 0.037509441 0.176206186 8.497938156 -0.005646294 0.017011765 -0.003156518 0.999834418
1780046202.088764 0.037445176 0.175391585 8.512594223 -0.004987459 0.017123092 -0.002820336 0.999836981
1780046202.122080 0.036070310 0.178446054 8.531040192 -0.005105800 0.016843706 -0.003003405 0.999840677
1780046202.155395 0.037840389 0.179059342 8.547827721 -0.005496323 0.016700603 -0.002541466 0.999842286
1780046202.188709 0.039176226 0.179278493 8.563493729 -0.004821247 0.016843956 -0.002254111 0.999844015
1780046202.222024 0.039041750 0.179269940 8.579435349 -0.005151673 0.017151061 -0.001913180 0.999837816
1780046202.255338 0.039531820 0.179580495 8.595289230 -0.004924617 0.016658371 -0.001588793 0.999847889
1780046202.288652 0.043379225 0.179792225 8.612149239 -0.004297420 0.015874393 -0.000930979 0.999864340
1780046202.321965 0.042847078 0.178266451 8.625734329 -0.004075521 0.016341168 -0.000569836 0.999858081
1780046202.355279 0.042144187 0.179193899 8.640759468 -0.004072522 0.016640838 -0.000769568 0.999852955
1780046202.388592 0.041412052 0.182768181 8.661291122 -0.004189478 0.016775969 -0.000803475 0.999850214
1780046202.421906 0.041650824 0.183077902 8.677578926 -0.004871854 0.016605128 -0.000858998 0.999849916
1780046202.455223 0.041897271 0.181818232 8.693694115 -0.004207968 0.016706966 -0.001013434 0.999851108
1780046202.488542 0.043469291 0.179545641 8.707989693 -0.004493777 0.016788689 -0.001404943 0.999848008
1780046202.521861 0.042012032 0.179720506 8.722578049 -0.004499481 0.016793398 -0.001902399 0.999847114
1780046202.555179 0.040709514 0.182560265 8.742522240 -0.004271714 0.016799789 -0.002204848 0.999847353
1780046202.588497 0.042364515 0.183219150 8.759176254 -0.004477667 0.017292716 -0.001693605 0.999839067
1780046202.621815 0.042503841 0.182928398 8.774427414 -0.004894608 0.016929640 -0.001958149 0.999842823
1780046202.655133 0.041436344 0.184473485 8.792343140 -0.004740247 0.016885241 -0.002467485 0.999843240
1780046202.688450 0.041388761 0.183427677 8.806682587 -0.004781582 0.016820470 -0.002461212 0.999844134
1780046202.721768 0.040662490 0.185428217 8.828228951 -0.004591621 0.016898269 -0.002453260 0.999843657
1780046202.755084 0.041006729 0.184557274 8.841199875 -0.004849749 0.016861930 -0.002512613 0.999842942
1780046202.788401 0.041076031 0.185154155 8.857124329 -0.004927524 0.016832508 -0.002339317 0.999843478
1780046202.821718 0.040873546 0.187322050 8.877532959 -0.004619642 0.016864343 -0.002266279 0.999844611
1780046202.855034 0.042413261 0.188291728 8.895810127 -0.004041273 0.016655220 -0.002092929 0.999850988
1780046202.888350 0.040803425 0.188194677 8.912598610 -0.004547486 0.016805204 -0.002262688 0.999845922
1780046202.921667 0.040993512 0.188526168 8.927761078 -0.004460034 0.016561318 -0.002316331 0.999850273
1780046202.954983 0.041988578 0.189479679 8.944551468 -0.004363632 0.016377153 -0.002262400 0.999853849
1780046202.988299 0.042703740 0.189747289 8.961195946 -0.004252819 0.016651103 -0.002253729 0.999849856
1780046203.021614 0.042519342 0.191580877 8.981491089 -0.004273038 0.016616153 -0.002075383 0.999850690
1780046203.054929 0.043925565 0.189198300 8.994556427 -0.003613368 0.016564077 -0.002023885 0.999854267
1780046203.088245 0.041905575 0.192645043 9.016456604 -0.003617141 0.016643340 -0.002416427 0.999852121
1780046203.121559 0.042491835 0.194511533 9.037104607 -0.003108954 0.016547313 -0.002349932 0.999855578
1780046203.154874 0.044538256 0.188079998 9.033454895 -0.003404342 0.016897503 -0.002282919 0.999848843
1780046203.188189 0.043677915 0.189129576 9.051678658 -0.003696398 0.016797328 -0.002373580 0.999849319
1780046203.221502 0.045028742 0.187767997 9.064566612 -0.003622131 0.016592914 -0.002339958 0.999853134
1780046203.254816 0.044692684 0.189504981 9.084034920 -0.003775538 0.016943282 -0.002288878 0.999846756
1780046203.288130 0.046207521 0.188089520 9.099477768 -0.003153043 0.016975313 -0.002217658 0.999848545
1780046203.321444 0.047588687 0.187739521 9.114401817 -0.002742172 0.016932009 -0.001921427 0.999851108
1780046203.354758 0.047168002 0.188111857 9.129184723 -0.002851781 0.016661188 -0.001962701 0.999855280
1780046203.388071 0.045256782 0.191026717 9.151315689 -0.002257062 0.016982488 -0.001849289 0.999851584
1780046203.421384 0.047559395 0.189616159 9.163129807 -0.002243251 0.016930055 -0.001725273 0.999852717
1780046203.454729 0.045815889 0.190314293 9.181558609 -0.002877521 0.016573189 -0.001909470 0.999856710
1780046203.488091 0.048441865 0.189879194 9.199396133 -0.003150709 0.016167199 -0.001793100 0.999862790
1780046203.521454 0.047355864 0.191745415 9.218543053 -0.002932085 0.016536307 -0.001632915 0.999857664
1780046203.554817 0.046279848 0.193688884 9.236668587 -0.002707186 0.016639635 -0.001548571 0.999856770
1780046203.588180 0.047630340 0.189820901 9.249079704 -0.002353175 0.016512221 -0.001812102 0.999859333
1780046203.621544 0.049465522 0.191887617 9.264420509 -0.002354328 0.015895018 -0.001229938 0.999870181
1780046203.654907 0.048790462 0.191307545 9.280589104 -0.002536246 0.015855612 -0.001716754 0.999869645
1780046203.688271 0.048537295 0.195718408 9.302758217 -0.002089931 0.016112501 -0.001635699 0.999866724
1780046203.721636 0.049764384 0.194556475 9.321016312 -0.002171094 0.016312014 -0.001346731 0.999863684
1780046203.755001 0.050343148 0.193972304 9.334063530 -0.002635468 0.016208086 -0.001586192 0.999863923
1780046203.788367 0.049619444 0.194863603 9.353691101 -0.002370936 0.015890624 -0.001544191 0.999869764
1780046203.821733 0.050461572 0.195946619 9.370198250 -0.002955136 0.016039200 -0.001224110 0.999866247
1780046203.855098 0.051861528 0.194105580 9.384640694 -0.002689062 0.016340027 -0.001140910 0.999862254
1780046203.888465 0.051013637 0.197131321 9.405159950 -0.002438405 0.016535291 -0.001284314 0.999859512
1780046203.921832 0.050364517 0.194838628 9.417840958 -0.002089815 0.016525717 -0.001557093 0.999860048
1780046203.955199 0.050556876 0.194739431 9.433198929 -0.001733001 0.016659146 -0.001722800 0.999858320
1780046203.988567 0.050904289 0.197810307 9.452663422 -0.001956278 0.017064868 -0.001992104 0.999850512
1780046204.021935 0.051057767 0.196689144 9.467346191 -0.001954129 0.016967354 -0.001843357 0.999852479
1780046204.055304 0.050399035 0.197902381 9.484751701 -0.001746728 0.016844967 -0.002103331 0.999854445
1780046204.088671 0.051904637 0.197641835 9.500564575 -0.002145019 0.017026607 -0.001974767 0.999850810
1780046204.122040 0.051582668 0.196555421 9.514920235 -0.002142509 0.017064702 -0.002191178 0.999849677
1780046204.155410 0.051439419 0.196823090 9.530666351 -0.001941905 0.016830051 -0.002416488 0.999853611
1780046204.188780 0.052456416 0.196788386 9.547470093 -0.002014127 0.016753789 -0.001894198 0.999855876
1780046204.222150 0.053249035 0.196621642 9.562004089 -0.000685183 0.016998010 -0.001804386 0.999853730
1780046204.255520 0.054324985 0.197077692 9.579924583 -0.000852793 0.017217256 -0.001889936 0.999849677
1780046204.288892 0.055637393 0.194985583 9.591203690 -0.000308648 0.016908273 -0.002138442 0.999854803
1780046204.322263 0.054695025 0.197124332 9.611544609 -0.000572193 0.016784215 -0.001973621 0.999857068
1780046204.355634 0.051744118 0.196970478 9.629439354 -0.001066234 0.017045066 -0.001887221 0.999852419
1780046204.389006 0.053641818 0.196356609 9.644409180 -0.000702754 0.017093262 -0.001841580 0.999852002
1780046204.422379 0.049714167 0.198016837 9.665280342 -0.001140440 0.017205318 -0.002307006 0.999848723
1780046204.455753 0.048916895 0.200186580 9.681425095 -0.001031590 0.016872805 -0.002674752 0.999853551
1780046204.489158 0.053290278 0.201886833 9.697021484 -0.000780321 0.016899487 -0.002512397 0.999853790
1780046204.522564 0.055225309 0.204052225 9.727847099 -0.000476958 0.017183257 -0.002094613 0.999850094
1780046204.555968 0.054949898 0.206089571 9.743784904 0.000194687 0.017238708 -0.002451655 0.999848425
1780046204.589374 0.053407449 0.204991579 9.759779930 -0.000087065 0.017340017 -0.002899130 0.999845445
1780046204.622781 0.053854611 0.206029564 9.777556419 -0.000208545 0.016954487 -0.002979015 0.999851823
1780046204.656188 0.054967642 0.205237657 9.793604851 -0.000193635 0.017172262 -0.002658355 0.999849021
1780046204.689595 0.056324072 0.205492541 9.809158325 -0.000627981 0.017178379 -0.002415085 0.999849379
1780046204.723002 0.054875713 0.206730977 9.826300621 -0.000363449 0.017248867 -0.002661448 0.999847651
1780046204.756410 0.054056495 0.207646102 9.843575478 -0.000532132 0.017423151 -0.003147743 0.999843121
1780046204.789819 0.054720800 0.207497552 9.859444618 -0.000042454 0.017040690 -0.003057831 0.999850214
1780046204.823227 0.056687344 0.206095979 9.874795914 0.000030162 0.016974287 -0.002507232 0.999852836
1780046204.856636 0.058185890 0.206587046 9.890668869 -0.000252157 0.017236810 -0.002200272 0.999849021
1780046204.890045 0.057341065 0.205459818 9.904582024 0.000036707 0.017154621 -0.002267214 0.999850333
1780046204.923455 0.056237277 0.206092894 9.921927452 -0.000128674 0.017031744 -0.002827070 0.999850988
1780046204.956865 0.055058926 0.208057106 9.939216614 -0.000122827 0.017159961 -0.002715015 0.999849141
1780046204.990275 0.057428211 0.208259240 9.957439423 0.000029208 0.016823927 -0.002071394 0.999856353
1780046205.023685 0.057541035 0.209817573 9.976103783 -0.000627156 0.016763495 -0.001718332 0.999857843
1780046205.057097 0.057999808 0.209258884 9.990188599 -0.000569794 0.016633626 -0.001794842 0.999859929
1780046205.090508 0.057507984 0.208291918 10.003106117 -0.000237186 0.016701214 -0.001552923 0.999859333
1780046205.123920 0.056773797 0.209640577 10.024586678 -0.000283363 0.016686751 -0.001586732 0.999859512
1780046205.157333 0.057985567 0.208363846 10.036975861 -0.000169145 0.016644351 -0.001285411 0.999860704
1780046205.190745 0.060826249 0.209814772 10.054014206 -0.000524161 0.016407026 -0.001085895 0.999864697
1780046205.224158 0.059935842 0.210012957 10.071781158 -0.000656625 0.016372317 -0.001226808 0.999865055
1780046205.257572 0.059311010 0.212350458 10.090869904 -0.000486229 0.016372049 -0.001324482 0.999865055
1780046205.290986 0.060636330 0.212889895 10.106889725 -0.000459262 0.016389603 -0.000961281 0.999865174
1780046205.324400 0.060524933 0.213004082 10.125426292 -0.000898646 0.016577626 -0.000645101 0.999861956
1780046205.357814 0.060692031 0.211986035 10.140309334 -0.000861984 0.016657662 -0.000551839 0.999860823
1780046205.391229 0.061711237 0.212729663 10.156235695 0.000143558 0.016929246 -0.000846914 0.999856412
1780046205.424644 0.060963731 0.209839210 10.168178558 0.001470777 0.017051749 -0.000788549 0.999853253
1780046205.458038 0.061542600 0.210356385 10.186674118 0.001891833 0.016908942 -0.000391397 0.999855161
1780046205.491433 0.064453468 0.209831417 10.198724747 0.001473405 0.017130679 -0.000523999 0.999852061
1780046205.524829 0.072295278 0.199972019 10.221012115 0.001903659 0.017294187 -0.000995373 0.999848187
1780046205.558225 0.070558876 0.200518638 10.238263130 0.002028628 0.017182749 -0.001635140 0.999849081
1780046205.591621 0.069624670 0.199552864 10.253787041 0.001652948 0.017007122 -0.001681482 0.999852598
1780046205.625018 0.071687736 0.201147512 10.269501686 0.001703170 0.017301492 -0.001640528 0.999847531
1780046205.658415 0.070462562 0.200667158 10.286659241 0.001974017 0.017500333 -0.001929650 0.999843061
1780046205.691812 0.071449794 0.201580316 10.304353714 0.002005521 0.017374307 -0.002078664 0.999844909
1780046205.725210 0.069543265 0.204009831 10.320500374 0.000779677 0.017069213 -0.002389241 0.999851167
1780046205.758607 0.069770314 0.204503253 10.340821266 -0.000234575 0.016844153 -0.002317200 0.999855459
1780046205.792006 0.070095263 0.203207478 10.355450630 -0.000096982 0.017020121 -0.002209540 0.999852777
1780046205.825403 0.071200505 0.204122216 10.371011734 -0.000138769 0.017187087 -0.002051322 0.999850273
1780046205.858803 0.071699671 0.204264536 10.388462067 -0.000225781 0.017170398 -0.002177860 0.999850214
1780046205.892200 0.071707405 0.205191240 10.406131744 -0.000263792 0.016901320 -0.002311689 0.999854505
1780046205.925600 0.070559435 0.204140574 10.420177460 -0.000043937 0.016604163 -0.002738602 0.999858439
1780046205.958999 0.070434570 0.204232290 10.437355995 -0.000746772 0.016386596 -0.002763905 0.999861717
1780046205.992399 0.070764527 0.205205783 10.455816269 -0.000374374 0.016706634 -0.002617804 0.999857008
1780046206.025799 0.070006259 0.206298336 10.472400665 -0.000063839 0.016788552 -0.002672113 0.999855518
1780046206.059200 0.070033729 0.206016913 10.486791611 -0.000314639 0.016879108 -0.002619329 0.999854147
1780046206.092600 0.071955971 0.206448227 10.504059792 -0.000907602 0.016940890 -0.002120174 0.999853849
1780046206.126001 0.072354011 0.207428858 10.521602631 -0.000818724 0.016815919 -0.002471771 0.999855280
1780046206.159403 0.070185639 0.205913275 10.537364006 -0.001236109 0.016738992 -0.002599223 0.999855816
1780046206.192804 0.072081096 0.205817670 10.552150726 -0.001387836 0.016548809 -0.002325947 0.999859452
1780046206.226206 0.072296746 0.208405063 10.572893143 -0.001910401 0.016841589 -0.002315143 0.999853730
1780046206.259609 0.072980508 0.209819034 10.590991974 -0.002871372 0.017064508 -0.002485261 0.999847293
1780046206.293010 0.072941460 0.209783569 10.608965874 -0.002536136 0.016763635 -0.002327387 0.999853611
1780046206.326413 0.075583138 0.208951041 10.641519547 -0.003174314 0.016662793 -0.002232385 0.999853671
1780046206.359815 0.075191364 0.208223924 10.656298637 -0.003057390 0.016691402 -0.002381840 0.999853194
1780046206.393219 0.076891512 0.209340930 10.673319817 -0.003234022 0.016708620 -0.001979548 0.999853253
1780046206.426623 0.077936776 0.209457397 10.688053131 -0.003394958 0.016720116 -0.001790808 0.999852896
1780046206.460020 0.077872694 0.208346710 10.704107285 -0.003539063 0.016775560 -0.002038999 0.999850988
1780046206.493331 0.076726824 0.210372761 10.723361015 -0.003273784 0.016582076 -0.001815731 0.999855578
1780046206.526643 0.077672213 0.210828707 10.739404678 -0.003013973 0.016767427 -0.001862547 0.999853134
1780046206.559953 0.078293793 0.210921139 10.752761841 -0.001756405 0.016699316 -0.001507055 0.999857903
1780046206.593264 0.078740880 0.210324809 10.769654274 -0.001297822 0.016593974 -0.001518167 0.999860406
1780046206.626575 0.078156330 0.211007997 10.784949303 -0.001532708 0.016267747 -0.001653812 0.999865174
1780046206.659885 0.078878403 0.210678130 10.799326897 -0.001036397 0.016373936 -0.001381200 0.999864459
1780046206.693195 0.078952052 0.210874826 10.816220284 -0.001553138 0.016712014 -0.001397446 0.999858201
1780046206.726504 0.080328181 0.212061852 10.838650703 -0.001626387 0.016460834 -0.001633126 0.999861896
1780046206.759814 0.079013847 0.211538121 10.850154877 -0.001815850 0.016342906 -0.001861051 0.999863088
1780046206.793122 0.079329751 0.214097008 10.872183800 -0.001877849 0.016232124 -0.001828670 0.999864876
1780046206.826430 0.079305246 0.214390486 10.887909889 -0.001856654 0.016553463 -0.001501772 0.999860168
1780046206.859739 0.081793338 0.213098437 10.900295258 -0.002025596 0.016618174 -0.001454180 0.999858856
1780046206.893047 0.080951236 0.214785203 10.919612885 -0.002148394 0.016632248 -0.001159707 0.999858737
1780046206.926356 0.080353126 0.214704886 10.934002876 -0.002167666 0.016715568 -0.001224755 0.999857247
1780046206.959663 0.080182418 0.215193763 10.951498032 -0.001934599 0.016802229 -0.001660822 0.999855638
1780046206.992971 0.081298500 0.218622357 10.973291397 -0.001946415 0.016998425 -0.001531493 0.999852479
1780046207.026278 0.081725329 0.214939103 10.986440659 -0.002024059 0.017327685 -0.001234223 0.999847114
1780046207.059585 0.085063808 0.215524182 10.998536110 -0.001531410 0.017337169 -0.001221165 0.999847829
1780046207.092892 0.082582869 0.215149522 11.018363953 -0.001700355 0.017317409 -0.001616650 0.999847353
1780046207.126198 0.081744775 0.214831978 11.029605865 -0.001198557 0.017411457 -0.001858434 0.999845982
1780046207.159504 0.084080793 0.214180052 11.045252800 -0.001329449 0.017638510 -0.001536427 0.999842405
1780046207.192810 0.083567061 0.215818539 11.065131187 -0.001036123 0.017807389 -0.001517803 0.999839783
1780046207.226115 0.079994082 0.221025094 11.090044975 -0.000857719 0.017746383 -0.002347687 0.999839425
1780046207.259420 0.079052068 0.221625805 11.105220795 -0.000385836 0.017519018 -0.002724694 0.999842763
1780046207.292725 0.079812810 0.221714854 11.123929024 -0.000701808 0.017443374 -0.002354685 0.999844909
1780046207.326030 0.082261078 0.222594917 11.140546799 -0.000589588 0.017573541 -0.002040402 0.999843359
1780046207.359335 0.081356071 0.220966175 11.154455185 -0.000434959 0.017518155 -0.002202674 0.999844015
1780046207.392639 0.080621734 0.220955983 11.170560837 -0.000340448 0.017403634 -0.002260878 0.999845982
1780046207.425943 0.081522219 0.221748918 11.188035011 0.000259641 0.017357010 -0.002492242 0.999846280
1780046207.459248 0.082175337 0.222196624 11.204657555 0.000240413 0.017395925 -0.002416714 0.999845743
1780046207.492559 0.081327587 0.221891999 11.220624924 0.000500025 0.017299064 -0.003004676 0.999845803
1780046207.525871 0.081433333 0.219829440 11.235012054 0.000418132 0.016992455 -0.003360610 0.999849916
1780046207.559182 0.082333110 0.221569091 11.252727509 0.000341932 0.017219318 -0.002991696 0.999847233
1780046207.592492 0.082317911 0.222617850 11.272144318 -0.000008734 0.017593505 -0.003075374 0.999840558
1780046207.625802 0.082062989 0.223289296 11.286363602 -0.000326519 0.017576074 -0.003260576 0.999840200
1780046207.659111 0.082809255 0.222035185 11.302226067 -0.000305421 0.017408099 -0.003260477 0.999843121
1780046207.692421 0.083450466 0.223415583 11.319157600 0.000147334 0.017171899 -0.003300699 0.999847174
1780046207.725730 0.083190963 0.225268587 11.338889122 0.000090431 0.017450824 -0.003223323 0.999842584
1780046207.759040 0.083061665 0.223499969 11.348617554 0.000184795 0.017426645 -0.003428789 0.999842286
1780046207.792349 0.083293274 0.223769709 11.367623329 0.000474160 0.017376652 -0.003472888 0.999842882
1780046207.825657 0.083855316 0.224515259 11.380925179 0.000436006 0.017338257 -0.003246128 0.999844372
1780046207.858966 0.085419945 0.225446939 11.401705742 0.000449627 0.017294643 -0.002885544 0.999846220
1780046207.892274 0.087590471 0.226046070 11.418063164 0.000629064 0.017230287 -0.002514640 0.999848247
1780046207.925582 0.085552998 0.226611927 11.432450294 0.000153222 0.017277215 -0.002403001 0.999847889
1780046207.958890 0.085486531 0.227507353 11.452403069 0.000009803 0.017190807 -0.002387936 0.999849379
1780046207.992197 0.086532719 0.227212548 11.474147797 -0.000228185 0.017322248 -0.002361595 0.999847233
1780046208.025504 0.085921206 0.227533594 11.486145020 -0.000096461 0.017250348 -0.002183175 0.999848902
1780046208.058811 0.085270308 0.227346867 11.501013756 -0.000166072 0.017256925 -0.002177140 0.999848783
1780046208.092117 0.084937178 0.223246932 11.522845268 -0.000920305 0.016924778 -0.001499726 0.999855220
1780046208.125423 0.085886821 0.224018514 11.540607452 -0.001260498 0.016664991 -0.001408485 0.999859393
1780046208.158729 0.085519783 0.223925099 11.557362556 -0.001429069 0.016713141 -0.001639122 0.999858022
1780046208.192035 0.085111111 0.224707097 11.574890137 -0.001074646 0.016642701 -0.001660993 0.999859631
1780046208.225341 0.084700942 0.224353552 11.590675354 -0.001181930 0.016790276 -0.001537345 0.999857187
1780046208.258646 0.085446484 0.227026135 11.607968330 -0.001000007 0.016759496 -0.001489852 0.999857962
1780046208.291951 0.086703770 0.226236552 11.626354218 -0.000916299 0.017060013 -0.001890483 0.999852300
1780046208.325256 0.085516736 0.226370886 11.639318466 -0.001489276 0.017019581 -0.001957579 0.999852121
1780046208.358560 0.085408852 0.226741716 11.656950951 -0.001401962 0.016830433 -0.001885271 0.999855638
1780046208.391864 0.085183702 0.228140220 11.675613403 -0.001477405 0.016975850 -0.001670406 0.999853432
1780046208.425168 0.086448811 0.229666546 11.692122459 -0.001407597 0.017232357 -0.001578944 0.999849319
1780046208.458476 0.088913359 0.225125983 11.702202797 -0.001278710 0.017263815 -0.001876801 0.999848425
1780046208.491788 0.088405371 0.227122411 11.720848083 -0.001300034 0.017175939 -0.002013453 0.999849677
1780046208.525099 0.087801181 0.225382060 11.736499786 -0.001751678 0.017328853 -0.001986698 0.999846399
1780046208.558409 0.090954408 0.227546766 11.757299423 -0.001136210 0.017643910 -0.001433828 0.999842703
1780046208.591720 0.089382648 0.226750493 11.768899918 -0.000932163 0.018050971 -0.001629819 0.999835372
1780046208.625031 0.090509839 0.227489144 11.790200233 -0.001608738 0.017811449 -0.002102959 0.999837935
1780046208.658340 0.089188375 0.230044499 11.809257507 -0.001810879 0.017708847 -0.002264596 0.999839008
1780046208.691650 0.090580590 0.228921190 11.824216843 -0.001829613 0.017728826 -0.001937077 0.999839365
1780046208.724960 0.090525903 0.230285525 11.841863632 -0.001839555 0.018102884 -0.001757035 0.999832928
1780046208.758269 0.091417208 0.231279045 11.858749390 -0.001574696 0.018136574 -0.002095307 0.999832153
1780046208.791579 0.090471260 0.231529459 11.873994827 -0.001580638 0.017955381 -0.002154081 0.999835253
1780046208.824888 0.090911515 0.231362239 11.892230988 -0.002188434 0.017596871 -0.002202864 0.999840379
1780046208.858196 0.091267586 0.231853500 11.907735825 -0.002105555 0.017932741 -0.002059207 0.999834955
1780046208.891504 0.092172228 0.232818261 11.923646927 -0.001905077 0.018147355 -0.001948737 0.999831676
1780046208.924812 0.091911763 0.232121408 11.940838814 -0.002207753 0.017906269 -0.002312052 0.999834597
1780046208.958120 0.092852078 0.232807070 11.958285332 -0.002299410 0.017645001 -0.002309099 0.999839067
1780046208.991427 0.093287885 0.233486757 11.977153778 -0.002390516 0.017721523 -0.002118011 0.999837875
1780046209.024734 0.093523756 0.232724532 11.991950989 -0.001809419 0.017374225 -0.002004127 0.999845445
1780046209.058041 0.093429163 0.234646276 12.010223389 -0.001963212 0.017601790 -0.002267888 0.999840617
1780046209.091347 0.093692839 0.233982682 12.024975777 -0.002519794 0.017589433 -0.002485560 0.999839067
1780046209.124654 0.092440113 0.234454587 12.043520927 -0.002153710 0.017832108 -0.002820044 0.999834716
1780046209.157960 0.092605077 0.235310093 12.060123444 -0.002714460 0.017814878 -0.002938236 0.999833345
1780046209.191266 0.092616387 0.235650450 12.075843811 -0.002694064 0.018025186 -0.002832670 0.999829948
1780046209.224571 0.092309669 0.236403257 12.093428612 -0.002467663 0.017938437 -0.002978084 0.999831617
1780046209.257877 0.093279831 0.236215323 12.109681129 -0.002682104 0.017649228 -0.003214358 0.999835491
1780046209.291182 0.093227454 0.236017257 12.126534462 -0.002837233 0.017642831 -0.003350349 0.999834776
1780046209.324487 0.094398551 0.236812979 12.145207405 -0.002559050 0.017679917 -0.002956279 0.999836087
1780046209.357792 0.094269924 0.236537933 12.157577515 -0.002288583 0.017920023 -0.002988475 0.999832392
1780046209.391096 0.094168492 0.236466289 12.177363396 -0.002860388 0.017985305 -0.002936562 0.999829888
1780046209.424399 0.094708070 0.237483680 12.194450378 -0.002058556 0.017615126 -0.002531718 0.999839544
1780046209.457704 0.095642932 0.237604514 12.209915161 -0.001902394 0.018006112 -0.002181511 0.999833703
1780046209.491015 0.096721746 0.238368481 12.228340149 -0.001759870 0.018203158 -0.001989485 0.999830842
1780046209.524326 0.096557148 0.238190070 12.242231369 -0.001600858 0.018092729 -0.002151551 0.999832749
1780046209.557637 0.096367255 0.237843186 12.260486603 -0.002148430 0.017745547 -0.001970638 0.999838293
1780046209.590948 0.097126774 0.238202274 12.274784088 -0.002385272 0.017633297 -0.001418096 0.999840677
1780046209.624259 0.098007724 0.239359900 12.291839600 -0.002249572 0.018000608 -0.001340148 0.999834597
1780046209.657569 0.099514268 0.238645121 12.309363365 -0.001906286 0.017739905 -0.001398032 0.999839842
1780046209.690879 0.099729344 0.238512844 12.326735497 -0.001966429 0.017528553 -0.001218265 0.999843717
1780046209.724189 0.098602466 0.240462646 12.342205048 -0.001215389 0.017657544 -0.001273694 0.999842584
1780046209.757498 0.100383542 0.241547450 12.361759186 -0.001704157 0.017557234 -0.001376987 0.999843478
1780046209.790807 0.100303955 0.242347047 12.377927780 -0.002104067 0.017408492 -0.001347143 0.999845445
1780046209.824116 0.102186747 0.241938919 12.392606735 -0.001845294 0.017453276 -0.000851810 0.999845684
1780046209.857424 0.101950839 0.242223322 12.409803391 -0.001888901 0.017746931 -0.000919719 0.999840319
1780046209.890732 0.101298325 0.239765152 12.425403595 -0.001898668 0.017646845 -0.000741267 0.999842227
1780046209.924040 0.102286085 0.243607536 12.442894936 -0.002277126 0.017541824 -0.001135208 0.999842942
1780046209.957348 0.100593537 0.242674515 12.461909294 -0.002243900 0.017462581 -0.000953627 0.999844551
1780046209.990656 0.103779294 0.243662640 12.475169182 -0.002240290 0.017865187 -0.000653110 0.999837756
1780046210.023963 0.099433087 0.240240574 12.488484383 -0.002019732 0.018160395 -0.000574766 0.999832928
1780046210.057270 0.099770963 0.239915833 12.503008842 -0.001407877 0.018082161 -0.000600220 0.999835372
1780046210.090577 0.104529649 0.242914975 12.527894974 -0.001237312 0.018171346 -0.000607581 0.999833941
1780046210.123883 0.101069599 0.241726205 12.540567398 -0.001337490 0.018497199 -0.000396204 0.999827981
1780046210.157189 0.104354903 0.242637545 12.557621002 -0.001155880 0.018438051 -0.000719614 0.999829113
1780046210.190495 0.104121596 0.242785424 12.573925018 -0.001596617 0.018353544 -0.000772831 0.999830008
1780046210.223801 0.105684556 0.242379695 12.591232300 -0.001633107 0.018484926 -0.000637539 0.999827623
1780046210.257107 0.106221758 0.244071618 12.606003761 -0.001515278 0.018519931 -0.000496740 0.999827266
1780046210.290412 0.107585147 0.243455797 12.625072479 -0.001453167 0.018598178 -0.000149370 0.999825954
1780046210.323716 0.106001556 0.241690785 12.636902809 -0.001500753 0.018436976 -0.000482431 0.999828875
1780046210.357021 0.105917633 0.243693784 12.656501770 -0.001372389 0.018311167 -0.000377120 0.999831378
1780046210.390325 0.107885800 0.244759813 12.673950195 -0.001128930 0.018299993 -0.000188790 0.999831915
1780046210.423629 0.107729584 0.244336575 12.690618515 -0.001819061 0.018285243 0.000181482 0.999831200
1780046210.456934 0.108849257 0.245559946 12.707729340 -0.001628960 0.018189920 -0.000039674 0.999833226
1780046210.490246 0.109929711 0.246651545 12.730025291 -0.002069073 0.018287832 -0.000122032 0.999830663
1780046210.523557 0.106458113 0.244968235 12.738718987 -0.002017547 0.018171359 -0.000487771 0.999832809
1780046210.556868 0.105594791 0.244758859 12.753481865 -0.002150206 0.018012768 -0.000720257 0.999835253
1780046210.590179 0.106436945 0.245533600 12.771511078 -0.001864499 0.017886441 -0.000586026 0.999838173
1780046210.623489 0.107405044 0.245042384 12.787987709 -0.001522069 0.017993869 -0.000249615 0.999836922
1780046210.656800 0.108150087 0.246520117 12.805007935 -0.001527787 0.018279433 0.000055937 0.999831796
1780046210.690110 0.107947081 0.247435689 12.822287560 -0.001358311 0.018430596 -0.000162663 0.999829233
1780046210.723419 0.107905395 0.248110458 12.837747574 -0.001360266 0.018378917 -0.000392492 0.999830186
1780046210.756729 0.107141428 0.246974424 12.852525711 -0.001877520 0.018025460 -0.000675205 0.999835551
1780046210.790037 0.107712738 0.248411298 12.870175362 -0.001786890 0.018161064 -0.000719663 0.999833226
1780046210.823346 0.109138303 0.249346554 12.888517380 -0.002179658 0.018057404 -0.000254317 0.999834538
1780046210.856655 0.108892687 0.249883726 12.904953957 -0.002229417 0.018243873 -0.000092412 0.999831140
1780046210.889963 0.109767139 0.249946848 12.921795845 -0.002132159 0.018134639 0.000032600 0.999833345
1780046210.923271 0.110485718 0.249390006 12.936435699 -0.002593202 0.018192362 0.000311999 0.999831140
1780046210.956579 0.109541573 0.249926418 12.957458496 -0.002463931 0.018029129 0.000220635 0.999834418
1780046210.989887 0.111244559 0.249927685 12.970081329 -0.002370431 0.017956760 0.000684265 0.999835730
1780046211.023194 0.111726657 0.252775967 12.991226196 -0.002220119 0.018030742 0.000660893 0.999834776
1780046211.056501 0.111864626 0.252676636 13.005783081 -0.002255036 0.018022934 0.000671793 0.999834836
1780046211.089808 0.114031240 0.250569999 13.022047043 -0.002299855 0.017531941 0.000555368 0.999843538
1780046211.123115 0.117528379 0.254041672 13.052746773 -0.002694436 0.017441234 0.001125846 0.999843657
1780046211.156421 0.118359350 0.254747748 13.068457603 -0.002834279 0.017193584 0.001237950 0.999847412
1780046211.189727 0.119242184 0.254731417 13.085117340 -0.003090299 0.016999353 0.001315325 0.999849916
1780046211.223032 0.119243972 0.255987108 13.103172302 -0.003074126 0.017021703 0.001045290 0.999849856
1780046211.256337 0.118453674 0.255320996 13.118736267 -0.002792921 0.017043654 0.000978993 0.999850452
1780046211.289642 0.118753411 0.254848897 13.134055138 -0.002936808 0.016942492 0.000971905 0.999851763
1780046211.322948 0.119358674 0.257163972 13.151394844 -0.002938350 0.016753446 0.001342768 0.999854445
1780046211.356252 0.119504966 0.256450355 13.167521477 -0.003347983 0.016973084 0.001140047 0.999849737
1780046211.389557 0.118359543 0.256319523 13.181962967 -0.003038764 0.017022239 0.000883169 0.999850154
1780046211.422861 0.118476368 0.257130891 13.198637009 -0.003582682 0.016649362 0.000989948 0.999854505
1780046211.456168 0.119816527 0.256250530 13.213603020 -0.003472626 0.016734429 0.001312171 0.999853134
1780046211.489523 0.120502546 0.257665664 13.233891487 -0.004017098 0.016638141 0.001557391 0.999852359
1780046211.522879 0.120611876 0.256113082 13.244852066 -0.004416948 0.016753104 0.001375721 0.999848962
1780046211.556235 0.119919866 0.260398746 13.269206047 -0.003858538 0.016682884 0.001167216 0.999852717
1780046211.589592 0.120866455 0.259150505 13.283718109 -0.003893216 0.016687334 0.000996999 0.999852777
1780046211.622948 0.119997025 0.262189120 13.299983978 -0.004031131 0.017135089 0.000880703 0.999844670
1780046211.656304 0.119803481 0.260498703 13.317467690 -0.003805557 0.017222889 0.000740289 0.999844193
1780046211.689662 0.120055139 0.261132449 13.333691597 -0.004556628 0.017051276 0.000397505 0.999844193
1780046211.723019 0.121469043 0.260193437 13.349707603 -0.004527437 0.017154086 0.000610948 0.999842465
1780046211.756377 0.120459273 0.261925370 13.362849236 -0.003958346 0.017578453 0.000394240 0.999837637
1780046211.789736 0.120512843 0.259701252 13.377676964 -0.004012307 0.017504601 0.000387283 0.999838710
1780046211.823094 0.120139927 0.259550095 13.394810677 -0.003770904 0.017456060 0.000023654 0.999840558
1780046211.856453 0.118769549 0.261617094 13.412855148 -0.003608750 0.017430158 -0.000416967 0.999841571
1780046211.889812 0.120755151 0.261154056 13.428504944 -0.003098626 0.017213911 -0.000273420 0.999847054
1780046211.923171 0.120899849 0.259418637 13.450483322 -0.003367767 0.017131448 -0.000415994 0.999847531
1780046211.956531 0.120727636 0.260471255 13.466784477 -0.003085591 0.017468467 -0.000502842 0.999842584
1780046211.989891 0.120987616 0.260201991 13.482363701 -0.002801678 0.017562930 -0.000557653 0.999841750
1780046212.023251 0.121821769 0.260489017 13.500020981 -0.003006242 0.017379649 -0.000322536 0.999844432
1780046212.056612 0.120675236 0.260931909 13.515996933 -0.002963395 0.017544515 -0.000803033 0.999841452
1780046212.089973 0.120957233 0.260759801 13.533010483 -0.003076617 0.017098870 -0.001172865 0.999848485
1780046212.123333 0.120462261 0.260642141 13.548571587 -0.003575845 0.016857645 -0.001269685 0.999850690
1780046212.156695 0.120427623 0.261726826 13.565112114 -0.003025407 0.017049918 -0.001419787 0.999849081
1780046212.190057 0.122615896 0.264321595 13.585369110 -0.003219299 0.017422546 -0.001247447 0.999842286
1780046212.223418 0.122472197 0.263772368 13.601466179 -0.002839688 0.017626233 -0.001757441 0.999839127
1780046212.256781 0.122307085 0.263893157 13.616751671 -0.003275683 0.017635748 -0.001752222 0.999837637
1780046212.290144 0.121664308 0.262830853 13.632062912 -0.003737959 0.017449317 -0.001710528 0.999839365
1780046212.323507 0.121115752 0.262916684 13.645276070 -0.003542424 0.017412454 -0.001910637 0.999840319
1780046212.356870 0.123320602 0.264608085 13.664840698 -0.003108536 0.017611858 -0.002124119 0.999837875
1780046212.390234 0.124080397 0.265918851 13.681951523 -0.002915294 0.017564731 -0.002306165 0.999838829
1780046212.423598 0.124057084 0.265030265 13.696094513 -0.002696623 0.017456664 -0.002330275 0.999841273
1780046212.456960 0.124218404 0.265822738 13.713670731 -0.003054605 0.017771708 -0.002486717 0.999834359
1780046212.490279 0.122707479 0.266198993 13.730808258 -0.002475673 0.017491508 -0.002483983 0.999840915
1780046212.523598 0.122742958 0.264342636 13.743886948 -0.002532789 0.017554790 -0.002228471 0.999840260
1780046212.556916 0.122837968 0.268411100 13.760869980 -0.002551103 0.017595172 -0.001999276 0.999840021
1780046212.590234 0.123257898 0.265611023 13.774727821 -0.002883017 0.017762836 -0.001799530 0.999836504
1780046212.623552 0.127259299 0.269583523 13.802149773 -0.003323581 0.017656025 -0.001618999 0.999837339
1780046212.656870 0.122641191 0.271101713 13.819128036 -0.003153170 0.017311675 -0.002304035 0.999842584
1780046212.690188 0.122376285 0.268320441 13.835422516 -0.003708131 0.017352220 -0.002228387 0.999840081
1780046212.723505 0.122527696 0.269094974 13.853406906 -0.003880236 0.017558906 -0.002132051 0.999836087
1780046212.756823 0.122293264 0.269782245 13.868042946 -0.003987732 0.017348107 -0.002268557 0.999839008
1780046212.790140 0.123193197 0.269987077 13.884414673 -0.004213884 0.017370343 -0.001898119 0.999838471
1780046212.823457 0.123828284 0.270530045 13.901468277 -0.004463225 0.017113147 -0.002199733 0.999841273
1780046212.856773 0.122479312 0.271283448 13.919394493 -0.004412394 0.016834600 -0.002194080 0.999846160
1780046212.890090 0.123397805 0.272527426 13.936521530 -0.004162636 0.017077737 -0.001892271 0.999843776
1780046212.923406 0.123094477 0.271305323 13.952308655 -0.003876613 0.017374052 -0.002347644 0.999838829
1780046212.956722 0.122801721 0.272176921 13.968189240 -0.004058782 0.017336503 -0.002329480 0.999838829
1780046212.990038 0.123052835 0.272271276 13.986663818 -0.003790308 0.017188275 -0.002501192 0.999841988
1780046213.023353 0.124136448 0.273544312 14.000828743 -0.003661044 0.017295869 -0.002242961 0.999841213
1780046213.056669 0.124308854 0.272990078 14.016526222 -0.004129778 0.017447429 -0.001889273 0.999837518
1780046213.089984 0.124181673 0.273423284 14.033166885 -0.003776768 0.017392088 -0.001358241 0.999840736
1780046213.123299 0.128344625 0.277735680 14.053289413 -0.005672397 0.017984232 0.000224745 0.999822199
1780046213.156614 0.133161873 0.279432029 14.068917274 -0.008539262 0.019633660 0.002507992 0.999767661
1780046213.189929 0.138961583 0.277118862 14.085265160 -0.009625749 0.021951038 0.003560361 0.999706388
1780046213.223244 0.137442544 0.281566620 14.106752396 -0.008474247 0.021677077 0.003082028 0.999724388
1780046213.256558 0.136759296 0.280787468 14.121705055 -0.008416861 0.020312473 0.001359842 0.999757349
1780046213.289872 0.130765811 0.277552396 14.136294365 -0.005907853 0.019877911 -0.000810035 0.999784648
1780046213.323186 0.133620977 0.282236993 14.159884453 -0.005628410 0.019687394 -0.001142642 0.999789715
1780046213.356500 0.138254613 0.281511724 14.160883904 -0.005944104 0.019707996 -0.000794175 0.999787867
1780046213.389813 0.137793854 0.280187607 14.191555977 -0.004352405 0.019553566 -0.000950988 0.999798894
1780046213.423127 0.136662185 0.279091537 14.206273079 -0.004528936 0.019197451 -0.001319101 0.999804616
1780046213.456440 0.135741979 0.277574956 14.220837593 -0.004691710 0.019450037 -0.001734928 0.999798357
1780046213.489758 0.136149690 0.278516561 14.236406326 -0.003945203 0.019146359 -0.001920705 0.999807119
1780046213.523077 0.135755733 0.274909556 14.249792099 -0.004608360 0.018955538 -0.001237188 0.999808967
1780046213.556396 0.138267055 0.280288488 14.273676872 -0.005978621 0.019302152 -0.000825548 0.999795496
1780046213.589714 0.140665874 0.280299217 14.293256760 -0.006075815 0.019390490 -0.001236475 0.999792755
1780046213.623033 0.137748808 0.279172748 14.305782318 -0.005902281 0.019634491 -0.001686025 0.999788404
1780046213.656351 0.138300315 0.279135168 14.322683334 -0.005740283 0.019336592 -0.001851264 0.999794841
1780046213.689668 0.137667373 0.275182307 14.335590363 -0.002947044 0.020232802 -0.003067100 0.999786317
1780046213.722986 0.135265797 0.274236828 14.347617149 0.000378208 0.020207055 -0.005215772 0.999782145
1780046213.756304 0.130420566 0.268865496 14.355533600 0.003128049 0.018458316 -0.006804456 0.999801576
1780046213.789621 0.128749862 0.272514135 14.373351097 0.003680864 0.016791917 -0.007294836 0.999825597
1780046213.822938 0.129716143 0.272416234 14.391207695 0.004269220 0.016507553 -0.006469488 0.999833763
1780046213.856255 0.132536232 0.273253143 14.403765678 0.003683943 0.017436560 -0.005726787 0.999824762
1780046213.889570 0.132188156 0.271113634 14.420201302 0.002100395 0.018101111 -0.005411756 0.999819338
1780046213.922887 0.130409732 0.271075904 14.442335129 0.001737875 0.017490054 -0.005543331 0.999830186
1780046213.956203 0.133562595 0.272618145 14.458285332 0.002641742 0.017139846 -0.004791126 0.999838173
1780046213.989519 0.133996829 0.274862021 14.476012230 0.001604026 0.017243668 -0.004566300 0.999839664
1780046214.022835 0.137860984 0.275088757 14.494153976 0.001422681 0.016783958 -0.003317370 0.999852657
1780046214.056151 0.139316842 0.278205544 14.513779640 0.001837123 0.016436303 -0.003329874 0.999857724
1780046214.089466 0.139787093 0.275742948 14.524001122 0.002189803 0.017130382 -0.002887771 0.999846756
1780046214.122782 0.140132442 0.276461869 14.540446281 0.000972051 0.017299650 -0.002272853 0.999847293
1780046214.156097 0.141601831 0.276929885 14.558352470 0.001528662 0.017550536 -0.002317610 0.999842167
1780046214.189411 0.141090751 0.277213573 14.572164536 0.000979580 0.017424980 -0.001903197 0.999845982
1780046214.222726 0.142470747 0.277471393 14.587750435 0.000887564 0.017253192 -0.001748298 0.999849319
1780046214.256041 0.142937154 0.279267639 14.607455254 0.000121747 0.017290479 -0.001823487 0.999848902
1780046214.289355 0.143530563 0.279700220 14.622908592 -0.000936726 0.017250987 -0.001711387 0.999849379
1780046214.322668 0.143437177 0.281009078 14.640617371 -0.001006527 0.017322974 -0.001625269 0.999848127
1780046214.355982 0.144049168 0.279593021 14.654864311 -0.000370603 0.017552720 -0.001531871 0.999844790
1780046214.389296 0.143047646 0.278419048 14.670517921 0.000412605 0.017530285 -0.001515017 0.999845147
1780046214.422609 0.144910410 0.280152559 14.690122604 0.000696731 0.017140321 -0.000931237 0.999852419
1780046214.455923 0.144192010 0.281395316 14.705198288 0.000227410 0.017073724 -0.001047952 0.999853730
1780046214.489300 0.144974843 0.282105237 14.720348358 0.000037154 0.017252393 -0.001219937 0.999850512
1780046214.522697 0.144448057 0.282868296 14.739561081 -0.003833773 0.018416038 -0.002790451 0.999819219
1780046214.556094 0.141233832 0.283480674 14.757124901 -0.005733877 0.019633288 -0.004853525 0.999779046
1780046214.589492 0.138559699 0.282701582 14.775760651 -0.006451248 0.019948617 -0.006446179 0.999759495
1780046214.622890 0.139755830 0.284450531 14.796627998 -0.007295388 0.019346304 -0.006694283 0.999763846
1780046214.656289 0.143091306 0.284894735 14.814798355 -0.006681571 0.019516412 -0.004656850 0.999776363
1780046214.689687 0.145196274 0.283883601 14.829916954 -0.005703622 0.019634791 -0.004106055 0.999782562
1780046214.723086 0.144025236 0.282118767 14.844912529 -0.006388332 0.020026321 -0.004836270 0.999767363
1780046214.756485 0.143657804 0.282334179 14.861374855 -0.005548951 0.019550892 -0.005616101 0.999777675
1780046214.789884 0.142310411 0.284783870 14.882563591 -0.004794176 0.018983951 -0.005957929 0.999790549
1780046214.823284 0.150385410 0.288706422 14.906647682 -0.004501311 0.019243663 -0.005477954 0.999789715
1780046214.856684 0.150197566 0.287057966 14.915371895 -0.003506798 0.019707134 -0.004801615 0.999788105
1780046214.890085 0.149183169 0.288548082 14.933521271 -0.002854393 0.019540591 -0.005376886 0.999790609
1780046214.923485 0.143825620 0.283095151 14.937547684 -0.003083974 0.019353786 -0.005123124 0.999794841
1780046214.956887 0.143825933 0.283453107 14.951285362 -0.002060793 0.019134127 -0.005065951 0.999801993
1780046214.990288 0.145208329 0.284088045 14.969252586 -0.001188871 0.019241586 -0.004466059 0.999804199
1780046215.023690 0.150148898 0.286491036 14.988275528 -0.001174546 0.019259004 -0.003982405 0.999805927
1780046215.057092 0.146981716 0.285435051 15.000424385 -0.001143912 0.019101163 -0.004433990 0.999807060
1780046215.090494 0.148233876 0.280763924 15.027260780 -0.000951118 0.018600134 -0.004930794 0.999814391
1780046215.123896 0.149583653 0.279630572 15.042449951 -0.000782316 0.018725699 -0.004614101 0.999813735
1780046215.157299 0.149305716 0.281569868 15.060231209 -0.000589415 0.018746281 -0.004841118 0.999812424
1780046215.190702 0.149916753 0.282818407 15.078768730 -0.000963505 0.018668015 -0.004970524 0.999812961
1780046215.224105 0.150112122 0.282073200 15.092705727 -0.000862618 0.018527856 -0.005218456 0.999814391
1780046215.257509 0.151060119 0.282548785 15.110599518 -0.001480550 0.018328028 -0.005026101 0.999818265
1780046215.290913 0.150996238 0.281984627 15.126468658 -0.002151570 0.018597843 -0.004554727 0.999814391
1780046215.324317 0.151757896 0.282013476 15.141643524 -0.001768608 0.018973254 -0.004623031 0.999807775
1780046215.357722 0.151104063 0.284057736 15.162016869 -0.001640763 0.018890604 -0.005131930 0.999807060
1780046215.391127 0.149932161 0.284661353 15.179505348 -0.001664226 0.018480960 -0.005704555 0.999811590
1780046215.424532 0.152076632 0.285353094 15.196103096 -0.001553909 0.018716361 -0.005425498 0.999808908
1780046215.457938 0.153333530 0.284762561 15.207615852 -0.001760220 0.018896986 -0.005015678 0.999807298
1780046215.491250 0.153817564 0.285087883 15.224746704 -0.001677230 0.018770995 -0.005407580 0.999807775
1780046215.524561 0.152847752 0.285239220 15.244064331 -0.002311053 0.018724043 -0.005523246 0.999806821
1780046215.557873 0.153036505 0.286481827 15.261251450 -0.002340043 0.018368397 -0.005567871 0.999813020
1780046215.591184 0.152727947 0.287266016 15.279802322 -0.002799156 0.018375613 -0.005071714 0.999814391
1780046215.624495 0.154519886 0.285914421 15.291714668 -0.002975600 0.018490095 -0.004705665 0.999813557
1780046215.657805 0.155995607 0.285624981 15.306857109 -0.002958999 0.018696051 -0.004495583 0.999810815
1780046215.691115 0.155589297 0.285479248 15.322864532 -0.002751258 0.018585159 -0.004899786 0.999811530
1780046215.724425 0.155438915 0.285911143 15.340855598 -0.003352509 0.018003188 -0.004650270 0.999821544
1780046215.757735 0.157357588 0.286943883 15.358519554 -0.002969751 0.017865147 -0.003957499 0.999828160
1780046215.791044 0.158535719 0.289278895 15.380271912 -0.002668077 0.018256899 -0.003756385 0.999822736
1780046215.824354 0.158279106 0.287240386 15.385927200 -0.002543469 0.018119026 -0.003912897 0.999824941
1780046215.857663 0.156555220 0.289570630 15.410035133 -0.002590619 0.017925277 -0.003890018 0.999828458
1780046215.890971 0.157616317 0.292280942 15.428219795 -0.002810701 0.018003924 -0.004041401 0.999825835
1780046215.924280 0.157570824 0.287744075 15.433782578 -0.003218235 0.018083058 -0.003787261 0.999824166
1780046215.957588 0.159512684 0.291986734 15.463744164 -0.002989398 0.018048937 -0.003611037 0.999826193
1780046215.990896 0.159638613 0.288494825 15.478209496 -0.002811440 0.018300045 -0.003392482 0.999822855
1780046216.024204 0.159035146 0.289129615 15.494667053 -0.002774660 0.018462595 -0.003757480 0.999818683
1780046216.057512 0.159963861 0.288514525 15.511198044 -0.003289701 0.018569626 -0.003578959 0.999815762
1780046216.090818 0.158887237 0.288600743 15.526737213 -0.002628448 0.018085470 -0.003466423 0.999827027
1780046216.124125 0.159598574 0.289431393 15.542081833 -0.002811261 0.018015124 -0.003187451 0.999828756
1780046216.157431 0.160121635 0.289952368 15.559475899 -0.002835155 0.018533878 -0.003368775 0.999818563
1780046216.190737 0.161837116 0.289499491 15.575104713 -0.002318989 0.018676257 -0.003367732 0.999817252
1780046216.224043 0.160917461 0.290922225 15.591923714 -0.002411955 0.018818375 -0.003653101 0.999813378
1780046216.257349 0.162880510 0.290282160 15.606679916 -0.002524921 0.018896872 -0.003694688 0.999811471
1780046216.290655 0.162395164 0.291375250 15.624046326 -0.002612602 0.019092167 -0.003786735 0.999807179
1780046216.323961 0.161106348 0.290722430 15.639023781 -0.002695966 0.019065259 -0.003975914 0.999806702
1780046216.357265 0.162426293 0.291105002 15.656500816 -0.002942754 0.019225644 -0.003987316 0.999802887
1780046216.390570 0.162282735 0.292727470 15.674784660 -0.002726800 0.019319713 -0.004069488 0.999801338
1780046216.423875 0.164161205 0.292207450 15.689571381 -0.002299411 0.019256828 -0.004086687 0.999803662
1780046216.457180 0.161813840 0.289427042 15.701748848 -0.001793888 0.019333795 -0.004546486 0.999801159
1780046216.490528 0.161221832 0.292613834 15.720332146 -0.001860073 0.019083992 -0.004688701 0.999805212
1780046216.523883 0.162929162 0.291475683 15.735201836 -0.001872069 0.019085616 -0.004579160 0.999805689
1780046216.557237 0.161161855 0.291304797 15.750459671 -0.001268910 0.018932201 -0.004590093 0.999809504
1780046216.590592 0.161366180 0.293313622 15.768896103 -0.001744375 0.018847354 -0.004372293 0.999811292
1780046216.623947 0.161956519 0.291615278 15.786931038 -0.001774473 0.018581619 -0.004432695 0.999815941
1780046216.657303 0.164131016 0.293717474 15.798514366 -0.001642808 0.018629458 -0.004179663 0.999816358
1780046216.690660 0.165180638 0.294583321 15.825598717 -0.001926054 0.018388413 -0.004353496 0.999819636
1780046216.724016 0.163197562 0.290456623 15.836715698 -0.001443689 0.018306432 -0.004520705 0.999821246
1780046216.757373 0.167770684 0.291785985 15.852087975 -0.001136767 0.018178562 -0.004213360 0.999825299
1780046216.790730 0.166070715 0.294465721 15.876035690 -0.000875543 0.018550573 -0.004590943 0.999817014
1780046216.824087 0.166365072 0.296040833 15.893481255 -0.000636602 0.018678389 -0.004651677 0.999814510
1780046216.857445 0.167203963 0.295941383 15.910277367 -0.000561038 0.018610002 -0.004702196 0.999815643
1780046216.890803 0.166911423 0.295957476 15.924468994 -0.000903684 0.018750003 -0.005007343 0.999811292
1780046216.924161 0.167288139 0.296513557 15.940266609 -0.001009190 0.018422116 -0.005140965 0.999816537
1780046216.957520 0.166215122 0.296892434 15.958061218 -0.000653550 0.018475877 -0.005323070 0.999814928
1780046216.990878 0.167460009 0.297331244 15.973846436 -0.000772568 0.018592525 -0.004984750 0.999814391
1780046217.024237 0.167732105 0.297684968 15.990966797 -0.000281267 0.018566839 -0.005116289 0.999814510
1780046217.057596 0.168034941 0.298136145 16.008165359 -0.000538968 0.018444773 -0.004880053 0.999817848
1780046217.090956 0.168621838 0.298175275 16.023162842 -0.000447038 0.018381204 -0.004914601 0.999818921
1780046217.124316 0.168669954 0.298005790 16.039159775 -0.000332960 0.018402537 -0.004814098 0.999818981
1780046217.157677 0.170135051 0.298779517 16.057500839 0.000074567 0.018219877 -0.004305714 0.999824762
1780046217.191038 0.170578182 0.297844172 16.073169708 0.000031474 0.018256906 -0.004189069 0.999824584
1780046217.224398 0.170826703 0.299547344 16.087232590 0.000575292 0.018282471 -0.004269603 0.999823570
1780046217.257760 0.170076415 0.300283849 16.103345871 0.000178669 0.018339984 -0.004499240 0.999821723
1780046217.291121 0.170794174 0.299009383 16.120035172 -0.000417110 0.018313391 -0.004353793 0.999822795
1780046217.324483 0.171746626 0.300520629 16.138870239 -0.000267229 0.017992908 -0.004366745 0.999828577
1780046217.357846 0.172351927 0.302842408 16.159542084 -0.000785380 0.017911976 -0.004079346 0.999830961
1780046217.391208 0.172934577 0.301356256 16.172897339 -0.001013240 0.018019663 -0.003897150 0.999829590
1780046217.424570 0.172153324 0.304703176 16.193408966 -0.000508500 0.018007515 -0.004400784 0.999828100
1780046217.457933 0.175661504 0.301403880 16.206455231 -0.000435898 0.017817397 -0.004200500 0.999832392
1780046217.491252 0.174265325 0.300397068 16.220077515 -0.000221112 0.018078588 -0.004495437 0.999826491
1780046217.524571 0.174057588 0.299986541 16.234697342 -0.000451660 0.018129960 -0.004281199 0.999826372
1780046217.557890 0.173852563 0.299666494 16.249555588 -0.000664987 0.018071447 -0.004194136 0.999827743
1780046217.591208 0.174258947 0.303823590 16.270616531 -0.000987472 0.017897485 -0.003906658 0.999831736
1780046217.624527 0.175192475 0.303459138 16.296445847 -0.000716351 0.018000182 -0.003461577 0.999831736
1780046217.657845 0.174628034 0.303731859 16.313056946 -0.000722758 0.018262628 -0.003416581 0.999827087
1780046217.691163 0.175450906 0.302792192 16.327859879 -0.000566595 0.018254263 -0.003325359 0.999827743
1780046217.724480 0.175572872 0.302343398 16.343042374 0.000152036 0.018336507 -0.003683510 0.999825060
1780046217.757798 0.174656078 0.303766966 16.361925125 0.000213672 0.018639551 -0.003912657 0.999818623
1780046217.791115 0.174124718 0.301447213 16.376970291 0.000393071 0.018909551 -0.004229700 0.999812186
1780046217.824432 0.175124124 0.300591320 16.390506744 0.000673873 0.018869841 -0.004386227 0.999812126
1780046217.857749 0.174935147 0.301268697 16.407114029 0.000748173 0.018822147 -0.004572757 0.999812126
1780046217.891064 0.174225479 0.302271754 16.423984528 0.001425012 0.018891780 -0.004565391 0.999810100
1780046217.924381 0.175276697 0.300902724 16.436611176 0.001494322 0.019077908 -0.004357091 0.999807417
1780046217.957697 0.175161973 0.301618993 16.456424713 0.001526815 0.019135609 -0.004618118 0.999805093
1780046217.991014 0.173658431 0.302290410 16.473728180 0.001387376 0.019027688 -0.004613420 0.999807358
1780046218.024329 0.175683320 0.301600158 16.486179352 0.001462212 0.018824022 -0.004702131 0.999810696
1780046218.057645 0.174072519 0.301450282 16.504413605 0.001649573 0.018780453 -0.004715204 0.999811232
1780046218.090961 0.175685063 0.301718950 16.520412445 0.001451907 0.018792428 -0.005011178 0.999809802
1780046218.124276 0.174043313 0.302202493 16.534408569 0.001883137 0.018729670 -0.005203362 0.999809265
1780046218.157591 0.176440597 0.302226007 16.550212860 0.001861111 0.018159358 -0.004962814 0.999821126
1780046218.190906 0.176700622 0.303584278 16.569820404 0.002324509 0.018360486 -0.005033957 0.999816120
1780046218.224220 0.177446276 0.304789633 16.587781906 0.002292282 0.018633649 -0.004965813 0.999811411
1780046218.257535 0.177020356 0.302878529 16.604366302 0.001772850 0.018422816 -0.005274646 0.999814808
1780046218.290849 0.178819180 0.303299874 16.619110107 0.001943303 0.018200932 -0.005135193 0.999819279
1780046218.324162 0.180052504 0.304028422 16.638246536 0.002397143 0.018166114 -0.005095089 0.999819100
1780046218.357476 0.178216502 0.306583792 16.657287598 0.002413013 0.018588891 -0.005230546 0.999810636
1780046218.390790 0.177231997 0.303669959 16.672586441 0.002357132 0.018724663 -0.005409178 0.999807298
1780046218.424103 0.178017125 0.303763300 16.687465668 0.001831323 0.018371625 -0.005529965 0.999814272
1780046218.457417 0.177993134 0.306508332 16.704261780 0.001673569 0.018230289 -0.005386011 0.999817967
1780046218.490776 0.179366440 0.307665288 16.725873947 0.001571966 0.018561123 -0.005446933 0.999811709
1780046218.524173 0.179955870 0.307820946 16.744150162 0.001030862 0.018768132 -0.005301442 0.999809265
1780046218.557570 0.179036155 0.307925761 16.758899689 0.001503867 0.018542293 -0.005695235 0.999810755
1780046218.590968 0.181394696 0.307508796 16.774892807 0.001606451 0.018661324 -0.005664178 0.999808550
1780046218.624366 0.180617660 0.307876498 16.791070938 0.001577848 0.018618360 -0.005631308 0.999809563
1780046218.657764 0.180909425 0.307969362 16.804115295 0.001262296 0.018285232 -0.005600236 0.999816418
1780046218.691163 0.182125151 0.308551371 16.824934006 0.000755460 0.018285392 -0.005217160 0.999818921
1780046218.724562 0.183755621 0.307986110 16.839733124 0.000906847 0.018375264 -0.005324127 0.999816597
1780046218.757960 0.181663454 0.309339583 16.857576370 0.001110114 0.018588413 -0.005590255 0.999810994
1780046218.791360 0.181114525 0.308173776 16.870418549 0.000563028 0.018258849 -0.005512247 0.999817967
1780046218.824759 0.180687472 0.310729802 16.892675400 0.000712942 0.017984852 -0.005379083 0.999823570
1780046218.858160 0.182304710 0.311597675 16.907758713 0.000501028 0.018140271 -0.005346920 0.999821067
1780046218.891560 0.180513382 0.313043296 16.925569534 0.000454148 0.018068310 -0.005562335 0.999821246
1780046218.924961 0.182555899 0.312018514 16.945196152 0.000335049 0.017863622 -0.005403909 0.999825835
1780046218.958362 0.183714986 0.311589241 16.958507538 -0.000519077 0.017738994 -0.005509222 0.999827385
1780046218.991763 0.185430378 0.314841986 16.979925156 0.000029829 0.017804619 -0.005459461 0.999826610
1780046219.025165 0.185976699 0.315483689 17.001529694 -0.000368292 0.017759603 -0.005215124 0.999828637
1780046219.058567 0.186794236 0.314252675 17.013296127 -0.000783632 0.017815471 -0.004779598 0.999829590
1780046219.091969 0.186434031 0.314502031 17.028791428 -0.000632293 0.017709393 -0.004870994 0.999831200
1780046219.125372 0.187065184 0.315918624 17.049345016 -0.000572862 0.017779985 -0.004853387 0.999830067
1780046219.158774 0.190527648 0.313521624 17.059219360 -0.000959182 0.017480971 -0.004378766 0.999837220
1780046219.192178 0.189494208 0.310893804 17.070806503 -0.000982201 0.017573584 -0.004150374 0.999836504
1780046219.225580 0.190064162 0.313842267 17.087823868 -0.000961002 0.018181453 -0.004152881 0.999825656
1780046219.258984 0.189271629 0.317559808 17.113916397 -0.000409451 0.018275104 -0.004333404 0.999823570
1780046219.292388 0.191261262 0.313669503 17.123708725 -0.001466022 0.018275267 -0.004494100 0.999821842
1780046219.325792 0.190310076 0.312889814 17.137073517 -0.001492806 0.018400392 -0.004559022 0.999819219
1780046219.359197 0.191280022 0.312735349 17.159814835 -0.001300393 0.018647313 -0.004540337 0.999814987
1780046219.392602 0.184275970 0.312325954 17.175781250 -0.001555871 0.019088246 -0.004396447 0.999806941
1780046219.426007 0.194941953 0.313318759 17.158536911 -0.001391927 0.018865215 -0.004591986 0.999810576
1780046219.459412 0.196387723 0.313741982 17.177820206 -0.001610806 0.018836021 -0.004590708 0.999810755
1780046219.492778 0.183813065 0.313914627 17.227416992 -0.001532392 0.019049855 -0.005241455 0.999803662
1780046219.526090 0.183034703 0.313950151 17.244291306 -0.001108210 0.018888364 -0.005451741 0.999806166
1780046219.559401 0.183261588 0.314337164 17.262739182 -0.001284729 0.019008026 -0.005400876 0.999803960
1780046219.592711 0.182879701 0.313760072 17.278291702 -0.001410398 0.019116025 -0.005600636 0.999800622
1780046219.626022 0.185317546 0.316701710 17.296539307 -0.000821190 0.018620631 -0.005818665 0.999809384
1780046219.659331 0.187613562 0.318074018 17.320440292 -0.000362493 0.018471070 -0.005619176 0.999813557
1780046219.692641 0.183568552 0.314898193 17.326858521 -0.000629786 0.018988827 -0.005523084 0.999804318
1780046219.725950 0.183467582 0.314377457 17.340795517 0.000208886 0.019064827 -0.006064350 0.999799907
1780046219.759260 0.184127823 0.314223588 17.359592438 -0.000029349 0.018625604 -0.006264635 0.999806941
1780046219.792569 0.183048323 0.313207686 17.372409821 -0.000097876 0.018386869 -0.006245835 0.999811471
1780046219.825878 0.185196072 0.313766867 17.393447876 0.000032160 0.018676408 -0.005641684 0.999809682
1780046219.859186 0.185809970 0.313979566 17.408821106 0.000516406 0.018695002 -0.005579415 0.999809504
1780046219.892495 0.186310008 0.313415051 17.423706055 0.000698829 0.018705761 -0.005721780 0.999808431
1780046219.925803 0.186784178 0.316440850 17.441455841 0.000530645 0.018601730 -0.006046872 0.999808609
1780046219.959110 0.184783831 0.314107925 17.456686020 0.000562072 0.018736823 -0.006194930 0.999805093
1780046219.992418 0.189466730 0.321237564 17.494173050 0.000605295 0.018491875 -0.006215347 0.999809504
1780046220.025725 0.192122295 0.322361380 17.508350372 0.000705137 0.018297745 -0.005831387 0.999815345
1780046220.059032 0.192144543 0.320019096 17.522697449 0.000556317 0.018531365 -0.005768049 0.999811530
1780046220.092338 0.190821856 0.321343213 17.536500931 0.001046907 0.018440515 -0.006219885 0.999810100
1780046220.125644 0.190895766 0.322286189 17.554599762 0.000882211 0.018486291 -0.005998497 0.999810755
1780046220.158950 0.195577696 0.321441799 17.574977875 0.001150743 0.018284062 -0.005715768 0.999815822
1780046220.192256 0.193094537 0.323912114 17.592437744 0.001484523 0.018235760 -0.005093992 0.999819636
1780046220.225562 0.195899993 0.322156340 17.604465485 0.001577631 0.018109491 -0.004603929 0.999824226
1780046220.258867 0.195022896 0.319668442 17.618782043 0.000977046 0.018338544 -0.004578555 0.999820888
1780046220.292173 0.194276601 0.322167724 17.646453857 0.001019718 0.018227572 -0.004937943 0.999821126
1780046220.325477 0.191788808 0.318539232 17.645242691 0.000325605 0.017890897 -0.005268741 0.999826014
1780046220.358782 0.196369514 0.323000848 17.674230576 0.000456116 0.017838875 -0.005063098 0.999828041
1780046220.392086 0.193060145 0.317460090 17.669908524 0.000241365 0.018356325 -0.004847029 0.999819756
1780046220.425390 0.194912449 0.322013974 17.704751968 0.000447074 0.017977048 -0.005082015 0.999825418
1780046220.458694 0.199734911 0.321385503 17.697912216 0.000221986 0.017597571 -0.005284947 0.999831200
1780046220.492019 0.198205337 0.326517850 17.731634140 0.000436039 0.017764814 -0.004848268 0.999830365
1780046220.525373 0.191578254 0.316384286 17.731655121 0.000065137 0.018458501 -0.004521423 0.999819458
1780046220.558727 0.189673975 0.312659860 17.744684219 -0.000689213 0.018468501 -0.004574134 0.999818742
1780046220.592083 0.191866070 0.316663742 17.767316818 -0.000999419 0.018218188 -0.004827379 0.999821961
1780046220.625438 0.190994486 0.314507842 17.783313751 -0.000945254 0.018019361 -0.004832240 0.999825478
1780046220.658794 0.190530792 0.315729648 17.796197891 -0.000813703 0.018084759 -0.004692573 0.999825120
1780046220.692150 0.195726171 0.321033627 17.819061279 -0.001003629 0.018186590 -0.004408738 0.999824464
1780046220.725506 0.194673404 0.318930566 17.831861496 -0.000967193 0.018286480 -0.004475709 0.999822319
1780046220.758863 0.194362968 0.316353559 17.848155975 -0.001120814 0.018160183 -0.004304778 0.999825239
1780046220.792220 0.194095060 0.319567233 17.864788055 -0.000227594 0.018503685 -0.004850452 0.999817014
1780046220.825577 0.194360703 0.318345964 17.881341934 -0.000344736 0.018750099 -0.004793142 0.999812663
1780046220.858935 0.195586726 0.319037437 17.895172119 -0.000174448 0.018955225 -0.004637614 0.999809563
1780046220.892293 0.194710165 0.315733582 17.908931732 -0.000244123 0.018879024 -0.004669914 0.999810815
1780046220.925651 0.194902137 0.317626923 17.929327011 -0.000151588 0.018603021 -0.004951818 0.999814689
1780046220.959010 0.195210382 0.318853676 17.945686340 0.000230423 0.018758329 -0.004868829 0.999812186
1780046220.992368 0.196080029 0.318490773 17.959682465 0.000217003 0.019097967 -0.004939767 0.999805450
1780046221.025726 0.194780886 0.318562835 17.976457596 0.000535095 0.019158652 -0.005129718 0.999803185
1780046221.059086 0.196010649 0.319213539 17.993022919 0.000884135 0.019018764 -0.005398224 0.999804199
1780046221.092446 0.196250901 0.320876330 18.015226364 0.001053205 0.019060927 -0.005590790 0.999802172
1780046221.125805 0.195891127 0.319028974 18.031421661 0.000727960 0.019178461 -0.005616179 0.999800086
1780046221.159166 0.197612211 0.319400936 18.041721344 0.001142546 0.018753657 -0.005389498 0.999808967
1780046221.192526 0.199242488 0.319172263 18.059341431 0.001048328 0.018710991 -0.005306469 0.999810278
1780046221.225888 0.198780879 0.320628166 18.079677582 0.001005911 0.018787617 -0.005340251 0.999808788
1780046221.259248 0.199722722 0.320342928 18.097688675 0.000778998 0.018834807 -0.005274139 0.999808371
1780046221.292610 0.199392319 0.321013600 18.116170883 0.001051606 0.018400852 -0.005829983 0.999813199
1780046221.325972 0.197504863 0.323167920 18.131620407 0.001040365 0.018263744 -0.006086193 0.999814153
1780046221.359334 0.198709399 0.318638235 18.138940811 0.001132342 0.018577306 -0.005495887 0.999811709
1780046221.392697 0.201781943 0.324910372 18.166608810 0.001346433 0.018587431 -0.005617552 0.999810576
1780046221.426059 0.199810505 0.318459511 18.170476913 0.001228307 0.018444495 -0.005822389 0.999812186
1780046221.459422 0.202383533 0.319750845 18.177585602 0.000596799 0.018465195 -0.005846087 0.999812305
1780046221.492783 0.202769011 0.320028275 18.194826126 0.000779283 0.018285373 -0.005685855 0.999816298
1780046221.526144 0.200599283 0.326695979 18.235847473 0.000839838 0.018855300 -0.006190074 0.999802709
1780046221.559506 0.200284123 0.327569097 18.251853943 0.000903907 0.019109268 -0.006444976 0.999796271
1780046221.592867 0.201174870 0.326759756 18.265817642 0.000761752 0.018937219 -0.006399204 0.999799967
1780046221.626230 0.201947898 0.327560097 18.282644272 0.000605446 0.018784262 -0.006488475 0.999802351
1780046221.659592 0.204981297 0.329077274 18.304363251 0.000457774 0.018709043 -0.006211177 0.999805629
1780046221.692955 0.202506408 0.327611834 18.316137314 0.000776091 0.018740889 -0.006334669 0.999804020
1780046221.726318 0.201619670 0.328007460 18.332708359 0.000980311 0.018798037 -0.006102033 0.999804199
1780046221.759682 0.203289345 0.329231501 18.349447250 0.000687454 0.018802818 -0.005821019 0.999806046
1780046221.793046 0.204649210 0.331649601 18.371738434 0.000645182 0.018506946 -0.005893970 0.999811172
1780046221.826410 0.205060333 0.331460476 18.386327744 0.000461307 0.018500920 -0.005746338 0.999812186
1780046221.859775 0.204246596 0.329215884 18.398807526 0.000082089 0.018419230 -0.005874039 0.999813080
1780046221.893139 0.204843536 0.329638779 18.420299530 0.000025768 0.018181119 -0.005645436 0.999818802
1780046221.926504 0.205030546 0.331776977 18.437326431 0.000551553 0.018254865 -0.005628095 0.999817431
1780046221.959870 0.204844475 0.331852794 18.452152252 -0.000156309 0.018230530 -0.005521799 0.999818623
1780046221.993236 0.207144618 0.335140944 18.472461700 0.000069129 0.017984018 -0.005690380 0.999822140
1780046222.026602 0.206587330 0.331590801 18.484336853 0.000372705 0.017958404 -0.005218392 0.999825060
1780046222.059969 0.207811788 0.332852334 18.500333786 -0.000058439 0.018171726 -0.005016078 0.999822319
1780046222.093336 0.212354153 0.335528314 18.524522781 -0.000125339 0.018098077 -0.004778641 0.999824822
1780046222.126704 0.207975551 0.334693491 18.537687302 0.000057060 0.018339934 -0.005023788 0.999819219
1780046222.160072 0.207886875 0.332347393 18.549757004 -0.000608030 0.018162122 -0.005282173 0.999820948
1780046222.193440 0.211114511 0.333772957 18.566675186 -0.000364704 0.017824769 -0.004834038 0.999829471
1780046222.226809 0.209364489 0.333574057 18.583637238 -0.000469788 0.018003087 -0.004801313 0.999826312
1780046222.260177 0.207325086 0.334576905 18.604259491 -0.000462948 0.018462759 -0.004782490 0.999818027
1780046222.293547 0.210301071 0.335835069 18.619794846 -0.000708500 0.018326003 -0.004686956 0.999820888
1780046222.326916 0.207864627 0.338015199 18.640823364 -0.000310936 0.018323736 -0.004894814 0.999820113
1780046222.360285 0.208909735 0.335629463 18.651035309 -0.000720573 0.018699348 -0.004752079 0.999813616
1780046222.393656 0.211313903 0.331003457 18.661916733 -0.001057513 0.018833390 -0.004684133 0.999811113
1780046222.427026 0.212009326 0.336722523 18.686231613 -0.000756574 0.018940866 -0.005451725 0.999805510
1780046222.460397 0.209524095 0.325612366 18.680917740 -0.000814032 0.018613204 -0.004621822 0.999815762
1780046222.493752 0.210840583 0.328567445 18.699287415 0.000020744 0.018515673 -0.004384730 0.999818921
1780046222.527078 0.212661892 0.333413631 18.731229782 -0.000457795 0.019215466 -0.005120313 0.999802172
1780046222.560404 0.210869193 0.333085567 18.746702194 -0.000340842 0.019487057 -0.005442000 0.999795318
1780046222.593731 0.209784672 0.334467620 18.762067795 0.000393533 0.019221433 -0.005826723 0.999798179
1780046222.627057 0.210401475 0.334915310 18.779403687 0.000025365 0.019062348 -0.005816592 0.999801397
1780046222.660382 0.210622370 0.331461191 18.792745590 -0.000223339 0.019001422 -0.005798415 0.999802649
1780046222.693708 0.212112054 0.333506614 18.809431076 -0.000832861 0.019198006 -0.005461690 0.999800444
1780046222.727034 0.213265404 0.336629659 18.831417084 -0.000584195 0.019119801 -0.005398697 0.999802470
1780046222.760358 0.212282091 0.336936712 18.851055145 -0.000442370 0.019100767 -0.005500711 0.999802411
1780046222.793683 0.213823438 0.337781101 18.865081787 0.000242392 0.019014888 -0.005892067 0.999801815
1780046222.827009 0.211483508 0.338242799 18.884059906 0.000448230 0.018863341 -0.006242513 0.999802470
1780046222.860334 0.213132918 0.340414673 18.899715424 0.000849156 0.018691411 -0.005585975 0.999809325
1780046222.893658 0.214316636 0.339173257 18.911373138 0.000909862 0.019006297 -0.005386118 0.999804437
1780046222.926983 0.213364065 0.341333658 18.937902451 0.000849951 0.019079670 -0.005567633 0.999802113
1780046222.960308 0.215269148 0.338070750 18.944267273 0.000376964 0.018872226 -0.005304925 0.999807835
1780046222.993632 0.214972660 0.336252332 18.960411072 0.000676665 0.018965067 -0.005456153 0.999805033
1780046223.026957 0.214020565 0.338522196 18.980504990 0.000413457 0.019109748 -0.005962628 0.999799550
1780046223.060281 0.214410350 0.336596549 18.992364883 0.000768983 0.019008460 -0.005899604 0.999801695
1780046223.093606 0.214438796 0.336496174 19.008403778 0.000655826 0.019088622 -0.005573394 0.999802113
1780046223.126930 0.214053527 0.339546144 19.029304504 0.000796112 0.019179976 -0.005696897 0.999799550
1780046223.160253 0.216911137 0.336815536 19.041725159 0.001066287 0.019120766 -0.005634822 0.999800801
1780046223.193577 0.217086747 0.335262835 19.058706284 0.001018779 0.019073874 -0.005542826 0.999802172
1780046223.226899 0.214693621 0.336420268 19.079441071 0.000769307 0.019043935 -0.005614548 0.999802649
1780046223.260223 0.217205212 0.332190365 19.079896927 0.000889743 0.018746639 -0.005414716 0.999809206
1780046223.293546 0.214589596 0.337104768 19.108842850 0.001039565 0.018936366 -0.005321196 0.999805987
1780046223.326869 0.215818048 0.338867158 19.125551224 0.001331674 0.018763373 -0.005222314 0.999809444
1780046223.360192 0.217359751 0.339154482 19.141933441 0.001497514 0.018775156 -0.005100897 0.999809623
1780046223.393515 0.216148615 0.339026660 19.157163620 0.001416610 0.018627554 -0.005205028 0.999811947
1780046223.426838 0.217138544 0.339106828 19.173364639 0.001102500 0.018354014 -0.004927731 0.999818802
1780046223.460161 0.217390418 0.339614213 19.188650131 0.001141567 0.018423570 -0.004929784 0.999817491
1780046223.493485 0.217808798 0.341015697 19.208065033 0.001048559 0.018356441 -0.004856275 0.999819160
1780046223.526811 0.216977656 0.340482831 19.223102570 0.001060782 0.018258918 -0.004814957 0.999821186
1780046223.560137 0.218072459 0.343895346 19.240957260 0.000918049 0.018112596 -0.004513870 0.999825418
1780046223.593463 0.220499471 0.341481745 19.251182556 0.001010060 0.018264297 -0.004746876 0.999821424
1780046223.626789 0.218892217 0.339632869 19.270866394 0.001020939 0.018258467 -0.004437091 0.999822915
1780046223.660114 0.218747959 0.339538544 19.288520813 0.000722474 0.017905151 -0.004331160 0.999830067
1780046223.693439 0.219094291 0.342193931 19.305295944 0.000965111 0.017979227 -0.004157141 0.999829352
1780046223.726764 0.218313232 0.344121754 19.322023392 0.001343454 0.018223541 -0.004376199 0.999823511
1780046223.760090 0.220249310 0.342055798 19.335590363 0.000729807 0.018011514 -0.003978520 0.999829650
1780046223.793415 0.221906319 0.343223900 19.353328705 0.000154445 0.017747415 -0.003960098 0.999834657
1780046223.826740 0.220508456 0.336332858 19.371664047 0.000496355 0.017927568 -0.004117246 0.999830723
1780046223.860065 0.222410634 0.342687070 19.390068054 0.001087767 0.018328289 -0.004123597 0.999822974
1780046223.893389 0.221826643 0.342738956 19.405014038 0.000919587 0.018602692 -0.004232974 0.999817610
1780046223.926714 0.222615540 0.340517700 19.419181824 0.001017351 0.018636847 -0.004347331 0.999816418
1780046223.960038 0.222933069 0.341994911 19.441261292 0.001227093 0.018791998 -0.004379960 0.999813080
1780046223.993362 0.221571580 0.343464673 19.452104568 0.001287426 0.018791094 -0.004624960 0.999811947
1780046224.026687 0.222177759 0.342382729 19.466682434 0.001183646 0.018947247 -0.004690743 0.999808788
1780046224.060011 0.221145794 0.345754325 19.491594315 0.001208650 0.019015152 -0.004381306 0.999808848
1780046224.093333 0.222100213 0.348571926 19.506803513 0.001447364 0.019225411 -0.004661429 0.999803305
1780046224.126657 0.221304730 0.342216909 19.524337769 0.001337818 0.019238468 -0.004758905 0.999802709
1780046224.159981 0.222978741 0.343151182 19.541221619 0.001372504 0.018966956 -0.005165298 0.999805868
1780046224.193305 0.221681297 0.342050999 19.553884506 0.001226883 0.019010331 -0.004969173 0.999806225
1780046224.226627 0.223502249 0.340231895 19.573024750 0.001355815 0.018912120 -0.005042854 0.999807537
1780046224.259951 0.222386390 0.344247013 19.587228775 0.002182413 0.018681567 -0.004896465 0.999811172
1780046224.293274 0.225089073 0.342660248 19.604244232 0.001874704 0.018458180 -0.006027331 0.999809742
1780046224.326597 0.223422751 0.343755573 19.618144989 0.002329683 0.018310731 -0.006361580 0.999809384
1780046224.359920 0.222307608 0.342190236 19.634067535 0.001973971 0.018137868 -0.006729426 0.999810934
1780046224.393242 0.223136246 0.342576474 19.653522491 0.001598226 0.017938126 -0.006719112 0.999815226
1780046224.426565 0.222663790 0.344032615 19.671392441 0.001918129 0.018120855 -0.006772182 0.999811053
1780046224.459887 0.223336488 0.344173491 19.686666489 0.002022057 0.018280346 -0.006820238 0.999807656
1780046224.493213 0.221391588 0.342228472 19.702547073 0.002056101 0.018215522 -0.007039745 0.999807179
1780046224.526539 0.224607497 0.343396038 19.718940735 0.001570122 0.018154992 -0.007095255 0.999808848
1780046224.559865 0.222860649 0.345329195 19.737972260 0.002005535 0.018562825 -0.007224211 0.999799609
1780046224.593190 0.222273767 0.344931483 19.753311157 0.001939870 0.018499440 -0.007554150 0.999798477
1780046224.626516 0.223581254 0.344220608 19.770505905 0.001677774 0.018267864 -0.007487658 0.999803722
1780046224.659842 0.225646526 0.341890126 19.784030914 0.001327114 0.017954389 -0.007145946 0.999812424
1780046224.693167 0.224100173 0.343481421 19.799716949 0.001283990 0.018115329 -0.006960899 0.999810815
1780046224.726493 0.224508733 0.344706535 19.817678452 0.001301340 0.018192532 -0.007185216 0.999807835
1780046224.759818 0.227246627 0.343237579 19.829034805 0.001130206 0.018049780 -0.006969185 0.999812186
1780046224.793144 0.223236367 0.343018502 19.847583771 0.001293649 0.017979214 -0.007132602 0.999812067
1780046224.826468 0.225503683 0.343769461 19.864528656 0.001227844 0.018087169 -0.006710199 0.999813199
1780046224.859793 0.225954816 0.344184846 19.880718231 0.001655915 0.018118162 -0.006701103 0.999812067
1780046224.893118 0.225107685 0.342446506 19.899862289 0.001704032 0.018121142 -0.006731818 0.999811709
1780046224.926443 0.226465553 0.344353169 19.914854050 0.001450016 0.017802587 -0.006691498 0.999818087
1780046224.959767 0.229792222 0.345750213 19.935958862 0.001028506 0.017490037 -0.006317211 0.999826610
1780046224.993090 0.229161099 0.347518533 19.950439453 0.000757194 0.017547522 -0.006454786 0.999824882
1780046225.026415 0.227995172 0.346438408 19.968891144 0.000766717 0.017605973 -0.006527969 0.999823451
1780046225.059739 0.224811390 0.349102169 19.984033585 0.000346313 0.017876383 -0.006598835 0.999818444
1780046225.093063 0.226089701 0.347919941 20.006942749 0.000539922 0.018021837 -0.006591781 0.999815702
1780046225.126387 0.227215081 0.345234841 20.017742157 0.000502654 0.018042343 -0.006627885 0.999815166
1780046225.159710 0.230677590 0.346758217 20.031202316 0.000687187 0.018021526 -0.006453067 0.999816537
1780046225.193034 0.231471837 0.349512756 20.047082901 0.000756697 0.017921168 -0.006757655 0.999816358
1780046225.226357 0.228409007 0.350243598 20.068567276 0.000282100 0.018008756 -0.006721585 0.999815226
1780046225.259680 0.230729014 0.345877737 20.079540253 -0.000181989 0.017926825 -0.006369399 0.999818981
1780046225.293003 0.229109347 0.347616076 20.098922729 -0.000539490 0.018014865 -0.006379750 0.999817193
1780046225.326326 0.229365245 0.349767238 20.112005234 -0.000965160 0.018141633 -0.006474801 0.999813974
1780046225.359649 0.231095374 0.348513246 20.132154465 -0.001048664 0.018239981 -0.005768766 0.999816418
1780046225.392972 0.231416702 0.349394739 20.148620605 -0.000630410 0.018746447 -0.005713643 0.999807775
1780046225.426294 0.232524216 0.347340643 20.165044785 -0.001252879 0.019000951 -0.005634317 0.999802828
1780046225.459616 0.232353225 0.348604441 20.181585312 -0.000957661 0.019010328 -0.006038610 0.999800622
1780046225.492940 0.232772917 0.349889696 20.199491501 -0.000914140 0.018993711 -0.006291535 0.999799430
1780046225.526267 0.230293602 0.348592192 20.213211060 -0.000670001 0.019240107 -0.006304274 0.999794841
1780046225.559592 0.231780037 0.348002911 20.229038239 -0.000583967 0.019404924 -0.006206763 0.999792278
1780046225.592918 0.233670115 0.347556233 20.247747421 -0.000625036 0.019365868 -0.006455884 0.999791443
1780046225.626245 0.231792346 0.348282307 20.260833740 -0.000438375 0.019295923 -0.006840598 0.999790311
1780046225.659570 0.231185719 0.346144915 20.274925232 -0.000446255 0.019305605 -0.006890425 0.999789834
1780046225.692896 0.231349349 0.347858995 20.296112061 -0.000248638 0.019229095 -0.007063633 0.999790132
1780046225.726221 0.234550804 0.349315643 20.312198639 -0.000696507 0.019155841 -0.006732081 0.999793649
1780046225.759547 0.234541550 0.347673804 20.324113846 -0.000432822 0.019046677 -0.006647095 0.999796450
1780046225.792871 0.235959411 0.345711410 20.343235016 0.000102350 0.018736618 -0.006446812 0.999803722
1780046225.826197 0.233275548 0.349690735 20.358837128 0.000621873 0.018938856 -0.006719728 0.999797881
1780046225.859521 0.235222071 0.348089188 20.380077362 0.000996225 0.018931041 -0.006592326 0.999798596
1780046225.892845 0.233449489 0.346113086 20.384294510 0.000718321 0.018622089 -0.006584214 0.999804676
1780046225.926170 0.235333264 0.347857744 20.412519455 0.000678560 0.018338926 -0.006762080 0.999808729
1780046225.959495 0.234903738 0.348785341 20.429878235 0.000939249 0.018631885 -0.006943889 0.999801874
1780046225.992819 0.237256885 0.350742757 20.442388535 0.000886251 0.018724831 -0.006991052 0.999799848
1780046226.026143 0.234887153 0.347898334 20.448879242 0.000848182 0.018745163 -0.006955542 0.999799728
1780046226.059467 0.236923039 0.346331656 20.473474503 0.000787122 0.018797856 -0.006910738 0.999799132
1780046226.092791 0.236268416 0.350343436 20.494220734 0.000981657 0.018781671 -0.007270568 0.999796689
1780046226.126115 0.238401160 0.351354450 20.518478394 0.001199421 0.018624086 -0.007359903 0.999798775
1780046226.159439 0.237614498 0.351120204 20.528812408 0.001528179 0.018425561 -0.006887660 0.999805331
1780046226.192762 0.242181122 0.351125896 20.542816162 0.001598431 0.018197661 -0.006325370 0.999813139
1780046226.226086 0.241454467 0.349779814 20.558488846 0.001739581 0.018601356 -0.005887027 0.999808192
1780046226.259409 0.239908174 0.349455178 20.573406219 0.001917662 0.018658854 -0.006376244 0.999803722
1780046226.292732 0.241578609 0.354515910 20.596206665 0.001856929 0.018455535 -0.006572754 0.999806345
1780046226.326054 0.243973032 0.353710920 20.611991882 0.001830618 0.018039379 -0.006190700 0.999816418
1780046226.359377 0.245540828 0.353153229 20.627655029 0.001643314 0.018105965 -0.005694520 0.999818504
1780046226.392700 0.237469956 0.352581710 20.615644455 0.001498192 0.018762443 -0.005453601 0.999807954
1780046226.426023 0.236187309 0.352370232 20.628730774 0.001476400 0.018778346 -0.006051294 0.999804258
1780046226.459345 0.242858857 0.356599569 20.687839508 0.001613402 0.018315217 -0.005951775 0.999813318
1780046226.492670 0.243168622 0.355950683 20.701808929 0.001673333 0.018247597 -0.005608977 0.999816358
1780046226.525997 0.245030001 0.356605738 20.720491409 0.001440430 0.018256385 -0.005180833 0.999818921
1780046226.559324 0.248582274 0.358203858 20.745790482 0.001233988 0.018096339 -0.005151300 0.999822259
1780046226.592650 0.246887073 0.357489377 20.756816864 0.001285276 0.018080810 -0.005228575 0.999822021
1780046226.625976 0.243712947 0.356645703 20.762331009 0.001230827 0.018048255 -0.005099422 0.999823332
1780046226.659302 0.246243700 0.356067538 20.785329819 0.000707685 0.018140506 -0.004907821 0.999823213
1780046226.692628 0.244684085 0.354129493 20.798635483 0.000651260 0.018002462 -0.005061046 0.999824941
1780046226.725953 0.247791588 0.356976300 20.818094254 0.000474724 0.017909585 -0.005018725 0.999826908
1780046226.759278 0.251862288 0.362287015 20.853302002 0.000457315 0.017847931 -0.004944036 0.999828398
1780046226.792603 0.253651768 0.362036407 20.864040375 0.000506474 0.017765040 -0.004666294 0.999831259
1780046226.825928 0.248408407 0.356930584 20.865013123 0.000350376 0.017942037 -0.004648654 0.999828160
1780046226.859254 0.246922463 0.356844306 20.883245468 0.000311648 0.017804904 -0.004705710 0.999830365
1780046226.892579 0.252731979 0.358954489 20.906810760 -0.000024926 0.017642612 -0.004485200 0.999834359
1780046226.925904 0.248451933 0.357425898 20.915302277 0.000161234 0.017950092 -0.004708686 0.999827862
1780046226.959228 0.251120448 0.357090294 20.933887482 0.000367249 0.018174171 -0.004699732 0.999823689
1780046226.992553 0.255905569 0.362002403 20.967529297 0.000415872 0.018162979 -0.004741333 0.999823749
1780046227.025878 0.250229627 0.356385082 20.963211060 0.000640768 0.018483609 -0.004734678 0.999817729
1780046227.059202 0.249840587 0.356937110 20.980382919 0.001150055 0.018463774 -0.004625335 0.999818146
1780046227.092526 0.249644190 0.354686916 20.989347458 0.001339662 0.018806908 -0.004301522 0.999812961
1780046227.125850 0.251868546 0.354134530 21.004453659 0.001790655 0.019249827 -0.003963413 0.999805272
1780046227.159174 0.252268821 0.357141882 21.030025482 0.001964481 0.019408090 -0.004157520 0.999801040
1780046227.192498 0.253953874 0.354980290 21.036026001 0.002048424 0.019136682 -0.004074559 0.999806523
1780046227.225821 0.251749694 0.356338561 21.056884766 0.001902317 0.018832592 -0.004286064 0.999811649
1780046227.259144 0.252886444 0.356053710 21.069267273 0.002397015 0.018901188 -0.004393744 0.999808848
1780046227.292468 0.252015382 0.356538981 21.082420349 0.002641308 0.018968139 -0.004041908 0.999808431
1780046227.325791 0.252413034 0.356795818 21.099260330 0.002485681 0.018830601 -0.004107188 0.999811172
1780046227.359114 0.250630885 0.357463509 21.115913391 0.002830001 0.018822409 -0.004203902 0.999809980
1780046227.392437 0.251844555 0.360368192 21.136831284 0.002496516 0.018832453 -0.004021262 0.999811471
1780046227.425760 0.252277225 0.358056098 21.150053024 0.002628859 0.018771084 -0.003957088 0.999812484
1780046227.459083 0.253814816 0.356244057 21.162158966 0.002530899 0.018645486 -0.003809207 0.999815762
1780046227.492408 0.253884017 0.357812881 21.184198380 0.003079938 0.018645743 -0.004265545 0.999812305
1780046227.525735 0.253278792 0.359184027 21.204576492 0.003048728 0.018713413 -0.004301519 0.999811053
1780046227.559062 0.254961967 0.358277082 21.219129562 0.002885059 0.018883644 -0.004009368 0.999809504
1780046227.592389 0.257536530 0.361983120 21.239122391 0.003268450 0.019113213 -0.003830927 0.999804676
1780046227.625715 0.256809592 0.360059530 21.253213882 0.002821254 0.018960126 -0.004023869 0.999808192
1780046227.659041 0.255022347 0.359745353 21.265504837 0.002555122 0.018885899 -0.004138554 0.999809802
1780046227.692368 0.254975021 0.359072685 21.286909103 0.002642079 0.018964708 -0.004183378 0.999807894
1780046227.725695 0.256167442 0.359341025 21.300283432 0.002830597 0.019117499 -0.004348520 0.999803782
1780046227.759021 0.256839216 0.357205570 21.315292358 0.002988974 0.018962504 -0.004315725 0.999806464
1780046227.792347 0.255851597 0.358263761 21.331550598 0.002622671 0.018920058 -0.004280425 0.999808371
1780046227.825673 0.256225616 0.362156749 21.347444534 0.002592468 0.018692866 -0.004099042 0.999813557
1780046227.858999 0.260260642 0.359886050 21.368291855 0.001538748 0.018580996 -0.003691976 0.999819398
1780046227.892325 0.259338289 0.361655444 21.386816025 0.001124450 0.018502060 -0.003383068 0.999822497
1780046227.925651 0.262259573 0.360463470 21.400894165 0.001022285 0.018177098 -0.002550578 0.999831080
1780046227.958977 0.262734264 0.359912306 21.417566299 0.001377744 0.018213548 -0.002700759 0.999829590
1780046227.992302 0.261009425 0.361521572 21.437490463 0.001479424 0.018047860 -0.002618071 0.999832690
1780046228.025628 0.259385318 0.363210469 21.453092575 0.001439140 0.017909549 -0.002564261 0.999835312
1780046228.058953 0.259163082 0.360276997 21.459667206 0.001117466 0.017871210 -0.002431817 0.999836743
1780046228.092277 0.265133649 0.363873243 21.487949371 0.000865150 0.017701779 -0.002124801 0.999840736
1780046228.125602 0.263246059 0.364361227 21.503219604 0.000327688 0.017352665 -0.002507779 0.999846280
1780046228.158927 0.262297332 0.365158617 21.521165848 -0.000115351 0.017132714 -0.002837592 0.999849200
1780046228.192252 0.261643797 0.363951743 21.531940460 -0.000687364 0.016850106 -0.002469451 0.999854803
1780046228.225577 0.257428110 0.365212232 21.558403015 -0.000740669 0.016908329 -0.003165365 0.999851823
1780046228.258901 0.258319885 0.367170453 21.578147888 -0.000736372 0.016854580 -0.003073875 0.999853015
1780046228.292226 0.259091556 0.363081664 21.585247040 -0.000691425 0.016845906 -0.002990481 0.999853432
1780046228.325550 0.258519620 0.367204875 21.609903336 -0.000656805 0.016895799 -0.003201379 0.999851942
1780046228.358874 0.256697029 0.367208183 21.626304626 -0.000861052 0.017041927 -0.003028504 0.999849856
1780046228.392198 0.258564860 0.367122620 21.642124176 -0.001179246 0.017103689 -0.002898433 0.999848902
1780046228.425522 0.258124948 0.368176907 21.659885406 -0.001154295 0.017203299 -0.002903663 0.999847174
1780046228.458846 0.258198857 0.367384702 21.672912598 -0.000676446 0.017254008 -0.002842766 0.999846876
1780046228.492171 0.258180290 0.367561996 21.692041397 -0.000799075 0.017308587 -0.002831593 0.999845922
1780046228.525497 0.260258704 0.366951644 21.707773209 -0.000537399 0.017625654 -0.002985565 0.999840081
1780046228.558823 0.258892566 0.367762119 21.724025726 -0.000275548 0.017864345 -0.003306458 0.999835014
1780046228.592149 0.260498911 0.366378993 21.736219406 -0.000501878 0.017803732 -0.003516481 0.999835193
1780046228.625475 0.260259837 0.367882043 21.757873535 -0.000437901 0.017615037 -0.003454851 0.999838829
1780046228.658801 0.260356367 0.367618889 21.775440216 -0.000652823 0.017612074 -0.003435889 0.999838829
1780046228.692127 0.263688117 0.364062130 21.784202576 -0.000150507 0.017929256 -0.003006190 0.999834776
1780046228.725452 0.261421084 0.368019193 21.800172806 0.000122623 0.017996615 -0.003722736 0.999831140
1780046228.758778 0.259915382 0.367017865 21.817220688 0.000576156 0.017731113 -0.004089575 0.999834299
1780046228.792103 0.269814461 0.364880681 21.841386795 -0.000049934 0.017287740 -0.003880844 0.999843061
1780046228.825428 0.269033462 0.367681772 21.861392975 -0.000016238 0.017543657 -0.003670619 0.999839425
1780046228.858753 0.259612352 0.365032345 21.858648300 -0.000008998 0.017811185 -0.002985238 0.999836922
1780046228.892078 0.259363770 0.365431488 21.872850418 -0.000251597 0.017811960 -0.003103971 0.999836564
1780046228.925403 0.262247205 0.367805928 21.895746231 0.000528319 0.017864684 -0.004154480 0.999831676
1780046228.958728 0.259763718 0.363197714 21.904918671 0.000920935 0.017977884 -0.003674411 0.999831259
1780046228.992052 0.260558009 0.365695745 21.927389145 0.001152576 0.017925750 -0.004816613 0.999827027
1780046229.025376 0.261319488 0.368172169 21.945682526 0.001282736 0.017815037 -0.005118865 0.999827445
1780046229.058700 0.261704087 0.368340731 21.963027954 0.001558084 0.017966185 -0.004966912 0.999825120
1780046229.092024 0.262136579 0.367747515 21.979446411 0.001563970 0.018057315 -0.004735882 0.999824584
1780046229.125348 0.262570918 0.368959755 21.995048523 0.000979191 0.018338338 -0.004395248 0.999821723
1780046229.158672 0.265815109 0.368299454 22.013307571 0.000345754 0.018589504 -0.004003454 0.999819100
1780046229.191996 0.263294548 0.369049907 22.027439117 0.000463142 0.018624010 -0.004685330 0.999815464
1780046229.225319 0.263120472 0.368988842 22.047586441 0.000227690 0.018158708 -0.005181225 0.999821723
1780046229.258643 0.263960183 0.369163483 22.063690186 0.000356169 0.018236225 -0.004988451 0.999821246
1780046229.291966 0.265989512 0.369045824 22.076841354 0.000616379 0.018505346 -0.004535310 0.999818325
1780046229.325289 0.266586989 0.369484365 22.093128204 0.000593669 0.018545205 -0.004175519 0.999819160
1780046229.358612 0.266412497 0.369608253 22.108142853 0.000663819 0.018720027 -0.004451025 0.999814630
1780046229.391935 0.265926480 0.369866341 22.127326965 0.001060378 0.018402552 -0.004430086 0.999820292
1780046229.425258 0.267736465 0.370135099 22.141145706 0.000721917 0.018226076 -0.004275734 0.999824524
1780046229.458580 0.266443878 0.369940579 22.158706665 0.000722987 0.018276187 -0.004405072 0.999823034
1780046229.491904 0.267134100 0.368583024 22.171489716 0.000681442 0.018281238 -0.004319736 0.999823332
1780046229.525230 0.269934714 0.370269388 22.193632126 0.000419552 0.017980108 -0.004206076 0.999829412
1780046229.558557 0.266078413 0.369754493 22.208602905 0.000287731 0.017962499 -0.004437060 0.999828815
1780046229.591883 0.266353339 0.368707448 22.224573135 0.000680466 0.017846039 -0.004209046 0.999831736
1780046229.625209 0.268056720 0.368843943 22.240911484 0.000799287 0.017728249 -0.004043331 0.999834359
1780046229.658535 0.267931253 0.369792372 22.259109497 0.001267783 0.017716002 -0.004087528 0.999833941
1780046229.691860 0.267520905 0.369672924 22.274049759 0.001099898 0.017700555 -0.003828000 0.999835491
1780046229.725186 0.269870937 0.371224791 22.292991638 0.000645647 0.017604085 -0.003683197 0.999838054
1780046229.758512 0.268728375 0.369481385 22.307756424 0.000208194 0.017525669 -0.003597224 0.999839962
1780046229.791837 0.268336952 0.369852036 22.323257446 0.000277022 0.017715657 -0.003743030 0.999836087
1780046229.825162 0.270967335 0.370975971 22.341779709 0.000425835 0.017698053 -0.003815655 0.999836087
1780046229.858487 0.269939721 0.370492995 22.357793808 0.000543780 0.017665265 -0.003599431 0.999837339
1780046229.891811 0.270247608 0.370184362 22.371856689 0.000730413 0.017862815 -0.003310382 0.999834716
1780046229.925135 0.271316499 0.370615870 22.391254425 0.001275984 0.017554283 -0.002918921 0.999840915
1780046229.958460 0.273519963 0.371685177 22.408103943 0.001851150 0.017473739 -0.002193836 0.999843240
1780046229.991785 0.273126125 0.370844305 22.423336029 0.001230928 0.018027678 -0.002480522 0.999833703
1780046230.025109 0.274955153 0.372522116 22.441764832 0.001786417 0.018142011 -0.002794790 0.999829948
1780046230.058433 0.272833079 0.372340977 22.456132889 0.001406945 0.018078314 -0.002960172 0.999831259
1780046230.091757 0.274892241 0.372430742 22.472707748 0.001446870 0.018046800 -0.002998258 0.999831676
1780046230.125081 0.275532722 0.372740775 22.487686157 0.001998492 0.018421581 -0.002972105 0.999823928
1780046230.158405 0.276297897 0.372130752 22.504816055 0.001976336 0.018457772 -0.002693054 0.999824047
1780046230.191729 0.277322292 0.372774065 22.518856049 0.001895852 0.018166082 -0.002803221 0.999829292
1780046230.225052 0.277156889 0.372144341 22.535160065 0.002095485 0.018424304 -0.003286985 0.999822736
1780046230.258376 0.274085969 0.371875852 22.549209595 0.002072111 0.018723113 -0.003354817 0.999816954
1780046230.291699 0.273349434 0.372663468 22.566024780 0.002075575 0.018449057 -0.003623915 0.999821067
1780046230.325021 0.273618490 0.373379439 22.582067490 0.002064707 0.018473865 -0.003583929 0.999820828
1780046230.358344 0.274353474 0.373276740 22.598274231 0.002279241 0.018592590 -0.003584385 0.999818146
1780046230.391667 0.275967985 0.372848809 22.614294052 0.001674062 0.018727187 -0.003414334 0.999817431
1780046230.424989 0.274347097 0.373546362 22.630445480 0.001611882 0.018693114 -0.003743622 0.999816954
1780046230.458312 0.275160342 0.373600841 22.645124435 0.001509816 0.018381251 -0.003819456 0.999822676
1780046230.491651 0.276265055 0.374091893 22.661937714 0.001721616 0.018458400 -0.003757240 0.999821126
1780046230.525021 0.275704414 0.373691022 22.677028656 0.001708854 0.018452300 -0.003765249 0.999821186
1780046230.558391 0.276302308 0.373692244 22.692144394 0.001628435 0.018404210 -0.003756993 0.999822259
1780046230.591762 0.276246130 0.374203205 22.707386017 0.001806150 0.018538272 -0.003767177 0.999819398
1780046230.625133 0.276032865 0.374836057 22.723375320 0.001856796 0.018551854 -0.003795582 0.999818981
1780046230.658504 0.276200593 0.373755813 22.736251831 0.001851140 0.018690201 -0.003752744 0.999816537
1780046230.691876 0.277615160 0.375587225 22.751884460 0.001930588 0.018641612 -0.003634424 0.999817789
1780046230.725248 0.277151406 0.375707716 22.767570496 0.001172969 0.018657910 -0.003769725 0.999818146
1780046230.758620 0.279579759 0.375426680 22.786079407 0.000943595 0.018445499 -0.004051619 0.999821246
1780046230.791993 0.277599365 0.374896228 22.798553467 0.001115094 0.018278757 -0.004085317 0.999823987
1780046230.825367 0.274453431 0.373481870 22.783725739 0.001099990 0.018401286 -0.004042975 0.999821901
1780046230.858741 0.278730750 0.377371550 22.837343216 0.001574139 0.018506901 -0.004562581 0.999817133
1780046230.892116 0.278716207 0.377941102 22.853136063 0.001512693 0.018633833 -0.004403189 0.999815524
1780046230.925491 0.278233975 0.377226561 22.865060806 0.001065978 0.018516531 -0.004607034 0.999817431
1780046230.958866 0.277436733 0.377716064 22.881879807 0.000976522 0.018302500 -0.004754315 0.999820709
1780046230.992242 0.280709863 0.378130764 22.891857147 0.001198341 0.018295823 -0.003825733 0.999824584
1780046231.025618 0.280840367 0.377572536 22.914230347 0.001263849 0.018499771 -0.003799536 0.999820828
1780046231.058995 0.283826947 0.376976788 22.917249680 0.001170144 0.018532315 -0.003142047 0.999822617
1780046231.092372 0.282208502 0.381104589 22.947792053 0.001456666 0.018250596 -0.003534797 0.999826133
1780046231.125750 0.280505151 0.381853789 22.965318680 0.001084068 0.018128272 -0.003657210 0.999828458
1780046231.159128 0.282965779 0.382209390 22.980314255 0.001233193 0.018236563 -0.003391040 0.999827206
1780046231.192506 0.284021199 0.383219898 22.995574951 0.000875902 0.018204046 -0.003008589 0.999829471
1780046231.225884 0.284561485 0.378781408 23.001428604 0.000470365 0.017921224 -0.003040359 0.999834716
1780046231.259263 0.284248292 0.381920308 23.024650574 0.000884751 0.017768497 -0.003055227 0.999837101
1780046231.292643 0.282844782 0.379167497 23.026885986 0.000346152 0.017793868 -0.002989132 0.999837160
1780046231.326023 0.286560059 0.379069448 23.043504715 0.000184901 0.017683785 -0.002473887 0.999840558
1780046231.359404 0.287618458 0.379430234 23.058536530 -0.000014108 0.017647063 -0.002425600 0.999841332
1780046231.392785 0.287525505 0.379863352 23.075365067 -0.000598960 0.017432885 -0.002563169 0.999844611
1780046231.426166 0.286716670 0.379091799 23.086532593 -0.000397154 0.017227078 -0.002535441 0.999848366
1780046231.459548 0.287833899 0.379958868 23.102975845 -0.000244018 0.017408039 -0.002134552 0.999846220
1780046231.492908 0.289370328 0.381084979 23.118627548 -0.000641338 0.017682580 -0.001911255 0.999841630
1780046231.526242 0.288699716 0.381279707 23.132467270 -0.000431574 0.017504811 -0.001955200 0.999844849
1780046231.559576 0.288111329 0.381093413 23.147451401 -0.000822513 0.017489236 -0.002079703 0.999844611
1780046231.592910 0.288812250 0.382725090 23.165298462 -0.000850011 0.017349456 -0.002019022 0.999847174
1780046231.626244 0.289437979 0.382569373 23.179636002 -0.001049491 0.017576043 -0.001926732 0.999843121
1780046231.659576 0.286597937 0.383139133 23.193716049 -0.000936120 0.018057493 -0.002242249 0.999834001
1780046231.692910 0.283832461 0.386828005 23.226615906 -0.000869479 0.018105472 -0.002630298 0.999832273
1780046231.726244 0.287787944 0.382456839 23.210447311 -0.001032430 0.018226499 -0.002300235 0.999830723
1780046231.759578 0.290059149 0.381766617 23.221361160 -0.000936195 0.018203413 -0.002152291 0.999831617
1780046231.792911 0.289184034 0.382064223 23.234735489 -0.000804922 0.018380729 -0.002397620 0.999827921
1780046231.826244 0.292782068 0.378938675 23.240491867 -0.000819093 0.018255625 -0.002609713 0.999829650
1780046231.859578 0.293104082 0.379566908 23.250293732 -0.001030546 0.018283939 -0.002585815 0.999828994
1780046231.892911 0.291877717 0.380090952 23.268333435 -0.001296294 0.018467728 -0.002519445 0.999825418
1780046231.926245 0.290524691 0.380293816 23.284938812 -0.000509365 0.018593183 -0.002680233 0.999823451
1780046231.959578 0.289983034 0.382316530 23.321903229 -0.000103773 0.018627413 -0.002664585 0.999822974
1780046231.992911 0.289840341 0.382453859 23.318996429 -0.000006243 0.018539945 -0.002878794 0.999823987
1780046232.026244 0.287307173 0.384802669 23.357770920 -0.000206834 0.018229079 -0.003288630 0.999828458
1780046232.059577 0.291528195 0.381375819 23.360574722 -0.000144118 0.018114530 -0.002840539 0.999831915
1780046232.092910 0.293286592 0.381858766 23.373989105 -0.000058014 0.018116018 -0.002803652 0.999832034
1780046232.126242 0.293549150 0.381295830 23.390556335 -0.000547420 0.018003298 -0.002690174 0.999834180
1780046232.159575 0.293568075 0.382245481 23.404085159 -0.000387286 0.017983597 -0.002857984 0.999834180
1780046232.192907 0.294423282 0.381959826 23.419338226 -0.000349730 0.017994255 -0.002923457 0.999833822
1780046232.226240 0.294460952 0.380887359 23.431467056 -0.000105670 0.017824983 -0.003021763 0.999836624
1780046232.259573 0.292415738 0.381769955 23.447288513 -0.000356227 0.017862439 -0.003094171 0.999835670
1780046232.292905 0.295022607 0.381587863 23.464620590 0.000046811 0.018061236 -0.002852143 0.999832869
1780046232.326237 0.294726938 0.382240653 23.478593826 0.000150045 0.017926177 -0.002940694 0.999835014
1780046232.359570 0.293514937 0.380337656 23.490213394 0.000107173 0.017818332 -0.003162711 0.999836266
1780046232.392902 0.293359637 0.381248564 23.506412506 0.000723212 0.018110422 -0.003211071 0.999830604
1780046232.426234 0.292243451 0.384391248 23.530534744 0.000494489 0.018455880 -0.003415537 0.999823749
1780046232.459567 0.294075072 0.381820232 23.537479401 0.000284150 0.018109752 -0.003321651 0.999830484
1780046232.492900 0.292138189 0.384193301 23.563831329 0.000879536 0.018018836 -0.003404626 0.999831557
1780046232.526234 0.292714357 0.383580416 23.570074081 0.000967399 0.018420789 -0.003248116 0.999824584
1780046232.559567 0.291506529 0.383207351 23.582693100 0.001127661 0.018568702 -0.003439123 0.999821067
1780046232.592901 0.291843623 0.383375943 23.597322464 0.001152683 0.018558694 -0.003403695 0.999821365
1780046232.626234 0.291451782 0.383100063 23.610607147 0.000514904 0.018516434 -0.003413287 0.999822617
1780046232.659568 0.292731822 0.383149058 23.626134872 0.000842831 0.018330419 -0.003467212 0.999825597
1780046232.692901 0.293035924 0.384804100 23.639982224 0.001229922 0.018437687 -0.003115635 0.999824464
1780046232.726235 0.293843925 0.383728236 23.654014587 0.000674834 0.018528344 -0.002989384 0.999823630
1780046232.759568 0.293535501 0.384726256 23.669832230 0.001278128 0.018385926 -0.003070935 0.999825418
1780046232.792902 0.294376969 0.384909004 23.683961868 0.001353182 0.018260848 -0.003131045 0.999827504
1780046232.826235 0.294337392 0.385187060 23.699481964 0.000860846 0.018057520 -0.003167045 0.999831617
1780046232.859569 0.294216424 0.386040270 23.716384888 0.000733760 0.017997749 -0.002781803 0.999833941
1780046232.892902 0.295275122 0.386968970 23.731084824 0.000091538 0.018197542 -0.002465337 0.999831378
1780046232.926235 0.295843929 0.387835503 23.747966766 0.000309576 0.018120848 -0.002634357 0.999832332
1780046232.959568 0.294950932 0.387420028 23.762128830 -0.000196407 0.017827235 -0.002727047 0.999837399
1780046232.992900 0.295963258 0.387051553 23.781761169 -0.000131536 0.017874582 -0.003060309 0.999835610
1780046233.026233 0.297632873 0.387689710 23.796787262 -0.000152784 0.018151475 -0.002747481 0.999831498
1780046233.059566 0.298102170 0.389122754 23.813262939 -0.000225970 0.018080415 -0.002581564 0.999833226
1780046233.092898 0.297475010 0.389182001 23.827962875 -0.000021735 0.017883431 -0.002762555 0.999836266
1780046233.126231 0.296855152 0.389256030 23.841272354 -0.000160278 0.017791720 -0.002827857 0.999837756
1780046233.159564 0.297329724 0.390029967 23.855657578 -0.000090369 0.017797656 -0.002900375 0.999837458
1780046233.192896 0.298448741 0.389925152 23.870246887 -0.000099896 0.017894553 -0.002412895 0.999836981
1780046233.226229 0.299397320 0.390401453 23.885353088 -0.000310237 0.017875651 -0.002301359 0.999837577
1780046233.259561 0.299354404 0.390312791 23.899639130 -0.000666211 0.017735088 -0.002337930 0.999839842
1780046233.292894 0.299438417 0.391055405 23.914794922 -0.001193902 0.017468497 -0.002325734 0.999844074
1780046233.326226 0.300173014 0.391039670 23.928476334 -0.001091337 0.017572146 -0.002384511 0.999842227
1780046233.359558 0.300727993 0.391512066 23.940780640 -0.000938605 0.017877799 -0.002160813 0.999837458
1780046233.392890 0.300641000 0.391548574 23.953138351 -0.000896043 0.018130718 -0.002309396 0.999832571
1780046233.426223 0.301139861 0.391776294 23.967033386 -0.000906455 0.017974844 -0.002275585 0.999835491
1780046233.459554 0.300579280 0.391622275 23.979745865 -0.001054206 0.018004911 -0.002433238 0.999834418
1780046233.492886 0.300757945 0.392175049 23.992546082 -0.001129838 0.018238306 -0.002325183 0.999830365
1780046233.526220 0.300552428 0.392340928 24.006332397 -0.000811353 0.018378600 -0.002529947 0.999827623
1780046233.559554 0.301573664 0.392617047 24.019844055 -0.001016535 0.018209256 -0.002626049 0.999830246
1780046233.592887 0.300975144 0.390143514 24.034431458 -0.001592685 0.018297190 -0.002752946 0.999827564
1780046233.626221 0.301935762 0.393895388 24.046903610 -0.001479933 0.018535234 -0.002733430 0.999823391
1780046233.659555 0.301678300 0.394606590 24.059711456 -0.001281811 0.018832084 -0.002850448 0.999817789
1780046233.692888 0.301481485 0.395140797 24.073873520 -0.001377720 0.018620880 -0.003076734 0.999821007
1780046233.726221 0.301648259 0.395938486 24.088024139 -0.001447310 0.018459376 -0.003202164 0.999823451
1780046233.759555 0.302911729 0.395127416 24.100385666 -0.001527524 0.018469427 -0.003070848 0.999823570
1780046233.792888 0.301472962 0.394691110 24.114154816 -0.001707590 0.018528230 -0.002962952 0.999822497
1780046233.826222 0.302875489 0.393155277 24.129667282 -0.002095336 0.018215360 -0.002952372 0.999827623
1780046233.859555 0.302050143 0.394801497 24.138156891 -0.001631178 0.018405085 -0.002993144 0.999824822
1780046233.892887 0.302869022 0.395276994 24.151493073 -0.001945666 0.018331436 -0.003011074 0.999825537
1780046233.926220 0.303001761 0.396152943 24.165861130 -0.002274197 0.018175915 -0.003028468 0.999827683
1780046233.959553 0.304979384 0.396076798 24.179960251 -0.001964669 0.018175775 -0.002894886 0.999828756
1780046233.992885 0.303149790 0.396373779 24.195669174 -0.002038837 0.018321374 -0.002981442 0.999825597
1780046234.026218 0.302819937 0.396940947 24.207916260 -0.002382782 0.017998111 -0.003291790 0.999829769
1780046234.059551 0.303664207 0.396801025 24.221422195 -0.002643839 0.018056717 -0.003417667 0.999827683
1780046234.092884 0.303687960 0.397490889 24.237718582 -0.002516111 0.018164204 -0.003490005 0.999825776
1780046234.126216 0.303992748 0.397641391 24.251348495 -0.002699204 0.018236475 -0.003738623 0.999823034
1780046234.159549 0.304483116 0.394852877 24.260240555 -0.002821380 0.018228373 -0.003378631 0.999824166
1780046234.192881 0.304097176 0.396413058 24.275569916 -0.002810143 0.018246381 -0.003496368 0.999823451
1780046234.226213 0.304773599 0.396386147 24.287359238 -0.002996080 0.018343741 -0.003558990 0.999820948
1780046234.259546 0.304374874 0.396721810 24.301866531 -0.002380342 0.018283496 -0.003780628 0.999822915
1780046234.292878 0.303573698 0.397110134 24.316301346 -0.002420936 0.018326659 -0.003972513 0.999821246
1780046234.326209 0.303556144 0.397791117 24.332517624 -0.002135461 0.018365726 -0.004202805 0.999820232
1780046234.359541 0.304085642 0.397765785 24.344818115 -0.001900169 0.018479226 -0.004113916 0.999818981
1780046234.392873 0.304247171 0.396263361 24.355897903 -0.001596877 0.018541850 -0.003914403 0.999819160
1780046234.426206 0.305267721 0.396220595 24.369348526 -0.001361807 0.018363571 -0.004294159 0.999821246
1780046234.459537 0.304409087 0.394144684 24.380105972 -0.000086860 0.018462261 -0.005100134 0.999816597
1780046234.492874 0.303574324 0.393139064 24.393255234 0.001244925 0.017867679 -0.005678250 0.999823451
1780046234.526329 0.302224159 0.392886847 24.406015396 0.001162089 0.017589476 -0.005679208 0.999828517
1780046234.559785 0.303561449 0.393665731 24.421380997 0.001258799 0.017642904 -0.005418433 0.999828935
1780046234.593242 0.304278314 0.394373238 24.437023163 0.001620066 0.017816067 -0.005009621 0.999827445
1780046234.626700 0.304357737 0.394173920 24.452018738 0.001701502 0.017779550 -0.005323180 0.999826312
1780046234.660159 0.303491473 0.394773245 24.467205048 0.001587985 0.017552953 -0.005608451 0.999828994
1780046234.693619 0.304633170 0.393510401 24.482097626 0.001595595 0.017263021 -0.005305545 0.999835670
1780046234.727080 0.306162655 0.395433247 24.497673035 0.001730658 0.017126940 -0.005091079 0.999838889
1780046234.760540 0.307023227 0.394664913 24.512222290 0.001884756 0.017140070 -0.004943496 0.999839127
1780046234.794003 0.304578960 0.396353036 24.533018112 0.001598749 0.017034419 -0.004768481 0.999842286
1780046234.827467 0.304607749 0.396651864 24.547330856 0.001515344 0.017096717 -0.004883132 0.999840796
1780046234.860932 0.306242704 0.392653137 24.559848785 0.001512799 0.016964199 -0.005148624 0.999841750
1780046234.894399 0.302857399 0.395533651 24.580656052 0.001848181 0.017147372 -0.004885056 0.999839365
1780046234.927866 0.303694099 0.398789972 24.600011826 0.001578382 0.017166382 -0.004365698 0.999841869
1780046234.961333 0.307339311 0.397397906 24.617811203 0.001765202 0.016997447 -0.004273639 0.999844909
1780046234.994802 0.305323988 0.396883190 24.629383087 0.001462417 0.017078077 -0.004467347 0.999843180
1780046235.028272 0.303524077 0.399131060 24.646251678 0.001362970 0.016945131 -0.004404669 0.999845803
1780046235.061743 0.300500840 0.400921762 24.669063568 0.001076153 0.016937111 -0.004210763 0.999847114
1780046235.095215 0.301977515 0.397942513 24.682809830 0.000869980 0.017144671 -0.004509076 0.999842525
1780046235.128688 0.299870074 0.405289829 24.713254929 0.001482562 0.017230995 -0.004611760 0.999839842
1780046235.162162 0.298270553 0.407999575 24.732864380 0.001186236 0.017314460 -0.004886249 0.999837518
1780046235.195637 0.302226603 0.405703217 24.746198654 0.000387527 0.017338082 -0.004744753 0.999838412
1780046235.229112 0.300145298 0.408527225 24.766506195 0.000265749 0.017782025 -0.004846490 0.999830127
1780046235.262589 0.301838964 0.408820808 24.782428741 -0.000051353 0.017711725 -0.004884026 0.999831259
1780046235.296067 0.301406533 0.409415692 24.799251556 -0.000827720 0.017830035 -0.005338560 0.999826431
1780046235.329546 0.299894899 0.409410119 24.816020966 -0.002275695 0.018892581 -0.006311948 0.999799013
1780046235.363026 0.299034536 0.410385072 24.833383560 -0.002254351 0.018736195 -0.006970095 0.999797642
1780046235.396507 0.300576866 0.410126686 24.849832535 -0.001941679 0.018397789 -0.007047813 0.999804020
1780046235.429989 0.299769402 0.409499854 24.863861084 -0.002466094 0.018360505 -0.006759876 0.999805570
1780046235.463472 0.301515818 0.412423044 24.883514404 -0.002999856 0.018646901 -0.005910304 0.999804139
1780046235.496943 0.303440541 0.413233578 24.899881363 -0.004572432 0.019655528 -0.004923489 0.999784291
1780046235.530277 0.304965824 0.414341986 24.917345047 -0.004812535 0.019727079 -0.004921166 0.999781787
1780046235.563612 0.301895976 0.414183140 24.934301376 -0.004565048 0.019348715 -0.005223942 0.999788761
1780046235.596946 0.302147686 0.414271563 24.947517395 -0.004513103 0.018921847 -0.005676391 0.999794722
1780046235.630280 0.304510802 0.415897548 24.967565536 -0.003635070 0.019076001 -0.005365513 0.999797106
1780046235.663613 0.304167956 0.416172355 24.985780716 -0.004085574 0.019357752 -0.005343083 0.999790013
1780046235.696946 0.305250883 0.415124029 24.998703003 -0.003830621 0.019179983 -0.005359042 0.999794364
1780046235.730280 0.309210598 0.416056514 25.016170502 -0.003719018 0.018842144 -0.005281627 0.999801636
1780046235.763613 0.306114256 0.415274024 25.030878067 -0.003662433 0.018935891 -0.005480693 0.999798954
1780046235.796947 0.309196621 0.413716108 25.042234421 -0.003648464 0.019230727 -0.005373393 0.999794006
1780046235.830281 0.308598608 0.414875805 25.060886383 -0.004129775 0.019402934 -0.005264557 0.999789357
1780046235.863615 0.309072912 0.416636527 25.077106476 -0.004408737 0.019094875 -0.005495645 0.999792874
1780046235.896948 0.308726192 0.414417118 25.093748093 -0.004028849 0.018710269 -0.005872526 0.999799609
1780046235.930281 0.308892816 0.415006816 25.116373062 -0.004675981 0.019011721 -0.005669256 0.999792278
1780046235.963614 0.308633327 0.416947901 25.111425400 -0.004318044 0.019231569 -0.005481139 0.999790728
1780046235.996948 0.309053004 0.419637293 25.129774094 -0.003946350 0.018983383 -0.005616585 0.999796271
1780046236.030281 0.308281749 0.418743432 25.146696091 -0.003937083 0.018948315 -0.005764357 0.999796152
1780046236.063615 0.310201406 0.419855714 25.160728455 -0.003519922 0.018770756 -0.005272393 0.999803782
1780046236.096946 0.312937528 0.420771748 25.181150436 -0.003580540 0.018644398 -0.004864899 0.999807954
1780046236.130280 0.312766224 0.420025975 25.196567535 -0.003912741 0.018634520 -0.004527960 0.999808490
1780046236.163613 0.313595325 0.419617802 25.213127136 -0.004017464 0.018581569 -0.004815970 0.999807715
1780046236.196945 0.312672138 0.419831991 25.227470398 -0.004157048 0.018611895 -0.005138231 0.999804974
1780046236.230278 0.312888443 0.422013193 25.246997833 -0.004128578 0.018277457 -0.004762304 0.999813080
1780046236.263611 0.311218500 0.421410590 25.261102676 -0.004106699 0.018006790 -0.004462427 0.999819517
1780046236.296943 0.316049755 0.422103226 25.277755737 -0.002611677 0.017263638 -0.003293707 0.999842167
1780046236.330276 0.318138570 0.421791673 25.292781830 -0.002615011 0.017218463 -0.002436637 0.999845386
1780046236.363608 0.317258090 0.421346575 25.307720184 -0.003748522 0.017546613 -0.002454123 0.999836028
1780046236.396941 0.315798938 0.420826614 25.324197769 -0.003256817 0.017422004 -0.002960103 0.999838650
1780046236.430273 0.314720571 0.420556456 25.339673996 -0.003517145 0.016910361 -0.002993760 0.999846339
1780046236.463606 0.317949206 0.422580659 25.359981537 -0.003096797 0.016869958 -0.002685756 0.999849319
1780046236.496939 0.318424582 0.423654735 25.372869492 -0.002819946 0.017492760 -0.002427343 0.999840081
1780046236.530273 0.318346083 0.421869546 25.388147354 -0.003108077 0.017495578 -0.002708673 0.999838471
1780046236.563606 0.318326682 0.423051566 25.403810501 -0.003270426 0.016920440 -0.002911820 0.999847353
1780046236.596939 0.319682747 0.425775826 25.427139282 -0.003513170 0.016689932 -0.002619703 0.999851167
1780046236.630273 0.319754630 0.424672902 25.441934586 -0.003579465 0.017232917 -0.002183251 0.999842763
1780046236.663607 0.317284435 0.422886759 25.457088470 -0.003298170 0.017606743 -0.002655749 0.999836087
1780046236.696941 0.315114647 0.423373371 25.473203659 -0.003343767 0.017628100 -0.003094608 0.999834239
1780046236.730274 0.315767109 0.424400061 25.493612289 -0.003584877 0.017563097 -0.003156767 0.999834359
1780046236.763608 0.321159750 0.422335982 25.491798401 -0.002864195 0.017774248 -0.002562925 0.999834657
1780046236.796942 0.321747065 0.423099697 25.507768631 -0.002941529 0.018050866 -0.002473404 0.999829769
1780046236.830274 0.320803821 0.422315538 25.523374557 -0.002695587 0.017888641 -0.002685948 0.999832809
1780046236.863608 0.320914000 0.422481120 25.538860321 -0.002559572 0.017794365 -0.002916611 0.999834180
1780046236.896941 0.321370125 0.421916962 25.554361343 -0.002531426 0.018047014 -0.003009025 0.999829471
1780046236.930274 0.321820617 0.421259910 25.570369720 -0.002258097 0.018050313 -0.003106796 0.999829769
1780046236.963607 0.320670635 0.421552420 25.584505081 -0.001599337 0.017963156 -0.003577713 0.999831021
1780046236.996940 0.321019769 0.421859413 25.602775574 -0.000870588 0.017628744 -0.003914539 0.999836624
1780046237.030273 0.318689108 0.420412123 25.615133286 -0.000328259 0.017344145 -0.004202101 0.999840736
1780046237.063606 0.320371956 0.419129133 25.628391266 0.001123653 0.017360313 -0.003530612 0.999842465
1780046237.096938 0.323717028 0.419366211 25.644931793 0.001761976 0.018058203 -0.002281741 0.999832869
1780046237.130271 0.327374756 0.422739774 25.664415359 -0.000158352 0.018681923 -0.001318324 0.999824584
1780046237.163604 0.326703578 0.422553062 25.680225372 0.000452156 0.018813469 -0.001737334 0.999821424
1780046237.196937 0.325531811 0.421710789 25.697723389 0.000122174 0.018299112 -0.002249466 0.999830067
1780046237.230269 0.324274600 0.422980309 25.715764999 -0.000966079 0.017861597 -0.003327994 0.999834478
1780046237.263602 0.323918700 0.423971713 25.732793808 -0.001887245 0.017576015 -0.003355650 0.999838173
1780046237.296934 0.314623535 0.421047568 25.740695953 -0.000866900 0.017604031 -0.003367519 0.999839067
1780046237.330266 0.315926760 0.422312379 25.760713577 -0.001148862 0.018157242 -0.003212807 0.999829352
1780046237.363599 0.327313513 0.422577798 25.780876160 -0.000562356 0.018056024 -0.003845186 0.999829471
1780046237.396931 0.326718092 0.424486637 25.799352646 -0.000034894 0.017836196 -0.003990806 0.999832988
1780046237.430264 0.324758828 0.423134148 25.810840607 -0.000351125 0.017550336 -0.003816626 0.999838650
1780046237.463594 0.327996314 0.425944537 25.833448410 -0.000260116 0.017460687 -0.004120496 0.999839067
1780046237.496927 0.325441033 0.423268288 25.844841003 0.000178981 0.018052084 -0.004120321 0.999828637
1780046237.530261 0.326806784 0.423093706 25.860418320 0.001193211 0.018077333 -0.003556028 0.999829590
1780046237.563596 0.325523347 0.421433896 25.870851517 0.001766455 0.017557330 -0.003508852 0.999838173
1780046237.596930 0.326269448 0.422275096 25.886550903 0.001953966 0.017399542 -0.003465961 0.999840736
1780046237.630264 0.327428430 0.421687037 25.900892258 0.001994937 0.017325619 -0.002931777 0.999843717
1780046237.663598 0.330166399 0.423035532 25.919998169 0.000787088 0.017643614 -0.001676053 0.999842644
1780046237.696933 0.332809150 0.422299564 25.938594818 0.000669638 0.018149355 -0.000823394 0.999834776
1780046237.730267 0.331973314 0.423193216 25.951635361 0.001137980 0.018419158 -0.000950096 0.999829292
1780046237.763600 0.331180751 0.423740506 25.969095230 0.000495837 0.018181935 -0.001323283 0.999833763
1780046237.796934 0.332291067 0.424510092 25.986440659 0.000173377 0.018133517 -0.001554451 0.999834418
1780046237.830268 0.331485152 0.424184263 26.001520157 -0.000819448 0.018434932 -0.002104447 0.999827564
1780046237.863601 0.331361294 0.425070167 26.020956039 -0.002096327 0.018020963 -0.001657523 0.999834061
1780046237.896934 0.332956553 0.426601291 26.042608261 -0.003728564 0.017140701 -0.001138646 0.999845564
1780046237.930268 0.332835466 0.423755318 26.047657013 -0.003224730 0.016685599 -0.000128455 0.999855578
1780046237.963602 0.334678560 0.426589012 26.071224213 -0.002203752 0.016400173 0.000174892 0.999863088
1780046237.996935 0.334345371 0.426266849 26.087656021 -0.003095200 0.016638435 -0.000090392 0.999856770
1780046238.030268 0.333736032 0.427436799 26.105163574 -0.001701429 0.016811946 -0.000672198 0.999857008
1780046238.063601 0.332991093 0.428226858 26.118221283 -0.001094736 0.017223615 -0.001607527 0.999849796
1780046238.096935 0.329527974 0.429701149 26.137128830 -0.003575204 0.016734749 -0.002918082 0.999849379
1780046238.130268 0.329435498 0.429490238 26.151319504 -0.003024087 0.015927851 -0.003148152 0.999863625
1780046238.163602 0.331600547 0.429194391 26.169893265 -0.003323044 0.016375791 -0.002316626 0.999857724
1780046238.196934 0.333769947 0.429254353 26.185760498 -0.004123220 0.017003721 -0.002072080 0.999844790
1780046238.230268 0.331746012 0.430264145 26.199886322 -0.003239779 0.017259058 -0.001698657 0.999844432
1780046238.263601 0.334057391 0.430159122 26.216772079 -0.003087248 0.017167689 -0.002107212 0.999845684
1780046238.296933 0.334076792 0.429706514 26.232984543 -0.002973717 0.017173972 -0.002533484 0.999844968
1780046238.330265 0.334387749 0.429974556 26.248231888 -0.003148395 0.017333198 -0.002423353 0.999841869
1780046238.363598 0.334807307 0.431689292 26.267456055 -0.004116848 0.017451825 -0.002603633 0.999835849
1780046238.396931 0.334005058 0.431586862 26.281534195 -0.004501729 0.017443202 -0.002581958 0.999834478
1780046238.430264 0.334909946 0.432949156 26.299375534 -0.004839618 0.017394407 -0.002444452 0.999834061
1780046238.463596 0.337661922 0.432080865 26.318809509 -0.004638511 0.016962310 -0.002319993 0.999842703
1780046238.496929 0.336079121 0.432158649 26.333276749 -0.003589405 0.016501561 -0.001525252 0.999856293
1780046238.530262 0.338660896 0.431961715 26.350629807 -0.004770211 0.016481211 -0.001126167 0.999852180
1780046238.563596 0.337817907 0.431649953 26.364707947 -0.004074895 0.016661037 -0.001380794 0.999851942
1780046238.596930 0.336647600 0.431651473 26.378835678 -0.003673582 0.016368059 -0.001939017 0.999857426
1780046238.630264 0.337031990 0.431737959 26.396629333 -0.003342157 0.016309598 -0.001800471 0.999859810
1780046238.663597 0.337839872 0.432354927 26.412696838 -0.002733840 0.016483508 -0.001739763 0.999858916
1780046238.696931 0.338216960 0.432524949 26.428058624 -0.002920147 0.016592957 -0.001801212 0.999856472
1780046238.730264 0.337333709 0.432725757 26.444620132 -0.002794461 0.016523650 -0.002440192 0.999856591
1780046238.763597 0.335917324 0.432909578 26.460386276 -0.003358758 0.016428294 -0.003042934 0.999854863
1780046238.796930 0.336890310 0.433050871 26.477407455 -0.003170415 0.016271554 -0.002884861 0.999858499
1780046238.830264 0.337885827 0.433515280 26.494316101 -0.003211004 0.016477449 -0.002700524 0.999855459
1780046238.863597 0.338728428 0.432917267 26.509475708 -0.002859693 0.016686456 -0.003079614 0.999852002
1780046238.896930 0.335846215 0.432320386 26.524019241 -0.001824771 0.017368993 -0.004030250 0.999839425
1780046238.930264 0.334534734 0.433120310 26.541400909 -0.001150801 0.017086605 -0.004960438 0.999841094
1780046238.963596 0.335335791 0.433433384 26.557796478 -0.001649648 0.016825775 -0.004966220 0.999844790
1780046238.996929 0.337112188 0.433728665 26.572641373 -0.000677099 0.016913410 -0.004263727 0.999847710
1780046239.030262 0.338912636 0.432914704 26.586614609 -0.001106129 0.017175056 -0.003768646 0.999844849
1780046239.063595 0.337644219 0.432387680 26.602216721 -0.001494309 0.017194467 -0.004243696 0.999842048
1780046239.096928 0.336919576 0.433723152 26.620706558 -0.002053452 0.016817393 -0.004537324 0.999846220
1780046239.130260 0.336836755 0.434077919 26.637886047 -0.001714033 0.016615987 -0.004490261 0.999850392
1780046239.163593 0.339361519 0.435542226 26.654306412 -0.001873053 0.016683465 -0.003665710 0.999852359
1780046239.196926 0.339753747 0.435033679 26.670618057 -0.001968690 0.017012455 -0.003572693 0.999846995
1780046239.230257 0.339324981 0.435847878 26.688840866 -0.001376962 0.017002007 -0.003669941 0.999847770
1780046239.263590 0.338255376 0.436217010 26.705852509 -0.001784098 0.016739815 -0.003871190 0.999850810
1780046239.296922 0.339832097 0.435835183 26.720422745 -0.001669739 0.016500168 -0.003702458 0.999855638
1780046239.330254 0.339978129 0.436037868 26.736265182 -0.001366969 0.016941985 -0.003651737 0.999848902
1780046239.363586 0.340257645 0.436775357 26.753276825 -0.001712654 0.016863264 -0.003510198 0.999850214
1780046239.396919 0.340691626 0.437524974 26.769720078 -0.001788830 0.016552780 -0.003558366 0.999855101
1780046239.430251 0.341080785 0.438306779 26.785882950 -0.001856924 0.016487198 -0.003555619 0.999856055
1780046239.463583 0.341488510 0.438638449 26.803442001 -0.002592078 0.016616836 -0.003422002 0.999852777
1780046239.496915 0.342783988 0.439300627 26.820789337 -0.002779769 0.016478857 -0.003058611 0.999855697
1780046239.530250 0.342132568 0.438386887 26.835903168 -0.003030050 0.016676994 -0.003143037 0.999851406
1780046239.563583 0.342379361 0.439776272 26.853649139 -0.002939919 0.016616348 -0.003280577 0.999852240
1780046239.596917 0.341610253 0.439140975 26.869884491 -0.002673353 0.016673585 -0.003546424 0.999851167
1780046239.630251 0.343326032 0.439928174 26.886560440 -0.002886932 0.016509799 -0.003363143 0.999853909
1780046239.663584 0.343343019 0.440520376 26.903678894 -0.002781031 0.016454231 -0.003265324 0.999855459
1780046239.696918 0.342405230 0.440379679 26.918891907 -0.002654863 0.016899483 -0.003410879 0.999847889
1780046239.730252 0.343414247 0.441290706 26.935626984 -0.002779884 0.016822601 -0.003395259 0.999848902
1780046239.763586 0.344083786 0.441467673 26.951108932 -0.002818174 0.016902035 -0.003203324 0.999848068
1780046239.796919 0.344470024 0.441269040 26.967573166 -0.003215472 0.017360376 -0.003366458 0.999838471
1780046239.830253 0.344899267 0.442104012 26.986408234 -0.003122852 0.017465223 -0.003555553 0.999836266
1780046239.863586 0.344608575 0.442694724 27.003402710 -0.002732684 0.017413113 -0.003755360 0.999837637
1780046239.896920 0.343636990 0.442910820 27.017501831 -0.002638333 0.017651144 -0.004055054 0.999832571
1780046239.930254 0.344375461 0.443783641 27.033430099 -0.002371076 0.017749287 -0.004009235 0.999831676
1780046239.963586 0.345289469 0.443318278 27.048770905 -0.002775864 0.017887173 -0.003749097 0.999829173
1780046239.996920 0.345261574 0.443870783 27.066278458 -0.002387667 0.017937522 -0.004109130 0.999827862
1780046240.030253 0.344777972 0.443996668 27.082496643 -0.002347840 0.017721258 -0.004333222 0.999830842
1780046240.063586 0.344537079 0.444167495 27.098188400 -0.002873330 0.017770501 -0.004392172 0.999828339
1780046240.096919 0.343820751 0.444177121 27.113967896 -0.002448143 0.017814862 -0.004514884 0.999828100
1780046240.130251 0.345037729 0.443320930 27.128429413 -0.002248078 0.017604705 -0.004325734 0.999833167
1780046240.163584 0.345352560 0.443250984 27.144149780 -0.002118600 0.017683994 -0.004275900 0.999832273
1780046240.196917 0.345139325 0.443662345 27.161682129 -0.001813306 0.017579857 -0.004420375 0.999834061
1780046240.230250 0.346062899 0.444237351 27.178106308 -0.001928907 0.017495358 -0.004515032 0.999834955
1780046240.263582 0.344734520 0.444089562 27.194316864 -0.001855848 0.017274616 -0.004825435 0.999837458
1780046240.296915 0.345866263 0.445038199 27.210479736 -0.001964022 0.017067587 -0.004890690 0.999840498
1780046240.330248 0.346413910 0.445724756 27.227437973 -0.001942238 0.017254854 -0.004695717 0.999838233
1780046240.363580 0.346355081 0.445500195 27.244499207 -0.001827759 0.017477039 -0.004911290 0.999833524
1780046240.396913 0.345578104 0.445227474 27.259914398 -0.001730845 0.017410021 -0.005050865 0.999834239
1780046240.430245 0.346692741 0.445013791 27.274986267 -0.001623695 0.017475720 -0.004926610 0.999833882
1780046240.463578 0.347054273 0.445410520 27.289060593 -0.001955224 0.017513288 -0.005018816 0.999832153
1780046240.496911 0.346764147 0.445643961 27.307645798 -0.001638031 0.017428780 -0.005107673 0.999833763
1780046240.530245 0.346782267 0.445621938 27.324121475 -0.001622687 0.017363189 -0.005105381 0.999834955
1780046240.563578 0.346577317 0.446436316 27.341093063 -0.001657277 0.017568333 -0.005088506 0.999831438
1780046240.596911 0.347718388 0.446976960 27.358343124 -0.001224991 0.017600628 -0.004749989 0.999833107
1780046240.630245 0.347652912 0.446675867 27.373977661 -0.001675537 0.017724086 -0.005082431 0.999828637
1780046240.663579 0.347547859 0.448510706 27.392414093 -0.001564979 0.017308678 -0.004874408 0.999837101
1780046240.696913 0.348964870 0.446934760 27.406709671 -0.001312928 0.017100127 -0.004405749 0.999843240
1780046240.730246 0.349032193 0.447591990 27.421928406 -0.000945878 0.017468913 -0.004389875 0.999837339
1780046240.763580 0.349639088 0.446796209 27.439115524 -0.000862690 0.017512666 -0.003975846 0.999838412
1780046240.796913 0.349041641 0.448561370 27.455142975 -0.000672052 0.017072801 -0.004243072 0.999845028
1780046240.830246 0.350017160 0.448366851 27.470489502 -0.000731392 0.016911799 -0.004209638 0.999847889
1780046240.863579 0.351859123 0.448408008 27.486268997 -0.000635536 0.017189140 -0.003682928 0.999845326
1780046240.896913 0.351562411 0.450006336 27.503807068 -0.000922405 0.017239872 -0.003486772 0.999844968
1780046240.930245 0.351468533 0.449379236 27.518821716 -0.001474778 0.017013077 -0.003552464 0.999847889
1780046240.963578 0.352259994 0.450015813 27.536369324 -0.001557732 0.016845724 -0.003350219 0.999851286
1780046240.996910 0.352654248 0.449630111 27.552135468 -0.001884064 0.016915817 -0.003349748 0.999849617
1780046241.030243 0.353715718 0.450299621 27.572280884 -0.002129188 0.016734576 -0.003383235 0.999852002
1780046241.063576 0.353528917 0.450238705 27.587009430 -0.001414779 0.017000265 -0.003266973 0.999849200
1780046241.096909 0.353514671 0.451101810 27.603420258 -0.001356607 0.017226974 -0.003172336 0.999845684
1780046241.130241 0.354055136 0.451957941 27.620183945 -0.001528477 0.017057143 -0.003090239 0.999848604
1780046241.163574 0.353534728 0.451647520 27.634506226 -0.001289177 0.017179942 -0.003224203 0.999846399
1780046241.196907 0.353953719 0.451474249 27.650302887 -0.001409048 0.017382449 -0.003383220 0.999842227
1780046241.230239 0.355885237 0.451571107 27.667722702 -0.001479496 0.017248040 -0.002822121 0.999846220
1780046241.263572 0.355148077 0.451343715 27.682695389 -0.001258437 0.017212916 -0.002959682 0.999846697
1780046241.296904 0.356087238 0.451823980 27.696844101 -0.000620949 0.017564652 -0.002928298 0.999841273
1780046241.330236 0.355379641 0.451476485 27.715543747 -0.000732893 0.017980060 -0.003284382 0.999832690
1780046241.363569 0.355722845 0.451994896 27.730190277 0.000028230 0.017849959 -0.003390541 0.999834955
1780046241.396900 0.355560780 0.451925904 27.746431351 0.000351633 0.017981160 -0.003593781 0.999831855
1780046241.430231 0.356724322 0.451486677 27.760957718 0.000452132 0.018017061 -0.003429248 0.999831796
1780046241.463564 0.357482642 0.451257408 27.777400970 0.000837719 0.018158531 -0.003520597 0.999828577
1780046241.496896 0.356476843 0.450754762 27.791816711 0.000905576 0.018255381 -0.003865057 0.999825537
1780046241.530230 0.357540846 0.450873047 27.808979034 0.001247820 0.017970568 -0.003854440 0.999830365
1780046241.563564 0.356888473 0.450527132 27.825199127 0.001578910 0.017832408 -0.004125688 0.999831259
1780046241.596897 0.357301325 0.449996859 27.841859818 0.001639085 0.017660595 -0.004037329 0.999834597
1780046241.630231 0.357713372 0.449975520 27.856277466 0.002140318 0.017802019 -0.004146495 0.999830663
1780046241.663565 0.358360052 0.450751096 27.873210907 0.002242245 0.017683843 -0.003992978 0.999833167
1780046241.696898 0.357525676 0.451349437 27.891218185 0.002684510 0.017742682 -0.004188368 0.999830246
1780046241.730232 0.357241213 0.450611562 27.906396866 0.002531876 0.017450038 -0.004192602 0.999835789
1780046241.763566 0.357472688 0.451583356 27.922151566 0.002896644 0.017605335 -0.004196006 0.999832034
1780046241.796899 0.357789218 0.451361626 27.936800003 0.002996730 0.017510159 -0.004219217 0.999833345
1780046241.830232 0.357169956 0.452242225 27.956132889 0.002554769 0.017570429 -0.004398179 0.999832749
1780046241.863565 0.357981980 0.452073067 27.971248627 0.002473654 0.017330157 -0.004402081 0.999837101
1780046241.896898 0.357624739 0.451774448 27.986192703 0.002237610 0.017489977 -0.004455857 0.999834657
1780046241.930231 0.359961867 0.453013450 28.005897522 0.001970747 0.017678326 -0.004038971 0.999833643
1780046241.963564 0.360877365 0.452847064 28.020677567 0.001932840 0.017759657 -0.004198825 0.999831676
1780046241.996897 0.358736336 0.453631967 28.037633896 0.002021197 0.017830845 -0.004542697 0.999828756
1780046242.030230 0.358364016 0.455012262 28.055747986 0.001819850 0.017609609 -0.004427979 0.999833465
1780046242.063563 0.359804600 0.455474287 28.073076248 0.001762525 0.017591888 -0.004189051 0.999835014
1780046242.096895 0.362079799 0.456142336 28.089925766 0.001264912 0.017708367 -0.003761066 0.999835372
1780046242.130228 0.362327814 0.455891371 28.106727600 0.001174036 0.017768480 -0.003951660 0.999833643
1780046242.163561 0.360517204 0.456640184 28.124507904 0.000227701 0.017946674 -0.004307322 0.999829650
1780046242.196893 0.360617638 0.457196742 28.140731812 0.000044210 0.017733062 -0.004229711 0.999833822
1780046242.230226 0.360905111 0.457543880 28.155145645 0.000057141 0.017893702 -0.003857472 0.999832451
1780046242.263559 0.362002343 0.457746387 28.172685623 -0.000574983 0.018084273 -0.003464737 0.999830365
1780046242.296891 0.361821532 0.457706213 28.189428329 -0.000321872 0.018089375 -0.003796284 0.999829113
1780046242.330222 0.362235874 0.458578676 28.207708359 -0.000505618 0.017995887 -0.003719688 0.999831080
1780046242.363554 0.362046987 0.458411962 28.224502563 -0.001199412 0.017745450 -0.003788647 0.999834657
1780046242.396887 0.362420380 0.458715796 28.241195679 -0.001287204 0.017877320 -0.003590681 0.999832928
1780046242.430219 0.363460302 0.458805203 28.257854462 -0.002003738 0.017969226 -0.003231836 0.999831319
1780046242.463551 0.362837702 0.457708240 28.273548126 -0.002091926 0.017954411 -0.003599452 0.999830186
1780046242.496884 0.362957567 0.458242208 28.289110184 -0.002505085 0.017809944 -0.003519000 0.999832094
1780046242.530219 0.364380300 0.460091323 28.308221817 -0.002634619 0.017644804 -0.003253866 0.999835610
1780046242.563554 0.365129024 0.460918903 28.325838089 -0.002188522 0.017755564 -0.003359558 0.999834359
1780046242.596888 0.365326434 0.461054355 28.340835571 -0.002269035 0.017766401 -0.003100169 0.999834776
1780046242.630223 0.366097599 0.460944444 28.357271194 -0.002111277 0.017675184 -0.003206711 0.999836445
1780046242.663558 0.365862936 0.461370647 28.373399734 -0.002354600 0.017737018 -0.003295442 0.999834538
1780046242.696892 0.367249608 0.461771607 28.390338898 -0.002614158 0.017568486 -0.002923817 0.999837995
1780046242.730227 0.367040277 0.461433828 28.405290604 -0.002912660 0.017593969 -0.002733966 0.999837279
1780046242.763560 0.369105190 0.461914301 28.423271179 -0.002869396 0.017312648 -0.002387238 0.999843180
1780046242.796895 0.368802696 0.463122010 28.439256668 -0.002668214 0.017469069 -0.002654361 0.999840379
1780046242.830229 0.368313462 0.463362217 28.457139969 -0.002595731 0.017955074 -0.002798597 0.999831557
1780046242.863563 0.368609071 0.464081138 28.472545624 -0.002634142 0.017950144 -0.002697914 0.999831796
1780046242.896898 0.368164361 0.464353770 28.488512039 -0.002444467 0.018237932 -0.003044248 0.999826074
1780046242.930232 0.368549794 0.463399380 28.503915787 -0.002396804 0.018384883 -0.002977867 0.999823689
1780046242.963566 0.368706107 0.464283347 28.520544052 -0.002344833 0.018355226 -0.003209496 0.999823630
1780046242.996900 0.369038999 0.464616805 28.536104202 -0.002707579 0.018455246 -0.003008285 0.999821484
1780046243.030234 0.369820982 0.464742959 28.552339554 -0.002592947 0.018453827 -0.003075081 0.999821663
1780046243.063568 0.370953143 0.465287775 28.569730759 -0.002481840 0.018367520 -0.003256111 0.999822915
1780046243.096902 0.368805885 0.464598000 28.585037231 -0.002481290 0.018463356 -0.003535710 0.999820232
1780046243.130236 0.369758278 0.466400057 28.603193283 -0.002506257 0.018265173 -0.003405326 0.999824226
1780046243.163569 0.370180488 0.465472609 28.619050980 -0.002554587 0.018498827 -0.003290809 0.999820232
1780046243.196903 0.370394170 0.466479212 28.635263443 -0.002844583 0.018501772 -0.003372096 0.999819100
1780046243.230236 0.370908886 0.466620833 28.651994705 -0.003172799 0.018131867 -0.003351072 0.999824941
1780046243.263570 0.370809823 0.467332482 28.668178558 -0.003130989 0.018066579 -0.003603078 0.999825418
1780046243.296903 0.371781945 0.466646165 28.685142517 -0.003336714 0.018193441 -0.003364632 0.999823272
1780046243.330236 0.371257424 0.467156231 28.700172424 -0.003326920 0.017957719 -0.003779981 0.999826133
1780046243.363569 0.370705456 0.467881262 28.717039108 -0.003832449 0.017849553 -0.003962224 0.999825478
1780046243.396903 0.371213794 0.468581796 28.734254837 -0.003681466 0.017866433 -0.003618142 0.999827087
1780046243.430237 0.372628778 0.468174964 28.749460220 -0.003806174 0.017918238 -0.003360580 0.999826610
1780046243.463570 0.373435110 0.468584836 28.766172409 -0.003825400 0.018066255 -0.003498424 0.999823391
1780046243.496903 0.371604919 0.468851686 28.781658173 -0.003856743 0.018404620 -0.003715781 0.999816298
1780046243.530239 0.371950924 0.469621062 28.798025131 -0.004028869 0.018212836 -0.004258052 0.999816954
1780046243.563574 0.372965753 0.469903588 28.814802170 -0.003985045 0.017954126 -0.003926691 0.999823153
1780046243.596910 0.372017264 0.470509619 28.831428528 -0.004282463 0.018235879 -0.003997872 0.999816537
1780046243.630245 0.372901887 0.470476300 28.847553253 -0.004374448 0.018741589 -0.003804795 0.999807596
1780046243.663579 0.373060703 0.471096188 28.864711761 -0.004162997 0.018633543 -0.003851541 0.999810278
1780046243.696914 0.372111470 0.471264303 28.880170822 -0.004228742 0.018692771 -0.004222410 0.999807417
1780046243.730249 0.372263908 0.471422642 28.896154404 -0.004067608 0.018387731 -0.004156005 0.999814034
1780046243.763584 0.375274390 0.471879601 28.913793564 -0.004608417 0.017963065 -0.003236084 0.999822795
1780046243.796919 0.373634428 0.472530514 28.929283142 -0.004692375 0.018605161 -0.003435750 0.999810040
1780046243.830255 0.373570561 0.473843008 28.946718216 -0.004471909 0.018572530 -0.003684636 0.999810755
1780046243.863590 0.374536067 0.472348452 28.961193085 -0.004598574 0.018523160 -0.003637254 0.999811232
1780046243.896924 0.373891771 0.474581689 28.979518890 -0.004744762 0.018446559 -0.003560899 0.999812305
1780046243.930259 0.375090688 0.474106520 28.995716095 -0.005117183 0.018105535 -0.003266133 0.999817669
1780046243.963594 0.376282275 0.474704713 29.012104034 -0.004867072 0.018143415 -0.002951739 0.999819219
1780046243.996929 0.374745965 0.475978673 29.028156281 -0.004646157 0.018235235 -0.003299406 0.999817491
1780046244.030263 0.375869811 0.475918800 29.043962479 -0.004637765 0.018094758 -0.003306041 0.999820054
1780046244.063598 0.375690877 0.476910770 29.061052322 -0.004603242 0.018019771 -0.003445077 0.999821126
1780046244.096932 0.376223475 0.477276355 29.078044891 -0.004873586 0.017903594 -0.003348845 0.999822199
1780046244.130266 0.377493024 0.476419747 29.093702316 -0.005227217 0.017821200 -0.003085397 0.999822795
1780046244.163600 0.376457810 0.477185637 29.110404968 -0.005246583 0.017938953 -0.003292981 0.999819934
1780046244.196935 0.377062142 0.477362990 29.126794815 -0.005229923 0.017867375 -0.003160069 0.999821723
1780046244.230269 0.377230734 0.477849245 29.143091202 -0.005183282 0.018136267 -0.002910013 0.999817848
1780046244.263603 0.378051013 0.478001654 29.158622742 -0.005468009 0.017932963 -0.002645780 0.999820769
1780046244.296937 0.378614783 0.478754431 29.174428940 -0.004941188 0.017859543 -0.002746026 0.999824584
1780046244.330272 0.378300220 0.478280872 29.190826416 -0.004822523 0.018028008 -0.002893214 0.999821723
1780046244.363606 0.379212439 0.479245543 29.207508087 -0.004399637 0.018167239 -0.002914091 0.999821067
1780046244.396940 0.379040569 0.479442745 29.222896576 -0.004576640 0.018342240 -0.003178237 0.999816239
1780046244.430274 0.380796552 0.479690671 29.240159988 -0.004027667 0.018537510 -0.002916913 0.999815881
1780046244.463608 0.380926788 0.480323881 29.255950928 -0.004215179 0.018841263 -0.002976777 0.999809146
1780046244.496942 0.379958153 0.480061710 29.272045135 -0.004047393 0.018645398 -0.003082403 0.999813199
1780046244.530277 0.381499946 0.480442077 29.287923813 -0.003883821 0.018435620 -0.002941576 0.999818206
1780046244.563612 0.381398916 0.480547816 29.303913116 -0.003840123 0.018636674 -0.003153639 0.999813974
1780046244.596948 0.381937027 0.480888695 29.320211411 -0.003798863 0.018833077 -0.003171011 0.999810398
1780046244.630283 0.381210774 0.481529474 29.337697983 -0.003505178 0.018657388 -0.003591633 0.999813318
1780046244.663618 0.380086124 0.481596887 29.354095459 -0.003409996 0.018579429 -0.003810187 0.999814332
1780046244.696954 0.381523997 0.481358409 29.368278503 -0.003375456 0.018749574 -0.003540040 0.999812245
1780046244.730289 0.381795436 0.481965691 29.383874893 -0.002849800 0.018668102 -0.003478315 0.999815643
1780046244.763624 0.382407248 0.482284635 29.399723053 -0.003115633 0.018689122 -0.003347159 0.999814928
1780046244.796960 0.381869316 0.482910365 29.418046951 -0.003449889 0.018558353 -0.003729727 0.999814868
1780046244.830295 0.382839292 0.482057631 29.432542801 -0.003347260 0.018294208 -0.003776014 0.999819934
1780046244.863630 0.382839203 0.482528150 29.450361252 -0.003224867 0.018220788 -0.003831394 0.999821484
1780046244.896965 0.382088095 0.483400345 29.466228485 -0.003201608 0.018339906 -0.004311114 0.999817371
1780046244.930300 0.383394122 0.483561575 29.482736588 -0.002807707 0.018368004 -0.003906580 0.999819756
1780046244.963634 0.383791357 0.483477771 29.498493195 -0.002681890 0.018536456 -0.003998225 0.999816597
1780046244.996969 0.385094583 0.483695865 29.514587402 -0.002989320 0.018422801 -0.003824648 0.999818504
1780046245.030303 0.384116828 0.484308839 29.530563354 -0.002758926 0.018443460 -0.004138276 0.999817550
1780046245.063638 0.384569377 0.484148353 29.546857834 -0.002647801 0.018486155 -0.004123083 0.999817133
1780046245.096973 0.383870304 0.484496593 29.563377380 -0.002609261 0.018659018 -0.004313074 0.999813199
1780046245.130307 0.384209871 0.484625846 29.578994751 -0.002526934 0.018740049 -0.004242874 0.999812186
1780046245.163642 0.384575009 0.485500067 29.596471786 -0.002457740 0.018636314 -0.004304831 0.999814034
1780046245.196976 0.387127042 0.484384388 29.612089157 -0.002399185 0.018469937 -0.003858415 0.999819100
1780046245.230310 0.385432392 0.485119671 29.628532410 -0.002408004 0.018729772 -0.004015949 0.999813616
1780046245.263645 0.384243071 0.484628052 29.643787384 -0.001934570 0.018764583 -0.004323519 0.999812722
1780046245.296979 0.386090785 0.484876394 29.660634995 -0.001446983 0.018551765 -0.003910750 0.999819279
1780046245.330314 0.386351883 0.484868586 29.676342010 -0.001581786 0.018591799 -0.003624966 0.999819338
1780046245.363648 0.387444645 0.485328168 29.691328049 -0.000737564 0.018414473 -0.003542326 0.999823868
1780046245.396982 0.387892604 0.485572815 29.707740784 -0.000864781 0.018570349 -0.003423921 0.999821305
1780046245.430316 0.388435781 0.486129433 29.723176956 -0.000581260 0.018188039 -0.003581937 0.999828041
1780046245.463649 0.387723863 0.485533297 29.739875793 -0.000943884 0.018265594 -0.003381029 0.999827027
1780046245.496983 0.388572544 0.486355364 29.756404877 -0.001239739 0.018215265 -0.003412183 0.999827564
1780046245.530317 0.387800366 0.487290412 29.772842407 -0.001096966 0.018224640 -0.003637204 0.999826729
1780046245.563650 0.386538088 0.487284660 29.790067673 -0.001285697 0.018126115 -0.003647801 0.999828279
1780046245.596984 0.389312893 0.487542897 29.805555344 -0.001050069 0.017871898 -0.003433021 0.999833882
1780046245.630318 0.389714450 0.486832142 29.822296143 -0.000935360 0.017831342 -0.003322751 0.999835074
1780046245.663651 0.389128596 0.488023698 29.838321686 -0.000801019 0.017772222 -0.003687223 0.999834955
1780046245.696984 0.389400244 0.488651514 29.854558945 -0.000750669 0.017671287 -0.003692274 0.999836802
1780046245.730317 0.389812648 0.488540381 29.871215820 -0.000913272 0.017804606 -0.003630653 0.999834538
1780046245.763650 0.390276164 0.489060938 29.887140274 -0.001150314 0.017947285 -0.003358587 0.999832690
1780046245.796984 0.389444590 0.490017593 29.904186249 -0.001370320 0.017977089 -0.003411505 0.999831736
1780046245.830316 0.390061170 0.489928722 29.921352386 -0.001805309 0.017964406 -0.003192171 0.999831975
1780046245.863649 0.390583754 0.490634441 29.937147141 -0.001650123 0.018194871 -0.003228052 0.999827921
1780046245.896981 0.391682565 0.490112603 29.953620911 -0.001594609 0.018310130 -0.003027760 0.999826491
1780046245.930314 0.391786814 0.490569383 29.969835281 -0.002014515 0.018654237 -0.003029177 0.999819398
1780046245.963647 0.392221123 0.490940630 29.985645294 -0.002122891 0.018661043 -0.003204692 0.999818504
1780046245.996979 0.392235041 0.491741478 30.002300262 -0.001567586 0.018671863 -0.003362933 0.999818802
1780046246.030312 0.392864227 0.490951657 30.018939972 -0.001865386 0.018837132 -0.003334902 0.999815285
1780046246.063645 0.393315256 0.490706354 30.034250259 -0.002094742 0.018848840 -0.003254002 0.999814868
1780046246.096977 0.394637614 0.491696864 30.050863266 -0.002174049 0.018698001 -0.003121117 0.999817967
1780046246.130310 0.393531978 0.491887957 30.066867828 -0.002147551 0.019087994 -0.003564898 0.999809146
1780046246.163642 0.393985748 0.492777467 30.083887100 -0.002453517 0.018890189 -0.003709679 0.999811649
1780046246.196974 0.393517435 0.492095649 30.099660873 -0.002096666 0.018802224 -0.003873068 0.999813557
1780046246.230306 0.393083721 0.493027568 30.115730286 -0.002158225 0.018711807 -0.003879303 0.999815047
1780046246.263638 0.394532800 0.493741065 30.133462906 -0.002617108 0.018840648 -0.003728189 0.999812186
1780046246.296970 0.393985629 0.493650049 30.151613235 -0.002695099 0.019005334 -0.004077428 0.999807477
1780046246.330301 0.393671215 0.494403154 30.169351578 -0.003230619 0.018928073 -0.004150577 0.999807000
1780046246.363633 0.395033151 0.494536251 30.184947968 -0.003140068 0.018693527 -0.004147859 0.999811769
1780046246.396965 0.394907862 0.494581640 30.201763153 -0.003080638 0.018729554 -0.004384737 0.999810219
1780046246.430297 0.394214243 0.495559037 30.217874527 -0.003022013 0.018846054 -0.004608164 0.999807239
1780046246.463629 0.394048095 0.495603293 30.234991074 -0.003021649 0.019184260 -0.004587937 0.999800861
1780046246.496960 0.394635469 0.495794922 30.251686096 -0.002836933 0.019071758 -0.004677401 0.999803185
1780046246.530347 0.395209730 0.496899307 30.267692566 -0.003003027 0.019099865 -0.004552685 0.999802709
1780046246.563759 0.394519955 0.497299284 30.283456802 -0.002930823 0.019268250 -0.004921722 0.999798000
1780046246.597171 0.395981669 0.497909456 30.301387787 -0.003532042 0.019022640 -0.004986305 0.999800384
1780046246.630584 0.395121068 0.497014165 30.316070557 -0.003624814 0.018904189 -0.005266940 0.999800861
1780046246.663996 0.394682586 0.497158736 30.331401825 -0.003866354 0.019097120 -0.005127098 0.999797046
1780046246.697409 0.395587683 0.498497933 30.348541260 -0.003075208 0.019223792 -0.004826888 0.999798834
1780046246.730823 0.397620589 0.499227673 30.364801407 -0.003227554 0.019112386 -0.004684630 0.999801159
1780046246.764236 0.396570265 0.499672204 30.382040024 -0.003251472 0.018954210 -0.005137913 0.999801874
1780046246.797651 0.396788210 0.500020444 30.397794724 -0.003731176 0.018669818 -0.004977976 0.999806345
1780046246.831065 0.397456259 0.500778615 30.413759232 -0.003345588 0.018737068 -0.004717017 0.999807715
1780046246.864481 0.399310827 0.500834107 30.430692673 -0.003399990 0.018818602 -0.004050595 0.999808967
1780046246.897897 0.399488479 0.501997232 30.447853088 -0.003309860 0.018764162 -0.003928710 0.999810815
1780046246.931313 0.397795200 0.501942337 30.464097977 -0.003542160 0.018586691 -0.004471225 0.999810994
1780046246.964730 0.398108304 0.501547217 30.480447769 -0.003489428 0.018480055 -0.004535674 0.999812841
1780046246.998147 0.399332941 0.503244698 30.497880936 -0.003896164 0.018443696 -0.004065156 0.999814093
1780046247.031564 0.399825633 0.502048850 30.513669968 -0.003980777 0.018466532 -0.004034881 0.999813437
1780046247.064982 0.398259461 0.503326237 30.530654907 -0.004026084 0.018397236 -0.004437111 0.999812841
1780046247.098400 0.400251657 0.503267109 30.547195435 -0.003820888 0.018374613 -0.004109294 0.999815464
1780046247.131819 0.401923865 0.503748059 30.562713623 -0.003783131 0.018386681 -0.003715251 0.999816895
1780046247.165238 0.400424540 0.503934920 30.578767776 -0.004091259 0.018324507 -0.004053273 0.999815524
1780046247.198658 0.400569052 0.505658865 30.596427917 -0.004343938 0.018208167 -0.004072872 0.999816477
1780046247.232077 0.401184916 0.505526364 30.612257004 -0.004161987 0.018114500 -0.004181763 0.999818563
1780046247.265497 0.401158929 0.505923450 30.628921509 -0.004191685 0.018176604 -0.004136174 0.999817491
1780046247.298918 0.401515692 0.506180584 30.645868301 -0.004626193 0.018380232 -0.003839933 0.999813020
1780046247.332340 0.402157307 0.506391823 30.661424637 -0.004643112 0.018353600 -0.003939618 0.999813020
1780046247.365762 0.402254075 0.507599592 30.679737091 -0.004153606 0.018432392 -0.003756529 0.999814451
1780046247.399184 0.403216451 0.507184863 30.695030212 -0.004607387 0.018527264 -0.003907867 0.999810100
1780046247.432606 0.403817266 0.507548451 30.711059570 -0.003566861 0.018544242 -0.003704951 0.999814808
1780046247.466030 0.404523492 0.507155597 30.726846695 -0.003629894 0.018895861 -0.003736416 0.999807894
1780046247.499453 0.405662298 0.507921398 30.744262695 -0.003825922 0.018844819 -0.003708352 0.999808252
1780046247.532810 0.405581266 0.508713007 30.759536743 -0.003575042 0.019179422 -0.003840697 0.999802291
1780046247.566136 0.404227138 0.508364379 30.775558472 -0.003511015 0.019156078 -0.004315734 0.999801099
1780046247.599462 0.404590517 0.508744061 30.792049408 -0.003701749 0.019074032 -0.004518199 0.999801040
1780046247.632788 0.406046450 0.509527802 30.808279037 -0.003907407 0.019262543 -0.004134079 0.999798298
1780046247.666112 0.406522602 0.509323299 30.822772980 -0.003660978 0.019288283 -0.004254067 0.999798238
1780046247.699438 0.405488253 0.508558333 30.838483810 -0.003348085 0.019463949 -0.004762319 0.999793589
1780046247.732763 0.404506177 0.509693563 30.857309341 -0.003689308 0.019109489 -0.004995489 0.999798119
1780046247.766088 0.403884977 0.509085774 30.871864319 -0.003405808 0.019335259 -0.005209035 0.999793708
1780046247.799414 0.404879957 0.509303629 30.888853073 -0.003588991 0.019442588 -0.004823140 0.999792933
1780046247.832738 0.404413223 0.509704053 30.904829025 -0.003384964 0.019487327 -0.005023040 0.999791801
1780046247.866063 0.405487388 0.509782374 30.921777725 -0.003965340 0.019172873 -0.005068252 0.999795496
1780046247.899388 0.404941678 0.509656429 30.938768387 -0.003709110 0.018931145 -0.005315299 0.999799848
1780046247.932712 0.406118631 0.510429859 30.953416824 -0.003668037 0.018886285 -0.005059456 0.999802172
1780046247.966036 0.408402294 0.511427045 30.972021103 -0.003893925 0.018649817 -0.005013816 0.999805927
1780046247.999361 0.406994641 0.511037171 30.988189697 -0.003593009 0.019066483 -0.005544351 0.999796450
1780046248.032685 0.407425135 0.511655688 31.003299713 -0.003271688 0.018879231 -0.005505566 0.999801278
1780046248.066009 0.407679081 0.511241674 31.018222809 -0.003335441 0.018909380 -0.005426810 0.999800920
1780046248.099333 0.407071710 0.511971235 31.034919739 -0.003463448 0.019337684 -0.005580598 0.999791443
1780046248.132655 0.408899456 0.511501908 31.052228928 -0.003777196 0.019167598 -0.005356798 0.999794841
1780046248.165979 0.406178027 0.512664139 31.068058014 -0.003595317 0.019232450 -0.006224767 0.999789178
1780046248.199302 0.406139314 0.512734950 31.084911346 -0.003653621 0.019071978 -0.006474368 0.999790490
1780046248.232625 0.409027129 0.512068748 31.100708008 -0.004205072 0.019065199 -0.005537675 0.999794126
1780046248.265949 0.408093095 0.512914538 31.116561890 -0.003204776 0.019390246 -0.005805945 0.999790013
1780046248.299272 0.409064054 0.512904644 31.133502960 -0.003601401 0.019274190 -0.005721297 0.999791384
1780046248.332595 0.408810079 0.513500750 31.150911331 -0.003912761 0.018932434 -0.005772475 0.999796450
1780046248.365917 0.409770161 0.513674080 31.166490555 -0.003780257 0.018899553 -0.005385587 0.999799728
1780046248.399240 0.410773963 0.514201939 31.182910919 -0.003783994 0.019190060 -0.005030596 0.999796093
1780046248.432563 0.412807524 0.514318407 31.199695587 -0.003591901 0.019066755 -0.004697587 0.999800742
1780046248.465884 0.412992954 0.513283610 31.213287354 -0.003084937 0.018912902 -0.004752232 0.999805093
1780046248.499207 0.413025886 0.514920175 31.230895996 -0.003124258 0.018722512 -0.004797342 0.999808311
1780046248.532532 0.414296865 0.515176594 31.247743607 -0.002930819 0.018873399 -0.004313417 0.999808311
1780046248.565857 0.414859116 0.515249133 31.263490677 -0.002824705 0.019150745 -0.003881332 0.999805093
1780046248.599183 0.416735500 0.515445173 31.279727936 -0.002896745 0.018864173 -0.003251229 0.999812603
1780046248.632509 0.415776610 0.515386105 31.295654297 -0.002430771 0.018950965 -0.003569968 0.999811113
1780046248.665834 0.418205231 0.515966296 31.313102722 -0.002518192 0.018958200 -0.003043271 0.999812484
1780046248.699159 0.417855650 0.515380621 31.328563690 -0.002349691 0.018862972 -0.002979808 0.999814868
1780046248.732485 0.419956416 0.516699851 31.345447540 -0.002212598 0.018762965 -0.002468179 0.999818504
1780046248.765810 0.418703079 0.516598284 31.361551285 -0.002074156 0.018764148 -0.002680618 0.999818206
1780046248.799135 0.419899642 0.516138017 31.377443314 -0.002098875 0.018909870 -0.002502203 0.999815941
1780046248.832460 0.420933992 0.517169893 31.392385483 -0.001674336 0.018915145 -0.002526052 0.999816537
1780046248.865785 0.420934498 0.517486989 31.409439087 -0.001926723 0.019004634 -0.002372861 0.999814749
1780046248.899110 0.421750158 0.517368376 31.425621033 -0.001908204 0.018858517 -0.002140529 0.999818027
1780046248.932434 0.421512008 0.517869711 31.441112518 -0.001538099 0.019368507 -0.002133036 0.999808967
1780046248.965758 0.422004312 0.517880857 31.458078384 -0.001431388 0.019665936 -0.001950123 0.999803662
1780046248.999082 0.422516286 0.518009067 31.473842621 -0.001562207 0.019699255 -0.002311502 0.999802053
1780046249.032406 0.422516435 0.517320812 31.491191864 -0.001555400 0.019930091 -0.002529394 0.999796987
1780046249.065729 0.422632217 0.517391860 31.507392883 -0.001234314 0.020015584 -0.002538471 0.999795735
1780046249.099053 0.423160464 0.518265009 31.523920059 -0.001095334 0.019866837 -0.002572871 0.999798715
1780046249.132377 0.422889650 0.517607212 31.539346695 -0.000959552 0.019964894 -0.002643428 0.999796748
1780046249.165700 0.422647238 0.518140852 31.554714203 -0.000685380 0.020253859 -0.002781217 0.999790788
1780046249.199024 0.422427237 0.518488526 31.570343018 -0.000312510 0.020362880 -0.002999030 0.999788105
1780046249.232347 0.422401518 0.518320918 31.586822510 -0.000725377 0.020067157 -0.002971833 0.999793947
1780046249.265670 0.422324538 0.518900514 31.603603363 -0.000900970 0.019920196 -0.003132289 0.999796331
1780046249.298993 0.422620714 0.518676937 31.620000839 -0.000886000 0.019868955 -0.003164870 0.999797225
1780046249.332316 0.423532218 0.519136369 31.638036728 -0.000913579 0.019579766 -0.002932977 0.999803603
1780046249.365639 0.423240006 0.519030452 31.655239105 -0.000931581 0.019496979 -0.002813867 0.999805510
1780046249.398961 0.423823804 0.520639181 31.671901703 -0.000749525 0.019564347 -0.002746044 0.999804556
1780046249.432284 0.423951805 0.520242274 31.687730789 -0.000913402 0.019328985 -0.002760316 0.999808967
1780046249.465605 0.424690187 0.520240784 31.703763962 -0.001232751 0.018917222 -0.002612101 0.999816895
1780046249.498927 0.425457925 0.520942152 31.722587585 -0.001565801 0.018541081 -0.002401786 0.999824047
1780046249.532253 0.426279604 0.521226585 31.737743378 -0.001798866 0.018605234 -0.002507553 0.999822140
1780046249.565578 0.426603615 0.522355437 31.756017685 -0.001765837 0.018699331 -0.002666581 0.999820054
1780046249.598904 0.426585138 0.522627354 31.772802353 -0.001427463 0.018512757 -0.002767658 0.999823749
1780046249.632230 0.426895410 0.522796333 31.788284302 -0.001883106 0.018755961 -0.002585657 0.999819040
1780046249.665555 0.426001698 0.523986220 31.804944992 -0.001958684 0.018740667 -0.003001243 0.999818027
1780046249.698881 0.425476193 0.524471104 31.823902130 -0.002556712 0.018448258 -0.003399553 0.999820769
1780046249.732206 0.424943179 0.525591671 31.840845108 -0.003242522 0.017955460 -0.003614597 0.999827027
1780046249.765532 0.424797744 0.526584446 31.858074188 -0.003080569 0.017932486 -0.003556611 0.999828219
1780046249.798856 0.425633252 0.526932776 31.875370026 -0.003341843 0.018328866 -0.003198006 0.999821305
1780046249.832182 0.427768797 0.525783241 31.890405655 -0.003513634 0.018240111 -0.002682535 0.999823868
1780046249.865506 0.425607622 0.527397156 31.908525467 -0.003645496 0.018289885 -0.003149366 0.999821126
1780046249.898830 0.426279694 0.526734591 31.924121857 -0.003452653 0.018016480 -0.003205763 0.999826610
1780046249.932154 0.426464468 0.528024852 31.941946030 -0.003665884 0.018325467 -0.002747036 0.999821603
1780046249.965479 0.428618073 0.527332485 31.956552505 -0.003590515 0.018355068 -0.002116038 0.999822855
1780046249.998803 0.428348094 0.527690113 31.973442078 -0.003435889 0.018246155 -0.002413221 0.999824762
1780046250.032127 0.428177178 0.529159427 31.992774963 -0.004030074 0.018071737 -0.002700438 0.999824941
1780046250.065451 0.428822339 0.529321074 32.008354187 -0.003909903 0.017938087 -0.002406804 0.999828637
1780046250.098775 0.429324090 0.530204713 32.023120880 -0.003461090 0.018094912 -0.002368333 0.999827504
1780046250.132099 0.429952234 0.530322790 32.040424347 -0.003582054 0.017888563 -0.002387955 0.999830782
1780046250.165422 0.430187017 0.531376719 32.056331635 -0.003339441 0.017707912 -0.002161347 0.999835312
1780046250.198746 0.430017799 0.530596495 32.072120667 -0.003596866 0.017683178 -0.002300132 0.999834538
1780046250.232069 0.430757135 0.530239463 32.087417603 -0.003628014 0.017898202 -0.002244391 0.999830723
1780046250.265392 0.430894583 0.529977381 32.104305267 -0.003873012 0.017774509 -0.002046687 0.999832451
1780046250.298715 0.432214230 0.530724704 32.121425629 -0.004133149 0.017371867 -0.002225342 0.999838173
1780046250.332037 0.431319177 0.530158818 32.136791229 -0.004268753 0.017381974 -0.002407192 0.999836981
1780046250.365360 0.432461590 0.530917168 32.153945923 -0.003753495 0.017575858 -0.002051181 0.999836385
1780046250.398682 0.431900114 0.530588150 32.170776367 -0.004109816 0.017905328 -0.001943369 0.999829352
1780046250.432005 0.432399660 0.531427979 32.187213898 -0.003538890 0.017816067 -0.002215269 0.999832630
1780046250.465327 0.432279050 0.532019734 32.202857971 -0.003730305 0.017949475 -0.002275252 0.999829412
1780046250.498649 0.431592673 0.532234848 32.220191956 -0.002878474 0.018272979 -0.002793491 0.999825060
1780046250.532005 0.430300355 0.532469153 32.235794067 -0.002659852 0.018794836 -0.003337836 0.999814272
1780046250.565374 0.431265622 0.532835543 32.253067017 -0.002959575 0.018933261 -0.003385137 0.999810636
1780046250.598744 0.430735707 0.532992601 32.267749786 -0.002277644 0.019007929 -0.003596880 0.999810278
1780046250.632113 0.430656642 0.533306956 32.283630371 -0.001843022 0.019139428 -0.003958507 0.999807358
1780046250.665484 0.431270093 0.533842742 32.299343109 -0.001579498 0.019142332 -0.003731791 0.999808609
1780046250.698855 0.431895643 0.533013403 32.316017151 -0.001975905 0.019295759 -0.003627009 0.999805331
1780046250.732226 0.431035548 0.534255266 32.332015991 -0.001918732 0.019373750 -0.004093751 0.999802113
1780046250.765598 0.430840403 0.534668148 32.349853516 -0.001521029 0.019180255 -0.004386317 0.999805272
1780046250.798970 0.431101650 0.533889174 32.364334106 -0.001823939 0.019015590 -0.004422753 0.999807715
1780046250.832342 0.430252194 0.533986688 32.381530762 -0.002054602 0.019287461 -0.004466966 0.999801934
1780046250.865715 0.431400955 0.534592092 32.398273468 -0.002169956 0.019199505 -0.004276626 0.999804199
1780046250.899088 0.431832075 0.534636199 32.414012909 -0.001380324 0.019230686 -0.004347479 0.999804676
1780046250.932462 0.432458162 0.535129070 32.431114197 -0.001399575 0.018987713 -0.004384526 0.999809146
1780046250.965837 0.433254063 0.534108520 32.445667267 -0.001254631 0.018962841 -0.004554266 0.999809027
1780046250.999211 0.433107466 0.534581184 32.462947845 -0.001432360 0.019011486 -0.004704786 0.999807239
1780046251.032587 0.432185322 0.535107434 32.479076385 -0.001755745 0.018759158 -0.004967520 0.999810219
1780046251.065962 0.431945831 0.535978258 32.495147705 -0.001371347 0.018901993 -0.005167397 0.999807119
1780046251.099338 0.432543248 0.535179377 32.512096405 -0.001891201 0.018935243 -0.005032224 0.999806345
1780046251.132715 0.433418691 0.535568535 32.528839111 -0.001496692 0.018986776 -0.004944689 0.999806404
1780046251.166092 0.433601558 0.535277724 32.544712067 -0.001237307 0.019081475 -0.004951485 0.999804914
1780046251.199469 0.434252173 0.535082281 32.560886383 -0.001301482 0.018954985 -0.005070273 0.999806702
1780046251.232846 0.434777588 0.536156535 32.578243256 -0.001066129 0.018767372 -0.005174061 0.999809921
1780046251.266224 0.434740573 0.535694659 32.593223572 -0.000576679 0.018826345 -0.005392150 0.999808073
1780046251.299603 0.435219973 0.536091566 32.610813141 -0.000917254 0.018998785 -0.005462920 0.999804139
1780046251.332982 0.436488986 0.535843372 32.625965118 -0.000658096 0.018667160 -0.005181464 0.999812126
1780046251.366361 0.436366856 0.536396682 32.641811371 -0.000408842 0.018833211 -0.005421362 0.999807835
1780046251.399741 0.434713900 0.536802232 32.659194946 0.000030213 0.018911693 -0.005975435 0.999803305
1780046251.433122 0.435087174 0.534553945 32.673469543 0.000585295 0.018702943 -0.005948592 0.999807239
1780046251.466502 0.435724288 0.534778953 32.688674927 0.000876408 0.018494077 -0.005929935 0.999811053
1780046251.499884 0.436102778 0.534949958 32.705615997 0.000931376 0.018512961 -0.005734369 0.999811769
1780046251.533232 0.436688781 0.533810496 32.721824646 0.001008187 0.018499637 -0.005929845 0.999810755
1780046251.566566 0.435971618 0.534885049 32.739845276 0.001047885 0.018432338 -0.006206256 0.999810278
1780046251.599899 0.434429526 0.535254300 32.754756927 0.001150139 0.018355040 -0.006396027 0.999810457
1780046251.633232 0.435609549 0.535254896 32.772579193 0.001179042 0.018258275 -0.006294004 0.999812841
1780046251.666565 0.435860366 0.534946680 32.787246704 0.001348627 0.018133827 -0.006268531 0.999814987
1780046251.699898 0.436232448 0.535931468 32.804378510 0.001344254 0.018168325 -0.006154479 0.999815166
1780046251.733232 0.436309159 0.536115646 32.821720123 0.001160459 0.018134387 -0.006196104 0.999815702
1780046251.766564 0.435434043 0.537059009 32.837749481 0.001101626 0.018179782 -0.006364818 0.999813855
1780046251.799898 0.434765279 0.536950231 32.854141235 0.000955119 0.018050114 -0.006402653 0.999816120
1780046251.833231 0.435498029 0.536805153 32.871112823 0.000716913 0.018038474 -0.006215652 0.999817789
1780046251.866564 0.436606199 0.537801504 32.888378143 0.000639914 0.017870305 -0.006198378 0.999820888
1780046251.899897 0.437412858 0.538645566 32.904548645 0.000534615 0.017840354 -0.006233147 0.999821246
1780046251.933230 0.436607867 0.538379192 32.919998169 0.000500876 0.017968131 -0.006227495 0.999819040
1780046251.966563 0.436187178 0.538979471 32.938159943 0.000041175 0.017992176 -0.006216305 0.999818802
1780046251.999895 0.438473701 0.539291084 32.953857422 0.000138691 0.017853934 -0.005799371 0.999823749
1780046252.033228 0.438694537 0.538882792 32.970020294 0.000386886 0.018074475 -0.005864366 0.999819398
1780046252.066561 0.437713087 0.540013850 32.988269806 0.000232830 0.018528061 -0.006040637 0.999810100
1780046252.099892 0.437470645 0.539709806 33.003665924 0.000901640 0.018567042 -0.006242984 0.999807775
1780046252.133224 0.437717348 0.539826453 33.019371033 0.000877207 0.018824892 -0.006542578 0.999801040
1780046252.166557 0.437685519 0.539919734 33.035766602 0.001370419 0.018911166 -0.006720145 0.999797702
1780046252.199889 0.437920660 0.539221704 33.051040649 0.001260440 0.019082000 -0.006611639 0.999795318
1780046252.233222 0.438559800 0.540141463 33.067459106 0.001005044 0.019339466 -0.006731200 0.999789834
1780046252.266554 0.437551320 0.540550590 33.084987640 0.000723165 0.019536775 -0.007407974 0.999781430
1780046252.299886 0.436975986 0.539916039 33.099403381 0.001035980 0.019550243 -0.007747357 0.999778330
1780046252.333218 0.437033683 0.540571690 33.116100311 0.000707506 0.019554937 -0.007796164 0.999778152
1780046252.366550 0.438266993 0.541018784 33.133003235 0.000559766 0.019414080 -0.007790071 0.999781072
1780046252.399882 0.438088894 0.540868938 33.149208069 0.000823183 0.019366505 -0.007949731 0.999780536
1780046252.433213 0.439194530 0.541677594 33.166988373 0.000988493 0.019346727 -0.007708909 0.999782622
1780046252.466545 0.439125627 0.542033851 33.183116913 0.000557016 0.019440040 -0.007651174 0.999781668
1780046252.499877 0.439880550 0.541674972 33.199035645 0.000972094 0.019386591 -0.007451492 0.999783814
1780046252.533241 0.439956546 0.543026745 33.215190887 0.000995144 0.019704549 -0.007612243 0.999776423
1780046252.566651 0.440392107 0.543478727 33.232383728 0.000875947 0.019755162 -0.007691614 0.999774873
1780046252.600063 0.440594554 0.543266535 33.247947693 0.001016380 0.019803289 -0.007775548 0.999773145
1780046252.633475 0.440347880 0.543506920 33.265010834 0.001097080 0.019736024 -0.008046129 0.999772251
1780046252.666888 0.442520618 0.542634487 33.279869080 0.001242028 0.019518327 -0.007571141 0.999780059
1780046252.700301 0.442439109 0.543846428 33.297668457 0.001410378 0.019862169 -0.007766084 0.999771595
1780046252.733714 0.442518979 0.543407202 33.313194275 0.001283940 0.020010559 -0.007909343 0.999767661
1780046252.767128 0.441422135 0.543551683 33.330677032 0.001076951 0.019805953 -0.008171082 0.999769866
1780046252.800542 0.442670852 0.543518543 33.346801758 0.001421887 0.019698838 -0.008163205 0.999771655
1780046252.833956 0.442646205 0.545078814 33.363319397 0.001280155 0.019767631 -0.008269877 0.999769568
1780046252.867372 0.443747669 0.544896305 33.380393982 0.001412101 0.019701293 -0.007756323 0.999774814
1780046252.900788 0.445424318 0.546387255 33.396926880 0.000977396 0.019383859 -0.007673575 0.999782205
1780046252.934203 0.446393907 0.546333075 33.412662506 0.000145167 0.019352568 -0.007402989 0.999785304
1780046252.967620 0.446943134 0.546652436 33.429565430 0.000358733 0.019438732 -0.007203115 0.999785006
1780046253.001036 0.446799725 0.547402382 33.447219849 0.000230252 0.019525960 -0.007281180 0.999782801
1780046253.034453 0.447117954 0.546998441 33.464054108 -0.000167662 0.019474458 -0.007124263 0.999785006
1780046253.067871 0.446523935 0.547816992 33.480266571 0.000146451 0.019416356 -0.007358779 0.999784410
1780046253.101288 0.446232647 0.548470140 33.497512817 -0.000503156 0.019292679 -0.007345371 0.999786794
1780046253.134707 0.448128283 0.548136950 33.514606476 -0.001033893 0.019025991 -0.007056039 0.999793589
1780046253.168126 0.448989898 0.549253106 33.531139374 -0.000553336 0.019051213 -0.007020988 0.999793708
1780046253.201545 0.448119551 0.550286770 33.548015594 -0.001115311 0.019084580 -0.006963850 0.999792993
1780046253.234965 0.448218107 0.550826371 33.564907074 -0.001094867 0.018771134 -0.007105553 0.999798000
1780046253.268385 0.450138897 0.550755799 33.582008362 -0.001016737 0.018589715 -0.006595816 0.999804914
1780046253.301806 0.450162143 0.552607596 33.598575592 -0.001148376 0.019027190 -0.006243102 0.999798834
1780046253.335227 0.451710850 0.552153826 33.615139008 -0.001886194 0.018548094 -0.005949716 0.999808490
1780046253.368649 0.452619046 0.553096473 33.630840302 -0.001257508 0.018192369 -0.005568317 0.999818206
1780046253.402071 0.454444647 0.552911699 33.647380829 -0.001520723 0.018062405 -0.005379580 0.999821246
1780046253.435492 0.454395115 0.552763641 33.665206909 -0.002390047 0.018263739 -0.004985909 0.999817967
1780046253.468915 0.453536958 0.553119421 33.680572510 -0.002493217 0.018080506 -0.005451409 0.999818563
1780046253.502338 0.454196930 0.554349899 33.697177887 -0.002495378 0.018294562 -0.005113793 0.999816477
1780046253.535738 0.454329938 0.554586589 33.713176727 -0.002450943 0.018357063 -0.004951760 0.999816239
1780046253.569141 0.456669331 0.555040717 33.729228973 -0.001831950 0.018437235 -0.004833787 0.999816656
1780046253.602545 0.456788331 0.555045724 33.745937347 -0.002301474 0.018815801 -0.004871575 0.999808490
1780046253.635950 0.455360442 0.555767715 33.763790131 -0.002507810 0.018807957 -0.005354340 0.999805629
1780046253.669355 0.457181871 0.555075824 33.778270721 -0.002194524 0.018801443 -0.005011473 0.999808252
1780046253.702760 0.457769811 0.555755675 33.794380188 -0.001960593 0.018828386 -0.005076031 0.999807894
1780046253.736166 0.458450258 0.555776894 33.810340881 -0.001585257 0.018749617 -0.005042431 0.999810219
1780046253.769572 0.458233774 0.556726933 33.826492310 -0.001576474 0.018876882 -0.005089717 0.999807656
1780046253.802979 0.459048241 0.555832028 33.842510223 -0.001863252 0.018964827 -0.005300878 0.999804378
1780046253.836386 0.457390040 0.555277169 33.858650208 -0.001274809 0.018961659 -0.005741382 0.999802947
1780046253.869793 0.458683759 0.555984795 33.873565674 -0.001012961 0.018816272 -0.005381695 0.999807954
1780046253.903199 0.459132105 0.556605875 33.888954163 -0.000754949 0.018891077 -0.005403872 0.999806702
1780046253.936607 0.458432287 0.555485964 33.906169891 -0.000601015 0.019069497 -0.005667644 0.999801934
1780046253.970015 0.459293425 0.555758834 33.922409058 -0.000401418 0.018850498 -0.005697429 0.999805987
1780046254.003424 0.460491806 0.555487990 33.937328339 -0.000420093 0.018841805 -0.005224265 0.999808788
1780046254.036833 0.459449857 0.555863857 33.954025269 -0.000085938 0.018931199 -0.005681590 0.999804616
1780046254.070242 0.460594863 0.556096435 33.970962524 -0.000100741 0.018717123 -0.005918527 0.999807298
1780046254.103652 0.459469885 0.556543171 33.988990784 0.000060289 0.018442813 -0.006374741 0.999809563
1780046254.137062 0.460544527 0.556286812 34.002964020 0.000596416 0.018250652 -0.005743237 0.999816775
1780046254.170473 0.460753173 0.556118011 34.018753052 0.000400169 0.018601444 -0.005899282 0.999809504
1780046254.203884 0.461609960 0.556253552 34.034885406 0.000831019 0.018527785 -0.005813912 0.999811113
1780046254.237294 0.461274654 0.555471182 34.052139282 0.000707523 0.018809816 -0.005741936 0.999806345
1780046254.270706 0.460685194 0.555724680 34.068153381 0.000857283 0.018876232 -0.006160833 0.999802530
1780046254.304118 0.459292352 0.555854440 34.084217072 0.001547951 0.019018285 -0.006303508 0.999798119
1780046254.337529 0.464403331 0.555202603 34.097812653 0.001613669 0.018082531 -0.005620960 0.999819398
1780046254.370942 0.464002252 0.555102348 34.114978790 0.001754774 0.018038463 -0.005983581 0.999817848
1780046254.404355 0.462616801 0.555664837 34.130912781 0.002170287 0.018325165 -0.005948870 0.999812007
1780046254.437768 0.464020550 0.555810750 34.146625519 0.002184342 0.018226570 -0.005872450 0.999814272
1780046254.471182 0.464279056 0.555841684 34.161243439 0.002462638 0.018140858 -0.005817181 0.999815524
1780046254.504596 0.464186758 0.556403220 34.178901672 0.002368725 0.017870672 -0.005715960 0.999821186
1780046254.537995 0.465080172 0.555966377 34.194419861 0.002897545 0.018183317 -0.005416271 0.999815822
1780046254.571314 0.466034293 0.555349529 34.211387634 0.002356812 0.018256513 -0.005604437 0.999814868
1780046254.604632 0.463584483 0.555324793 34.227653503 0.002491544 0.017993405 -0.006258443 0.999815404
1780046254.637950 0.465594351 0.556850255 34.243427277 0.002601336 0.017560437 -0.005710798 0.999826074
1780046254.671268 0.465569586 0.555914879 34.259880066 0.002449744 0.017970078 -0.005617729 0.999819756
1780046254.704586 0.467167497 0.557066023 34.278369904 0.002310559 0.017978074 -0.005227135 0.999822080
1780046254.737903 0.467990041 0.556283534 34.292800903 0.001533650 0.017676089 -0.004755152 0.999831378
1780046254.771220 0.467682660 0.556553841 34.309593201 0.001603504 0.017535690 -0.005106480 0.999831975
1780046254.804537 0.467813551 0.555407763 34.324981689 0.001997661 0.017630214 -0.005241905 0.999828875
1780046254.837854 0.470257908 0.556204736 34.341861725 0.001969692 0.017625086 -0.004422020 0.999832988
1780046254.871171 0.469481230 0.557053804 34.357646942 0.002407440 0.017756769 -0.004559628 0.999829113
1780046254.904488 0.470410317 0.557192087 34.373783112 0.002423465 0.017767770 -0.004477648 0.999829292
1780046254.937804 0.467533410 0.558633864 34.391967773 0.002556625 0.018102577 -0.005008484 0.999820352
1780046254.971120 0.469088674 0.557681203 34.406608582 0.002775451 0.017768003 -0.004824915 0.999826670
1780046255.004436 0.471490890 0.557445288 34.421688080 0.002535171 0.017663583 -0.004405190 0.999831140
1780046255.037752 0.470429808 0.558619797 34.438922882 0.002691963 0.017942006 -0.004264296 0.999826312
1780046255.071067 0.471543700 0.557818294 34.455387115 0.002349826 0.017902751 -0.004199332 0.999828219
1780046255.104382 0.470541000 0.558517814 34.470718384 0.002363236 0.018409399 -0.004231157 0.999818802
1780046255.137698 0.470816314 0.558081985 34.488117218 0.002272598 0.018598180 -0.004649918 0.999813676
1780046255.171012 0.471803963 0.558008969 34.502689362 0.002343606 0.018851837 -0.004630939 0.999808908
1780046255.204327 0.472171158 0.557937443 34.520114899 0.002257366 0.018659303 -0.004715724 0.999812245
1780046255.237641 0.473155707 0.557586908 34.536666870 0.002515508 0.018714305 -0.004634225 0.999810994
1780046255.270955 0.472869962 0.557475150 34.552196503 0.002835245 0.019233264 -0.004716458 0.999799907
1780046255.304269 0.473133653 0.557451308 34.568363190 0.003011034 0.019032702 -0.004917142 0.999802232
1780046255.337583 0.472517669 0.558187187 34.586452484 0.002624351 0.019136731 -0.004994736 0.999800980
1780046255.370897 0.473077774 0.557615936 34.600635529 0.002625928 0.019284474 -0.005156141 0.999797285
1780046255.404210 0.471807003 0.558058083 34.616218567 0.003145981 0.019566076 -0.005344023 0.999789357
1780046255.437524 0.472101629 0.559299171 34.635211945 0.003044790 0.019354524 -0.005638250 0.999792159
1780046255.470837 0.474971741 0.558107257 34.650634766 0.003473511 0.018710619 -0.005340713 0.999804735
1780046255.504150 0.475520462 0.558157384 34.665870667 0.003358111 0.018699095 -0.005352789 0.999805212
1780046255.537467 0.475630283 0.558947682 34.683765411 0.003400995 0.018939359 -0.005402646 0.999800324
1780046255.570786 0.475322843 0.559580684 34.700656891 0.003350004 0.018872008 -0.005474062 0.999801338
1780046255.604104 0.476018339 0.558159471 34.715950012 0.003528517 0.018831579 -0.005465982 0.999801517
1780046255.637423 0.475721598 0.558575869 34.733650208 0.003296931 0.018585069 -0.005413302 0.999807239
1780046255.670740 0.475879669 0.559120238 34.749683380 0.003580877 0.018323323 -0.005507312 0.999810517
1780046255.704057 0.477835774 0.558562100 34.765415192 0.003498507 0.018605053 -0.004993459 0.999808371
1780046255.737375 0.478383452 0.559429765 34.781993866 0.003231782 0.018812509 -0.004856824 0.999806046
1780046255.770693 0.478212416 0.558847904 34.797195435 0.003414918 0.018753301 -0.005146952 0.999805093
1780046255.804010 0.477708727 0.559867978 34.815036774 0.002946811 0.018911872 -0.005435235 0.999802053
1780046255.837327 0.478534728 0.560552180 34.832492828 0.002829880 0.018777840 -0.005391314 0.999805152
1780046255.870644 0.477832735 0.560649216 34.848854065 0.002876120 0.018723749 -0.005621740 0.999804795
1780046255.903961 0.480176508 0.560648084 34.866558075 0.002113944 0.018609881 -0.004836783 0.999812901
1780046255.937277 0.479848564 0.560869813 34.881702423 0.003214615 0.019204430 -0.005117000 0.999797344
1780046255.970594 0.479938626 0.562528074 34.897666931 0.002750913 0.019048655 -0.005330842 0.999800622
1780046256.003910 0.478709191 0.561962485 34.914237976 0.002211263 0.018665731 -0.005525151 0.999808133
1780046256.037225 0.478718162 0.562392235 34.931594849 0.002346749 0.018503774 -0.005087694 0.999813080
1780046256.070541 0.481051952 0.562176049 34.946983337 0.001692776 0.018671758 -0.004566854 0.999813795
1780046256.103857 0.482459903 0.562518537 34.964218140 0.001472353 0.018741658 -0.004190444 0.999814570
1780046256.137171 0.482073277 0.561753213 34.980461121 0.001526753 0.018646993 -0.004366565 0.999815404
1780046256.170486 0.480907172 0.564874887 34.998878479 0.001583653 0.018110784 -0.004665090 0.999823868
1780046256.203801 0.481447339 0.563714087 35.014514923 0.001205056 0.018221006 -0.004478218 0.999823213
1780046256.237116 0.483408600 0.564337432 35.030864716 0.001107521 0.018627176 -0.003734094 0.999818981
1780046256.270430 0.482788384 0.564336419 35.048233032 0.001142326 0.018667029 -0.004049579 0.999816895
1780046256.303744 0.482285768 0.565575719 35.065673828 0.001290237 0.018420421 -0.004213204 0.999820650
1780046256.337059 0.484276831 0.564966381 35.081974030 0.001037325 0.018284319 -0.003938469 0.999824524
1780046256.370373 0.482715130 0.566642702 35.099075317 0.000793505 0.018584499 -0.003909989 0.999819338
1780046256.403686 0.485030472 0.566757977 35.114955902 0.000192065 0.018189039 -0.003316063 0.999829113
1780046256.437000 0.485338092 0.566779912 35.132038116 -0.000166265 0.018067110 -0.003369491 0.999831140
1780046256.470313 0.485204965 0.567873895 35.149787903 -0.000522550 0.018264038 -0.003420157 0.999827266
1780046256.503626 0.486618876 0.567311823 35.166362762 -0.000751633 0.018161954 -0.003247878 0.999829531
1780046256.536939 0.487270117 0.566886961 35.183254242 -0.001301795 0.018160000 -0.002789336 0.999830365
1780046256.570257 0.487685055 0.568275213 35.198535919 -0.001523609 0.018164111 -0.002468161 0.999830842
1780046256.603576 0.488126636 0.567999601 35.216426849 -0.001619236 0.018423297 -0.002452612 0.999825954
1780046256.636894 0.488004833 0.568579733 35.232673645 -0.001303309 0.018724207 -0.002364441 0.999821067
1780046256.670212 0.489898711 0.569457352 35.248973846 -0.001377473 0.018653354 -0.002113701 0.999822855
1780046256.703530 0.489553273 0.570071876 35.265426636 -0.001119127 0.018815020 -0.002193019 0.999819934
1780046256.736847 0.490898818 0.570853353 35.281826019 -0.001284384 0.018758211 -0.002083093 0.999821067
1780046256.770164 0.490625858 0.570425093 35.298267365 -0.002388333 0.019171013 -0.002330711 0.999810696
1780046256.803481 0.488828331 0.569896281 35.313419342 -0.001642087 0.019509578 -0.002794770 0.999804437
1780046256.836798 0.491938114 0.571107209 35.330947876 -0.002357931 0.018788567 -0.002644025 0.999817193
1780046256.870115 0.491335958 0.570533037 35.345916748 -0.002394987 0.019168722 -0.002661796 0.999809861
1780046256.903432 0.491269082 0.571067154 35.363956451 -0.001848899 0.019409111 -0.002592266 0.999806583
1780046256.936748 0.492218733 0.569749236 35.378932953 -0.002312060 0.018850271 -0.003037718 0.999815106
1780046256.970064 0.492800444 0.571441472 35.397338867 -0.002493217 0.018476367 -0.002949663 0.999821842
1780046257.003379 0.492675632 0.571478248 35.413574219 -0.002281976 0.018499294 -0.002845366 0.999822199
1780046257.036695 0.494116783 0.570998669 35.430309296 -0.002273202 0.018841201 -0.002282373 0.999817312
1780046257.070010 0.493588954 0.572026968 35.445663452 -0.001932245 0.018979073 -0.002388954 0.999815166
1780046257.103326 0.495368302 0.572676361 35.463890076 -0.002135088 0.018265704 -0.002427791 0.999828041
1780046257.136641 0.494160593 0.572987199 35.480186462 -0.001996259 0.018375184 -0.002726213 0.999825478
1780046257.169956 0.492660493 0.572288871 35.495765686 -0.002412522 0.018485593 -0.002944207 0.999821901
1780046257.203270 0.493618101 0.573277950 35.513217926 -0.002160586 0.018300682 -0.002960161 0.999825835
1780046257.236585 0.494102389 0.573026538 35.529212952 -0.001522067 0.018373411 -0.002765065 0.999826193
1780046257.269899 0.494188786 0.573988199 35.544052124 -0.001300224 0.018580653 -0.002645303 0.999823034
1780046257.303213 0.494268388 0.573655486 35.559684753 -0.001755067 0.018550046 -0.002670683 0.999822855
1780046257.336527 0.495398521 0.573528111 35.575893402 -0.002001360 0.018654009 -0.002527517 0.999820828
1780046257.369841 0.495626360 0.574316204 35.594402313 -0.001774827 0.018445810 -0.002484435 0.999825239
1780046257.403154 0.495173484 0.574598670 35.610153198 -0.001852060 0.018281005 -0.002456980 0.999828160
1780046257.436466 0.496929288 0.574060738 35.626579285 -0.001875366 0.018400792 -0.002153475 0.999826610
1780046257.469779 0.497430623 0.573062003 35.642238617 -0.001641138 0.018497085 -0.002047991 0.999825478
1780046257.503093 0.496787459 0.574175417 35.657764435 -0.000655199 0.018473895 -0.002100511 0.999826908
1780046257.536407 0.498705089 0.574575841 35.673530579 -0.001087829 0.018236516 -0.002079695 0.999830961
1780046257.569726 0.498387307 0.575528145 35.689598083 -0.000684971 0.018133894 -0.001940800 0.999833465
1780046257.603044 0.500299275 0.575912297 35.705322266 -0.000962760 0.017878920 -0.001322773 0.999838829
1780046257.636362 0.501089871 0.575316072 35.722370148 -0.001008322 0.017948311 -0.001027576 0.999837875
1780046257.669680 0.500006557 0.574288726 35.738311768 -0.000992440 0.018360216 -0.000984161 0.999830544
1780046257.702998 0.501155734 0.575565815 35.755195618 -0.000903057 0.018111611 -0.000768446 0.999835312
1780046257.736316 0.500040114 0.576223493 35.772983551 -0.000780782 0.018343570 -0.000748832 0.999831200
1780046257.769633 0.502303123 0.576087415 35.787780762 -0.000229441 0.018131444 -0.000470818 0.999835551
1780046257.802950 0.501276970 0.577063322 35.804321289 -0.000273250 0.018312467 -0.000800398 0.999832034
1780046257.836267 0.501732707 0.577830732 35.820758820 -0.000357987 0.017875865 -0.000762306 0.999839902
1780046257.869584 0.503135324 0.577958286 35.836799622 -0.000734910 0.018005980 -0.000453025 0.999837577
1780046257.902900 0.503654897 0.577409565 35.853130341 -0.000442023 0.017891146 -0.000317796 0.999839902
1780046257.936216 0.501946211 0.577992320 35.869903564 -0.000532413 0.018282747 -0.000451540 0.999832690
1780046257.969532 0.502644897 0.577393770 35.884777069 -0.000588398 0.018306104 -0.000250465 0.999832273
1780046258.002848 0.504458189 0.577523887 35.901672363 -0.000433672 0.017919950 0.000147098 0.999839365
1780046258.036164 0.506101370 0.577227056 35.918071747 -0.001013997 0.018176198 0.000506267 0.999834180
1780046258.069480 0.505006969 0.578019142 35.933731079 -0.000460888 0.018360205 0.000337056 0.999831319
1780046258.102795 0.503953218 0.579097688 35.950771332 -0.000348860 0.018144589 0.000216389 0.999835312
1780046258.136110 0.505099952 0.579580486 35.966983795 -0.000684589 0.018252298 0.000666587 0.999832988
1780046258.169425 0.508147478 0.579803407 35.982234955 -0.000565543 0.018297916 0.001149823 0.999831855
1780046258.202740 0.509859085 0.580028892 36.000911713 -0.000891064 0.018287169 0.001211410 0.999831676
1780046258.236055 0.509268105 0.579509914 36.015022278 -0.000869730 0.018491551 0.001169653 0.999827981
1780046258.269369 0.510737360 0.580904186 36.033454895 -0.000233291 0.018290937 0.001114337 0.999832094
1780046258.302683 0.510839999 0.581970334 36.049163818 -0.000254869 0.018717205 0.001344315 0.999823928
1780046258.335996 0.513000011 0.582464695 36.066303253 -0.001154282 0.018469650 0.001525807 0.999827623
1780046258.369310 0.515468180 0.583829105 36.083969116 -0.001624492 0.018382847 0.001846700 0.999828041
1780046258.402623 0.514908612 0.583753347 36.100280762 -0.001637265 0.018504111 0.001373953 0.999826491
1780046258.435937 0.514669240 0.584735632 36.116573334 -0.001749540 0.018698927 0.001335823 0.999822736
1780046258.469250 0.514899552 0.584722757 36.132297516 -0.001810913 0.018280299 0.001151506 0.999830663
1780046258.502563 0.515120745 0.585245132 36.150619507 -0.002435529 0.018137136 0.001088974 0.999832034
1780046258.535877 0.516556203 0.586762667 36.165836334 -0.002351264 0.018137870 0.001631735 0.999831438
1780046258.569196 0.516253710 0.586825371 36.183586121 -0.002894633 0.018432561 0.001900809 0.999824166
1780046258.602515 0.516858041 0.587476552 36.199928284 -0.003497141 0.018522579 0.002168074 0.999819994
1780046258.635834 0.519166946 0.589398921 36.218395233 -0.004047039 0.018029558 0.002386889 0.999826431
1780046258.669152 0.517729640 0.590519011 36.235256195 -0.004580901 0.018388487 0.002482736 0.999817371
1780046258.702471 0.520505309 0.589818060 36.252769470 -0.005917112 0.018318923 0.002685725 0.999811113
1780046258.735789 0.520979702 0.590751290 36.271255493 -0.006026699 0.018125823 0.002604930 0.999814153
1780046258.769105 0.520484865 0.590819478 36.287075043 -0.005964171 0.018188724 0.002822743 0.999812841
1780046258.802423 0.520367205 0.592247009 36.304244995 -0.006286738 0.018442295 0.002991120 0.999805748
1780046258.835741 0.520159543 0.593552589 36.320579529 -0.006145248 0.018758733 0.003016606 0.999800622
1780046258.869058 0.518692553 0.593895435 36.338676453 -0.007685162 0.019354053 0.002578540 0.999779880
1780046258.902375 0.519175053 0.594163775 36.355003357 -0.007629586 0.019088415 0.002585445 0.999785364
1780046258.935692 0.519941568 0.595401049 36.372287750 -0.007927177 0.018907823 0.003005154 0.999785304
1780046258.969009 0.522725344 0.596149445 36.389556885 -0.008438418 0.018739279 0.003693871 0.999782026
1780046259.002326 0.523196876 0.597244382 36.406028748 -0.008625131 0.019186936 0.004193126 0.999769986
1780046259.035642 0.523065686 0.597617745 36.423240662 -0.009181049 0.019674998 0.004125874 0.999755800
1780046259.068958 0.525396585 0.597155929 36.439060211 -0.010156997 0.019197427 0.004720259 0.999752998
1780046259.102274 0.523478627 0.598482728 36.457458496 -0.009955980 0.019153209 0.004738924 0.999755800
1780046259.135590 0.528025687 0.599308670 36.472286224 -0.010112515 0.018657397 0.005937431 0.999757230
1780046259.168905 0.529098809 0.599367023 36.490242004 -0.009986987 0.019143514 0.006395388 0.999746442
1780046259.202220 0.527768016 0.598554850 36.504280090 -0.008848312 0.019478483 0.006123444 0.999752402
1780046259.235534 0.527485073 0.598470807 36.520595551 -0.008672278 0.019040644 0.005836167 0.999764085
1780046259.268850 0.529767454 0.598514795 36.537544250 -0.008357804 0.018312944 0.005872458 0.999780118
1780046259.302164 0.525924861 0.598754883 36.550418854 -0.007449403 0.018766250 0.005087178 0.999783218
1780046259.335479 0.526909351 0.599535823 36.568443298 -0.007422416 0.018923040 0.005422265 0.999778688
1780046259.368793 0.529726088 0.597353518 36.582496643 -0.007426179 0.018269261 0.006258618 0.999785960
1780046259.402107 0.529498816 0.598353803 36.599632263 -0.006352099 0.018043028 0.006174988 0.999797940
1780046259.435421 0.530183077 0.599344432 36.614913940 -0.005841976 0.017854868 0.006451739 0.999802709
1780046259.468735 0.530613601 0.599283636 36.631450653 -0.005107047 0.017849419 0.006692086 0.999805331
1780046259.502049 0.532713532 0.599210978 36.646938324 -0.004546020 0.017367674 0.007259876 0.999812484
1780046259.535363 0.535536349 0.598665595 36.661964417 -0.004464496 0.016909521 0.007795136 0.999816716
1780046259.568683 0.536430001 0.597736418 36.678081512 -0.004112914 0.017116463 0.008073069 0.999812484
1780046259.602002 0.534335077 0.597738683 36.692565918 -0.003129318 0.017376911 0.007447581 0.999816358
1780046259.635322 0.536092281 0.598361313 36.708786011 -0.002658373 0.017042395 0.007822625 0.999820650
1780046259.668640 0.534905374 0.597061634 36.724739075 -0.002338264 0.017216014 0.008042013 0.999816716
1780046259.701958 0.536650777 0.596894145 36.739822388 -0.001120516 0.017311117 0.008054459 0.999817073
1780046259.735277 0.536188006 0.597494960 36.753414154 -0.000775503 0.017604636 0.008094501 0.999811947
1780046259.768596 0.537123859 0.597171724 36.771118164 -0.000358544 0.017562620 0.008043581 0.999813378
1780046259.801914 0.536964655 0.596339464 36.785446167 0.000348050 0.017664820 0.008345928 0.999809086
1780046259.835232 0.537805021 0.596206307 36.800327301 0.000847079 0.017558059 0.008358810 0.999810576
1780046259.868550 0.538577318 0.595301986 36.816673279 0.001613996 0.017323542 0.008597401 0.999811709
1780046259.901868 0.536397278 0.595681489 36.830806732 0.002594190 0.017622955 0.008170970 0.999808013
1780046259.935185 0.536372781 0.595745564 36.845005035 0.003200540 0.017639892 0.007835293 0.999808609
1780046259.968503 0.536001921 0.595463514 36.861846924 0.004282986 0.017519807 0.007690581 0.999807775
1780046260.001820 0.538707554 0.593937039 36.877105713 0.004159410 0.016862538 0.008024885 0.999816954
1780046260.035137 0.539191723 0.594725966 36.892890930 0.004319996 0.016884241 0.007892416 0.999816954
1780046260.068454 0.539031923 0.595349550 36.909679413 0.004468596 0.016971039 0.007742721 0.999816060
1780046260.101771 0.538529694 0.594557405 36.925231934 0.004192379 0.017159315 0.007259339 0.999817610
1780046260.135086 0.538598180 0.594445348 36.943004608 0.003552574 0.017009651 0.007412481 0.999821544
1780046260.168402 0.539581418 0.594852507 36.959850311 0.003945108 0.017012307 0.007465057 0.999819636
1780046260.201718 0.538371682 0.594550550 36.975849152 0.005110532 0.017518288 0.007089513 0.999808371
1780046260.235034 0.538173378 0.594367981 36.989990234 0.004523286 0.017073326 0.006988724 0.999819577
1780046260.268350 0.536465585 0.594154418 37.005779266 0.005107525 0.016935721 0.006525529 0.999822259
1780046260.301665 0.536543906 0.594532013 37.022994995 0.005342018 0.017234575 0.006543563 0.999815822
1780046260.334981 0.537317812 0.594932020 37.037227631 0.005208851 0.017689642 0.007131500 0.999804556
1780046260.368295 0.538282931 0.595069945 37.055053711 0.005301590 0.017686253 0.007211260 0.999803543
1780046260.401611 0.539532900 0.594727814 37.071430206 0.005297097 0.017629003 0.006777966 0.999807656
1780046260.434925 0.536984622 0.592865527 37.085891724 0.005831873 0.017559586 0.005851495 0.999811709
1780046260.468240 0.535175264 0.592837393 37.101985931 0.006636573 0.017481852 0.005359416 0.999810815
1780046260.501554 0.535960615 0.592259824 37.117420197 0.006421293 0.017475212 0.005635533 0.999810815
1780046260.534869 0.537519872 0.591326356 37.133312225 0.007196851 0.017494747 0.005690398 0.999804854
1780046260.568189 0.537191749 0.590437591 37.147872925 0.007939614 0.017944651 0.005480947 0.999792457
1780046260.601510 0.537979066 0.591486931 37.163722992 0.008081141 0.017609151 0.005053559 0.999799550
1780046260.634831 0.537924528 0.589624882 37.180461884 0.007938785 0.017173776 0.005262255 0.999807179
1780046260.668151 0.539451182 0.590361595 37.196418762 0.008636306 0.016994007 0.005415078 0.999803662
1780046260.701472 0.539730608 0.589999974 37.212574005 0.008455211 0.017034061 0.005335724 0.999804914
1780046260.734792 0.538457572 0.589144647 37.228488922 0.009101286 0.017611120 0.004980730 0.999791145
1780046260.768112 0.539579391 0.589386821 37.246135712 0.009044368 0.017783044 0.004989923 0.999788523
1780046260.801432 0.540370166 0.589821696 37.262222290 0.009095389 0.017060097 0.005343264 0.999798834
1780046260.834752 0.538480401 0.590230227 37.279769897 0.008542418 0.017051624 0.004891107 0.999806166
1780046260.868072 0.539676249 0.590773165 37.295776367 0.008823873 0.017164176 0.005089758 0.999800801
1780046260.901391 0.538469195 0.590420425 37.313236237 0.008902866 0.017223522 0.005129179 0.999798894
1780046260.934710 0.539258301 0.589065850 37.328495026 0.009321032 0.017098825 0.005251474 0.999796569
1780046260.968029 0.538964748 0.588895679 37.342987061 0.009376475 0.017283142 0.004802371 0.999795198
1780046261.001347 0.537789524 0.589399457 37.358066559 0.010198884 0.017066397 0.004247383 0.999793291
1780046261.034666 0.537939847 0.588632822 37.375053406 0.008975398 0.016636096 0.004266561 0.999812245
1780046261.067985 0.537074506 0.589186490 37.392539978 0.009022875 0.016570829 0.003697003 0.999815166
1780046261.101303 0.536840618 0.589634180 37.407730103 0.009182020 0.016956186 0.003695998 0.999807239
1780046261.134621 0.537215114 0.588915288 37.422760010 0.009077706 0.016888052 0.003959334 0.999808371
1780046261.167939 0.536156893 0.587074578 37.438579559 0.009442139 0.016890137 0.003851610 0.999805331
1780046261.201257 0.536892712 0.586259067 37.454200745 0.010070635 0.016693916 0.004222529 0.999801040
1780046261.234575 0.538580239 0.586341321 37.469959259 0.010108379 0.016759189 0.004434201 0.999798656
1780046261.267892 0.536918283 0.588146985 37.487125397 0.009832472 0.017580966 0.003824321 0.999789834
1780046261.301209 0.536497712 0.587789834 37.502376556 0.008908345 0.017731542 0.003111231 0.999798298
1780046261.334526 0.536920309 0.587690890 37.521289825 0.007439965 0.016861381 0.002310736 0.999827564
1780046261.367843 0.533053517 0.589493692 37.540348053 0.006489445 0.016633721 0.001374141 0.999839723
1780046261.401160 0.533727884 0.588993430 37.558849335 0.006253566 0.016466688 0.001254939 0.999844074
1780046261.434477 0.534123302 0.589936554 37.575317383 0.006243277 0.016806187 0.001163842 0.999838591
1780046261.467792 0.533743739 0.589987993 37.591812134 0.006577039 0.017078403 0.000697949 0.999832332
1780046261.501108 0.532542765 0.591152728 37.608711243 0.005856415 0.017320890 0.000237554 0.999832869
1780046261.534425 0.531904519 0.590289116 37.625114441 0.005764650 0.017001780 -0.000261278 0.999838829
1780046261.567743 0.531864703 0.590181530 37.641803741 0.005418010 0.016933322 -0.000297845 0.999841928
1780046261.601062 0.531424761 0.590607405 37.658123016 0.005441822 0.016873356 -0.000376534 0.999842763
1780046261.634381 0.532128990 0.590553641 37.673389435 0.004968970 0.016639000 -0.000290812 0.999849260
1780046261.667699 0.532547653 0.589980960 37.691268921 0.004955580 0.016979408 -0.000295784 0.999843538
1780046261.701017 0.531902909 0.589698434 37.708045959 0.005218346 0.017120564 -0.000884296 0.999839425
1780046261.734335 0.531355441 0.590703309 37.725379944 0.005267204 0.016613699 -0.001281350 0.999847293
1780046261.767653 0.531006098 0.590425313 37.740669250 0.004903171 0.016315185 -0.001612788 0.999853611
1780046261.800970 0.531061769 0.590429902 37.757770538 0.004716695 0.016081871 -0.001871351 0.999857843
1780046261.834287 0.531676710 0.591542125 37.775886536 0.004735534 0.016024442 -0.001962465 0.999858499
1780046261.867604 0.532731116 0.592003942 37.791904449 0.004744580 0.015932620 -0.002306601 0.999859154
1780046261.900920 0.531044245 0.591060996 37.807514191 0.004428384 0.016408635 -0.002569044 0.999852300
1780046261.934237 0.531196713 0.591392636 37.825599670 0.003301076 0.016135762 -0.002867470 0.999860287
1780046261.967553 0.531243384 0.592544377 37.842365265 0.004030665 0.016201226 -0.003071658 0.999855936
1780046262.000870 0.530168176 0.592765808 37.858505249 0.003243803 0.016176071 -0.003775908 0.999856770
1780046262.034186 0.530884087 0.591409743 37.876686096 0.002837260 0.015928134 -0.003733481 0.999862254
1780046262.067502 0.531624019 0.591573298 37.891971588 0.002878263 0.015818611 -0.003645808 0.999864161
1780046262.100818 0.530365109 0.591892779 37.909397125 0.003042547 0.016261952 -0.003810751 0.999855876
1780046262.134133 0.531206429 0.592150867 37.925666809 0.002914221 0.016267493 -0.003754179 0.999856472
1780046262.167449 0.530584991 0.593311131 37.941940308 0.003466069 0.016024318 -0.003952862 0.999857843
1780046262.200763 0.529684663 0.594392121 37.960437775 0.002411958 0.015972603 -0.004057569 0.999861360
1780046262.234079 0.530446231 0.594183326 37.976295471 0.002372896 0.015979867 -0.003964963 0.999861717
1780046262.267393 0.531048477 0.594204903 37.993045807 0.002544480 0.016165309 -0.003893419 0.999858558
1780046262.300708 0.532201767 0.594812334 38.010280609 0.002318110 0.016234158 -0.003866829 0.999858081
1780046262.334021 0.531854630 0.594876289 38.024997711 0.001846868 0.015733819 -0.003861152 0.999867141
1780046262.367335 0.531140268 0.596098781 38.041522980 0.001942550 0.015800569 -0.003966778 0.999865472
1780046262.400649 0.532671988 0.594631970 38.057765961 0.001589047 0.016023027 -0.004123182 0.999861956
1780046262.433962 0.531027377 0.596147239 38.076183319 0.001025669 0.015925035 -0.004051661 0.999864459
1780046262.467276 0.532008588 0.597104847 38.092247009 0.000966872 0.015641766 -0.004156549 0.999868631
1780046262.500589 0.531834900 0.599042535 38.110668182 0.000082164 0.015964769 -0.004477369 0.999862611
1780046262.533908 0.531252384 0.598357856 38.128231049 -0.000323781 0.016049037 -0.004666178 0.999860287
1780046262.567269 0.531369567 0.599194109 38.144626617 -0.000292314 0.015850227 -0.005090065 0.999861419
1780046262.600631 0.531188905 0.598806024 38.160751343 -0.000572671 0.015689151 -0.005142150 0.999863565
1780046262.633994 0.533665240 0.599525809 38.177055359 -0.000373793 0.015467745 -0.004621566 0.999869704
1780046262.667356 0.532452404 0.599697173 38.194091797 -0.000823011 0.016051749 -0.004751538 0.999859571
1780046262.700719 0.533242404 0.599309027 38.210697174 -0.001668300 0.015950449 -0.004681074 0.999860466
1780046262.734083 0.532723129 0.600457489 38.226558685 -0.001355093 0.015835967 -0.004922830 0.999861658
1780046262.767446 0.534173012 0.600752652 38.243808746 -0.001589307 0.015632268 -0.004698627 0.999865532
1780046262.800810 0.533087790 0.601693988 38.261104584 -0.001255768 0.016281402 -0.005103569 0.999853671
1780046262.834174 0.533481598 0.600403309 38.275691986 -0.001288218 0.016532743 -0.005183257 0.999849081
1780046262.867539 0.533442914 0.601037502 38.292205811 -0.001071814 0.016707137 -0.005628617 0.999844015
1780046262.900904 0.533399343 0.600383520 38.307399750 -0.001111114 0.016525520 -0.005697516 0.999846637
1780046262.934270 0.533459425 0.601273656 38.323059082 -0.000976536 0.016796930 -0.005754929 0.999841928
1780046262.967636 0.534714937 0.601257145 38.339904785 -0.000951286 0.016831813 -0.005385345 0.999843478
1780046263.001002 0.534636974 0.601134241 38.354732513 -0.000417461 0.016907375 -0.006028832 0.999838829
1780046263.034369 0.532699943 0.600940943 38.369800568 -0.000409672 0.016921163 -0.006446461 0.999836028
1780046263.067736 0.533198476 0.601228595 38.387737274 -0.000186498 0.016676039 -0.006340728 0.999840856
1780046263.101104 0.533805132 0.601544261 38.402099609 0.000078662 0.016748186 -0.006299937 0.999839962
1780046263.134471 0.534080148 0.601429701 38.419509888 -0.000131881 0.016856410 -0.006255057 0.999838412
1780046263.167840 0.534512520 0.601069927 38.435150146 0.000376204 0.016418891 -0.006302975 0.999845326
1780046263.201208 0.534775257 0.600924373 38.452766418 0.000695458 0.016411074 -0.006094181 0.999846578
1780046263.234576 0.533663332 0.601835907 38.468521118 0.000572466 0.016974738 -0.006420791 0.999835193
1780046263.267945 0.532909274 0.602327287 38.484378815 0.001638444 0.016914651 -0.006662850 0.999833465
1780046263.301315 0.532697439 0.603119016 38.501926422 0.001565194 0.016516654 -0.006698729 0.999840021
1780046263.334685 0.532605052 0.602280498 38.517902374 0.001127554 0.016439321 -0.006754074 0.999841452
1780046263.368055 0.532817721 0.602652550 38.532569885 0.001645989 0.016818091 -0.006951739 0.999833107
1780046263.401426 0.533944905 0.601289093 38.549488068 0.001126757 0.016821830 -0.006588172 0.999836206
1780046263.434797 0.534196377 0.601457357 38.564750671 0.000896668 0.016732303 -0.006662301 0.999837458
1780046263.468168 0.533669472 0.603583634 38.582530975 0.001267581 0.016780764 -0.006659033 0.999836326
1780046263.501540 0.536605179 0.603005886 38.597969055 0.001377658 0.016656810 -0.006356935 0.999840200
1780046263.534908 0.535934031 0.603414714 38.614059448 0.001107046 0.016881196 -0.006571173 0.999835312
1780046263.568235 0.534363687 0.603359818 38.631904602 0.000974386 0.016871257 -0.006786340 0.999834239
1780046263.601561 0.536710143 0.604055882 38.649951935 0.000553462 0.016523350 -0.006443781 0.999842584
1780046263.634887 0.536769867 0.604028165 38.664909363 0.000757906 0.016801439 -0.006551451 0.999837160
1780046263.668212 0.536756933 0.605776548 38.681373596 0.000399140 0.017218905 -0.006532486 0.999830365
1780046263.701538 0.536161840 0.604889154 38.698688507 -0.000513126 0.016860403 -0.006628122 0.999835849
1780046263.734864 0.538372636 0.604599714 38.715530396 -0.000571196 0.016230471 -0.005968885 0.999850333
1780046263.768190 0.538916767 0.606677234 38.731338501 -0.000296927 0.016757583 -0.005669455 0.999843478
1780046263.801515 0.538602412 0.607231438 38.748283386 -0.000247932 0.017063130 -0.005763689 0.999837816
1780046263.834841 0.538486183 0.606571019 38.763320923 -0.000533731 0.016827421 -0.005955549 0.999840558
1780046263.868165 0.538670540 0.606947005 38.780750275 -0.000974311 0.016496109 -0.005740371 0.999846995
1780046263.901491 0.539483845 0.608894169 38.798370361 -0.001463188 0.016878299 -0.005498618 0.999841452
1780046263.934816 0.541078031 0.608757973 38.814273834 -0.001941622 0.016766289 -0.005269349 0.999843717
1780046263.968141 0.540652931 0.608923435 38.831783295 -0.002825375 0.016331652 -0.005249393 0.999848902
1780046264.001466 0.541125059 0.609867871 38.847953796 -0.002963029 0.016159793 -0.004911660 0.999853015
1780046264.034790 0.542103350 0.611130118 38.867122650 -0.002778925 0.016623547 -0.004840544 0.999846280
1780046264.068115 0.542467713 0.611797154 38.882492065 -0.002639081 0.016657544 -0.004856991 0.999846041
1780046264.101439 0.541198373 0.611963153 38.899246216 -0.003420481 0.016410714 -0.005268866 0.999845684
1780046264.134762 0.540445924 0.612834930 38.916748047 -0.003587383 0.016500644 -0.005249230 0.999843657
1780046264.168086 0.543268740 0.611505151 38.932449341 -0.004091328 0.016567547 -0.004639665 0.999843717
1780046264.201410 0.542926729 0.612641335 38.949066162 -0.004167743 0.016927566 -0.004497405 0.999837935
1780046264.234734 0.543251038 0.612114727 38.965518951 -0.004032109 0.016746681 -0.004331536 0.999842286
1780046264.268057 0.543730021 0.612749636 38.980457306 -0.003647275 0.016283941 -0.004343270 0.999851406
1780046264.301381 0.544905126 0.613560736 38.998107910 -0.003810755 0.016548071 -0.004256835 0.999846756
1780046264.334704 0.545459390 0.614900172 39.015163422 -0.003989929 0.016786220 -0.004162961 0.999842584
1780046264.368028 0.545859814 0.614718497 39.029842377 -0.003888894 0.016983196 -0.004096291 0.999839842
1780046264.401350 0.546022594 0.614762247 39.046783447 -0.004195067 0.017111810 -0.003915120 0.999837160
1780046264.434674 0.546550453 0.614352524 39.064479828 -0.003882997 0.017133893 -0.004079607 0.999837399
1780046264.467997 0.547620356 0.614011168 39.079372406 -0.003650919 0.017089276 -0.004180443 0.999838650
1780046264.501320 0.545646012 0.614705145 39.093669891 -0.003228183 0.017390918 -0.004647497 0.999832809
1780046264.534642 0.545301139 0.614873409 39.111820221 -0.003088241 0.017486572 -0.004628378 0.999831676
1780046264.567968 0.546246529 0.614343822 39.126842499 -0.002491159 0.017293967 -0.004674109 0.999836504
1780046264.601294 0.548048794 0.614913046 39.143428802 -0.002060574 0.017152341 -0.004518226 0.999840558
1780046264.634620 0.546944022 0.615308523 39.158885956 -0.001962181 0.017259268 -0.004883565 0.999837220
1780046264.667946 0.548246443 0.615424693 39.176883698 -0.002793615 0.016987029 -0.004445685 0.999841928
1780046264.701272 0.548914015 0.614686012 39.192977905 -0.002469947 0.016771296 -0.004216406 0.999847412
1780046264.734598 0.549060762 0.614463985 39.208450317 -0.002463684 0.017028518 -0.004169443 0.999843359
1780046264.767924 0.548805714 0.614715278 39.224548340 -0.002131963 0.017044943 -0.004305859 0.999843240
1780046264.801250 0.547978878 0.615393221 39.240234375 -0.001557905 0.016735200 -0.004654582 0.999847949
1780046264.834575 0.548953474 0.616799474 39.260078430 -0.001855700 0.016339315 -0.004543852 0.999854505
1780046264.867900 0.548748255 0.616157472 39.275314331 -0.001988340 0.016696077 -0.004702113 0.999847591
1780046264.901225 0.548580885 0.616353571 39.291023254 -0.001317689 0.016844269 -0.004953520 0.999845028
1780046264.934550 0.549977958 0.617571056 39.306655884 -0.001118467 0.016413735 -0.004654324 0.999853849
1780046264.967875 0.551288605 0.617824078 39.322929382 -0.001266917 0.016282881 -0.004246322 0.999857664
1780046265.001199 0.550732791 0.618147552 39.338813782 -0.001869600 0.016808089 -0.004426832 0.999847233
1780046265.034523 0.551117301 0.617691398 39.355682373 -0.001637470 0.016695002 -0.004490240 0.999849260
1780046265.067848 0.547774434 0.618848622 39.373035431 -0.001546107 0.016724480 -0.005136007 0.999845743
1780046265.101172 0.551020563 0.618644178 39.387535095 -0.001527424 0.016546546 -0.004649034 0.999851167
1780046265.134497 0.550898671 0.618250668 39.403800964 -0.001085341 0.016814984 -0.004467383 0.999848127
1780046265.167821 0.552089632 0.619001031 39.420162201 -0.000856980 0.016736953 -0.004528648 0.999849319
1780046265.201145 0.552319050 0.619317770 39.436550140 -0.001290324 0.016698526 -0.004530378 0.999849498
1780046265.234468 0.551001072 0.619741023 39.452205658 -0.000791347 0.016686214 -0.004333230 0.999851108
1780046265.267792 0.551472247 0.619965076 39.469585419 -0.001129538 0.016428782 -0.004208567 0.999855578
1780046265.301116 0.552665114 0.619169831 39.484764099 -0.000676904 0.016584156 -0.004049101 0.999854088
1780046265.334439 0.552618861 0.619458914 39.500968933 -0.000356327 0.016961697 -0.003967074 0.999848247
1780046265.367762 0.552090943 0.619221866 39.517139435 -0.000685888 0.016752856 -0.004151997 0.999850869
1780046265.401085 0.552488804 0.619747758 39.533084869 -0.000657629 0.016533688 -0.004098970 0.999854743
1780046265.434408 0.553613007 0.621674001 39.552692413 -0.000744203 0.016245760 -0.003754457 0.999860704
1780046265.467730 0.554544389 0.621570110 39.566955566 -0.001044693 0.016270056 -0.003535720 0.999860883
1780046265.501053 0.554210544 0.620374918 39.583503723 -0.000552990 0.016426845 -0.003470534 0.999858916
1780046265.534376 0.554545820 0.620071173 39.599163055 -0.000413516 0.016206011 -0.003648232 0.999861956
1780046265.567760 0.554459572 0.621066153 39.615318298 -0.000296233 0.016092731 -0.003718554 0.999863565
1780046265.601164 0.555304706 0.621574044 39.632499695 -0.000330323 0.016136844 -0.003374051 0.999864101
1780046265.634569 0.554501951 0.621739447 39.647220612 -0.000351105 0.016618969 -0.003447270 0.999855936
1780046265.667974 0.555433452 0.622149646 39.663814545 -0.000656996 0.016481433 -0.003436693 0.999858141
1780046265.701380 0.555845439 0.622519433 39.680614471 -0.000891628 0.016349934 -0.003241870 0.999860704
1780046265.734785 0.556931376 0.622505605 39.696380615 -0.000229677 0.016049769 -0.003078940 0.999866426
1780046265.768192 0.557163954 0.622645080 39.712814331 -0.000361024 0.016229842 -0.002899479 0.999864042
1780046265.801598 0.558593750 0.622857273 39.729148865 -0.000274568 0.015991302 -0.002650321 0.999868631
1780046265.835005 0.559924424 0.622649372 39.744735718 0.000029777 0.015896481 -0.002367199 0.999870837
1780046265.868412 0.559782982 0.622881413 39.761928558 0.000103226 0.016344987 -0.002623045 0.999862969
1780046265.901819 0.559234202 0.622952402 39.777454376 -0.000251643 0.016701229 -0.002746532 0.999856710
1780046265.935228 0.561545134 0.624307930 39.793933868 0.000029308 0.016584026 -0.002587548 0.999859154
1780046265.968636 0.560358286 0.623938978 39.809703827 -0.000330077 0.016940918 -0.002711290 0.999852836
1780046266.002045 0.560839295 0.623898387 39.827316284 -0.000233205 0.016752247 -0.002726548 0.999855936
1780046266.035454 0.559140742 0.623814940 39.842067719 -0.000495362 0.017072195 -0.002967494 0.999849796
1780046266.068864 0.560570598 0.624343991 39.860698700 -0.000254414 0.016919220 -0.003276625 0.999851465
1780046266.102274 0.562318623 0.623497844 39.874618530 -0.000285874 0.016933616 -0.002967098 0.999852240
1780046266.135684 0.559318602 0.623758674 39.891712189 -0.000417261 0.017328372 -0.003450676 0.999843836
1780046266.169095 0.560895741 0.625991523 39.907444000 0.000531161 0.016985208 -0.003280387 0.999850273
1780046266.202506 0.560689569 0.625774682 39.924072266 -0.000018152 0.017065305 -0.003357277 0.999848783
1780046266.235917 0.562465847 0.626046896 39.941902161 -0.000228985 0.016796855 -0.003306319 0.999853492
1780046266.269329 0.561795354 0.625601888 39.957977295 -0.000245923 0.016991287 -0.003112224 0.999850750
1780046266.302741 0.560139298 0.626877904 39.975364685 -0.000949224 0.017158760 -0.003258945 0.999847054
1780046266.336152 0.560095191 0.626263022 39.991222382 -0.000810928 0.017107004 -0.003322169 0.999847889
1780046266.369565 0.560843289 0.625962019 40.008918762 -0.000845219 0.016996751 -0.003609271 0.999848723
1780046266.402978 0.560479641 0.627123058 40.026905060 -0.001005856 0.017047854 -0.003580475 0.999847829
1780046266.436392 0.560310245 0.626994908 40.041347504 -0.000432125 0.016985504 -0.003622267 0.999849141
1780046266.469806 0.561007977 0.626698434 40.058517456 -0.000790319 0.017045490 -0.003200940 0.999849319
1780046266.503220 0.561763763 0.627703965 40.074283600 -0.000791381 0.017474880 -0.003219532 0.999841869
1780046266.536635 0.563066721 0.627709925 40.091289520 -0.001396762 0.017112352 -0.002855159 0.999848545
1780046266.569982 0.561716080 0.628019214 40.107227325 -0.001482962 0.017120233 -0.003257773 0.999847114
1780046266.603301 0.561947465 0.629829705 40.124107361 -0.001195276 0.017055346 -0.003583087 0.999847472
1780046266.636619 0.562093914 0.629303753 40.140686035 -0.001710081 0.017115135 -0.003364993 0.999846458
1780046266.669937 0.562889397 0.631404519 40.157653809 -0.001724722 0.017085409 -0.003237659 0.999847412
1780046266.703255 0.560425460 0.631423891 40.174350739 -0.002088251 0.017504420 -0.003414007 0.999838769
1780046266.736573 0.562856257 0.630501211 40.191379547 -0.002650144 0.017212948 -0.003053023 0.999843717
1780046266.769890 0.563844085 0.631282032 40.207904816 -0.002691651 0.016891297 -0.003035344 0.999849141
1780046266.803207 0.563818276 0.631406724 40.224098206 -0.002156644 0.016659467 -0.002924070 0.999854684
1780046266.836525 0.563674867 0.631927371 40.241035461 -0.002188064 0.016748834 -0.002984340 0.999852896
1780046266.869842 0.563776731 0.632311225 40.259342194 -0.001817848 0.016889129 -0.002988592 0.999851286
1780046266.903159 0.564551532 0.632546842 40.274280548 -0.002091675 0.016495662 -0.003008205 0.999857247
1780046266.936475 0.564827740 0.633098662 40.288265228 -0.002112705 0.016281880 -0.003207472 0.999860108
1780046266.969792 0.566361606 0.631388664 40.305694580 -0.002745040 0.016341077 -0.002534585 0.999859512
1780046267.003108 0.566310227 0.632335067 40.323268890 -0.002834738 0.016566813 -0.002657128 0.999855220
1780046267.036424 0.565082669 0.632624626 40.340625763 -0.003539886 0.016287168 -0.002667978 0.999857545
1780046267.069740 0.566297531 0.632753432 40.357387543 -0.003715983 0.015735529 -0.002463549 0.999866307
1780046267.103055 0.566490769 0.633029640 40.373657227 -0.003085323 0.016062766 -0.002505600 0.999863148
1780046267.136371 0.564852118 0.634908259 40.390182495 -0.003147201 0.016377565 -0.002674538 0.999857366
1780046267.169686 0.566836119 0.634288371 40.406505585 -0.003586526 0.015721813 -0.002375196 0.999867201
1780046267.203002 0.568613172 0.633840680 40.423595428 -0.004124064 0.015604386 -0.002052806 0.999867678
1780046267.236315 0.568627536 0.634752095 40.439800262 -0.004186270 0.015832055 -0.002082739 0.999863744
1780046267.269630 0.568301976 0.634998918 40.456367493 -0.004657836 0.015765138 -0.002264957 0.999862313
1780046267.302945 0.568219006 0.635290623 40.472316742 -0.004131063 0.015577155 -0.002146566 0.999867857
1780046267.336259 0.570075035 0.634730160 40.488647461 -0.004725518 0.015502425 -0.001803630 0.999867082
1780046267.369573 0.571242869 0.635548830 40.505920410 -0.004312315 0.015462423 -0.001568938 0.999869943
1780046267.402887 0.570143998 0.636060953 40.522396088 -0.003650691 0.015741723 -0.001706022 0.999868035
1780046267.436200 0.570350647 0.637335062 40.538230896 -0.003981026 0.015816851 -0.002004958 0.999864995
1780046267.469514 0.570157290 0.638247252 40.554664612 -0.004002882 0.015931631 -0.001879037 0.999863327
1780046267.502827 0.569640875 0.638368905 40.570739746 -0.003672015 0.016154421 -0.002432973 0.999859810
1780046267.536140 0.569855273 0.638830304 40.588199615 -0.004613061 0.016009917 -0.002467063 0.999858201
1780046267.569459 0.569053471 0.638223350 40.603786469 -0.004192466 0.015987571 -0.002828716 0.999859452
1780046267.602778 0.570550740 0.638609290 40.620845795 -0.004296582 0.016250610 -0.002944071 0.999854386
1780046267.636096 0.570208609 0.637541950 40.636161804 -0.003978647 0.016394394 -0.003106962 0.999852896
1780046267.669413 0.569541812 0.638376832 40.652626038 -0.003457577 0.016355459 -0.003438394 0.999854386
1780046267.702731 0.569431543 0.638771117 40.668834686 -0.003346719 0.016228171 -0.003588901 0.999856293
1780046267.736049 0.569388568 0.638900220 40.684223175 -0.003268746 0.016343124 -0.003704716 0.999854326
1780046267.769367 0.569072306 0.638944685 40.701885223 -0.004014675 0.016433513 -0.003576475 0.999850571
1780046267.802684 0.571492970 0.639976919 40.717845917 -0.003976642 0.016137274 -0.003187857 0.999856830
1780046267.836001 0.571093738 0.639474094 40.732524872 -0.003864721 0.016356749 -0.003141769 0.999853849
1780046267.869318 0.569739282 0.639851272 40.750434875 -0.002765887 0.016894253 -0.003353517 0.999847889
1780046267.902635 0.570695877 0.640009582 40.766483307 -0.002644323 0.016148996 -0.003574821 0.999859750
1780046267.935952 0.570946276 0.640471041 40.783630371 -0.002910984 0.016070552 -0.003618544 0.999860108
1780046267.969268 0.570659280 0.640574813 40.799411774 -0.002826276 0.016381275 -0.003561530 0.999855518
1780046268.002584 0.570688009 0.640293717 40.814052582 -0.002559137 0.016851546 -0.003520462 0.999848604
1780046268.035900 0.569937766 0.641267061 40.831779480 -0.002496611 0.016846109 -0.003726209 0.999848068
1780046268.069216 0.569577694 0.640000880 40.847229004 -0.002839770 0.017156368 -0.004091082 0.999840438
1780046268.102531 0.572592080 0.640233517 40.861946106 -0.002891626 0.016628984 -0.003931427 0.999849916
1780046268.135846 0.572829723 0.642211556 40.880741119 -0.002498772 0.016339032 -0.003984249 0.999855459
1780046268.169161 0.571603179 0.641578853 40.897773743 -0.001978095 0.016711283 -0.004041314 0.999850273
1780046268.202476 0.572013199 0.641817808 40.913543701 -0.002488355 0.016961996 -0.004145562 0.999844491
1780046268.235791 0.573256850 0.641843498 40.930248260 -0.002510190 0.016928038 -0.004186699 0.999844849
1780046268.269105 0.572039962 0.640217066 40.944229126 -0.001968252 0.016718060 -0.004178920 0.999849617
1780046268.302420 0.573225319 0.642516971 40.962291718 -0.002241705 0.016478151 -0.004186011 0.999852955
1780046268.335734 0.572810948 0.641675889 40.978843689 -0.001986743 0.016914545 -0.004130718 0.999846458
1780046268.369048 0.573697865 0.642927110 40.994766235 -0.001566205 0.016691582 -0.004100544 0.999851108
1780046268.402362 0.575208306 0.642262757 41.010593414 -0.001958698 0.016600063 -0.003528143 0.999854088
1780046268.435676 0.575554609 0.643776953 41.027717590 -0.001316831 0.016590131 -0.003775809 0.999854386
1780046268.468988 0.576672137 0.642710030 41.042278290 -0.001858912 0.016563296 -0.003656696 0.999854445
1780046268.502302 0.575557053 0.643447876 41.060279846 -0.001949187 0.016484819 -0.003704719 0.999855399
1780046268.535615 0.576054871 0.642706037 41.074832916 -0.002133828 0.016484369 -0.003280556 0.999856532
1780046268.568968 0.576458097 0.644555092 41.091758728 -0.001391765 0.016507836 -0.003416246 0.999856949
1780046268.602329 0.577995181 0.644536734 41.108261108 -0.001367586 0.016226003 -0.003081681 0.999862671
1780046268.635692 0.579589307 0.645881176 41.126636505 -0.001411421 0.015870983 -0.002527930 0.999869883
1780046268.669054 0.578548849 0.645510018 41.141643524 -0.001198516 0.016159419 -0.002461866 0.999865711
1780046268.702417 0.579645932 0.646653116 41.157817841 -0.001333520 0.016188506 -0.002402057 0.999865174
1780046268.735780 0.580179036 0.645461619 41.174186707 -0.001850566 0.016270189 -0.002374621 0.999863148
1780046268.769144 0.580801785 0.645373940 41.190513611 -0.002082541 0.015993072 -0.001906871 0.999868214
1780046268.802508 0.580125928 0.644628704 41.207225800 -0.002087673 0.015999578 -0.001811830 0.999868214
1780046268.835873 0.580450654 0.646383166 41.223800659 -0.001805084 0.016232397 -0.001961120 0.999864697
1780046268.869237 0.580759346 0.647322237 41.239387512 -0.001625310 0.016326467 -0.001535963 0.999864221
1780046268.902602 0.581377745 0.647830784 41.255584717 -0.001467297 0.016468223 -0.001734147 0.999861896
1780046268.935968 0.582949519 0.647263944 41.271327972 -0.000946499 0.016428974 -0.001630687 0.999863267
1780046268.969334 0.581148982 0.647665262 41.289253235 -0.001561853 0.016729493 -0.002047424 0.999856770
1780046269.002699 0.583082855 0.647962451 41.306320190 -0.001463065 0.016474392 -0.001778581 0.999861658
1780046269.036065 0.582419395 0.648083568 41.321502686 -0.000942973 0.016819488 -0.001924071 0.999856293
1780046269.069432 0.581648648 0.648431063 41.337791443 -0.001046282 0.016993547 -0.002237354 0.999852598
1780046269.102800 0.580912769 0.648464799 41.353481293 -0.000707500 0.016975600 -0.002510149 0.999852538
1780046269.136167 0.582315624 0.648923516 41.369522095 -0.000449435 0.016970912 -0.002406743 0.999853015
1780046269.169535 0.582133830 0.649045289 41.385948181 -0.000705677 0.017171338 -0.002452150 0.999849319
1780046269.202904 0.581607342 0.648875773 41.402744293 -0.000762850 0.017157950 -0.002836050 0.999848545
1780046269.236273 0.582115471 0.648862183 41.419532776 -0.000936167 0.016470475 -0.002986189 0.999859512
1780046269.269642 0.582774162 0.648220360 41.434627533 -0.000871625 0.016507382 -0.003126027 0.999858558
1780046269.303011 0.581567287 0.651155651 41.452884674 -0.000873056 0.017010869 -0.002942802 0.999850631
1780046269.336381 0.582761645 0.650403917 41.471553802 -0.001161903 0.016674310 -0.002667221 0.999856770
1780046269.369751 0.581572533 0.651564479 41.486728668 -0.000897395 0.016764443 -0.002759986 0.999855340
1780046269.403121 0.582071424 0.650761902 41.501342773 -0.000821577 0.016503153 -0.003286032 0.999858141
1780046269.436492 0.583658993 0.649771392 41.519302368 -0.000835503 0.016132979 -0.003103805 0.999864697
1780046269.469863 0.582867622 0.651962876 41.535881042 -0.000807621 0.016202917 -0.002974203 0.999863982
1780046269.503235 0.582908273 0.652107239 41.552028656 -0.001109822 0.016535072 -0.002905726 0.999858499
1780046269.536607 0.585002303 0.651535869 41.569126129 -0.001237747 0.016106527 -0.002659186 0.999866009
1780046269.569976 0.584667087 0.650642931 41.585048676 -0.001494110 0.016303679 -0.002648729 0.999862492
1780046269.603346 0.584398150 0.651953518 41.604007721 -0.001229366 0.016217118 -0.002913619 0.999863565
1780046269.636716 0.584300220 0.652861714 41.618461609 -0.000837458 0.016278403 -0.003289570 0.999861777
1780046269.670087 0.584021509 0.652989626 41.634704590 -0.000944795 0.016193504 -0.003329383 0.999862909
1780046269.703458 0.583868325 0.652840316 41.651924133 -0.000985110 0.016397182 -0.003119197 0.999860227
1780046269.736829 0.584866047 0.653872013 41.666831970 -0.001050450 0.016323971 -0.003068624 0.999861538
1780046269.770201 0.585497975 0.653613091 41.684745789 -0.000789188 0.016236749 -0.002903892 0.999863684
1780046269.803573 0.587437928 0.653515875 41.701080322 -0.000578552 0.015915934 -0.002699636 0.999869585
1780046269.836946 0.586950481 0.653782547 41.717262268 -0.000675496 0.016081026 -0.002625440 0.999867082
1780046269.870319 0.586523592 0.653634727 41.733524323 -0.000527474 0.016183548 -0.002614333 0.999865532
1780046269.903692 0.586785078 0.653823733 41.749382019 -0.000709959 0.016109928 -0.002392266 0.999867201
1780046269.937066 0.585554302 0.654440641 41.767051697 -0.000353964 0.016358152 -0.002426214 0.999863207
1780046269.970441 0.586901009 0.655414999 41.783699036 -0.000136229 0.016067198 -0.002462444 0.999867916
1780046270.003816 0.587229133 0.654890656 41.798774719 -0.000470343 0.016064748 -0.002196504 0.999868453
1780046270.037191 0.588739753 0.655310392 41.815715790 -0.000682633 0.015895752 -0.002099509 0.999871254
1780046270.070567 0.587935150 0.656078637 41.831481934 -0.000636455 0.016211785 -0.002087484 0.999866247
1780046270.103943 0.588434517 0.657278776 41.849430084 -0.000987409 0.016026540 -0.002121464 0.999868929
1780046270.137320 0.587498367 0.656895936 41.864917755 -0.000882359 0.016118711 -0.002265016 0.999867141
1780046270.170697 0.589070022 0.657458365 41.880302429 -0.000719812 0.015909374 -0.002077836 0.999871075
1780046270.204075 0.589525342 0.656883776 41.895721436 -0.000885212 0.016130613 -0.002059162 0.999867439
1780046270.237453 0.588222444 0.656518400 41.913272858 -0.000969212 0.016134735 -0.002316791 0.999866664
1780046270.270831 0.588965952 0.657932639 41.928741455 -0.000773037 0.015922219 -0.002131197 0.999870718
1780046270.304210 0.587446988 0.657439113 41.944972992 -0.001132141 0.016138772 -0.002391197 0.999866307
1780046270.337588 0.589177966 0.658225536 41.962829590 -0.001706233 0.016026536 -0.002264349 0.999867618
1780046270.370968 0.590629578 0.658230484 41.978515625 -0.001513537 0.015805317 -0.002256225 0.999871433
1780046270.404348 0.589706540 0.658423901 41.996059418 -0.001777591 0.015862679 -0.002334240 0.999869943
1780046270.437729 0.589156747 0.658269882 42.011432648 -0.001916933 0.015955251 -0.002501543 0.999867737
1780046270.471110 0.588856220 0.658994257 42.029350281 -0.001469785 0.016180763 -0.002554260 0.999864757
1780046270.504491 0.589649498 0.661796868 42.045936584 -0.000996782 0.016352495 -0.002871623 0.999861717
1780046270.537873 0.590377748 0.660669863 42.062099457 -0.001921535 0.016251665 -0.002998643 0.999861598
1780046270.571210 0.590073109 0.659888804 42.076610565 -0.001596502 0.016253827 -0.003061776 0.999862015
1780046270.604543 0.591295958 0.659231305 42.093421936 -0.002275991 0.016250357 -0.003095713 0.999860585
1780046270.637877 0.590933800 0.659796178 42.110713959 -0.002116254 0.016027661 -0.003336804 0.999863803
1780046270.671211 0.591175377 0.660509884 42.126548767 -0.001712500 0.016357325 -0.003127926 0.999859869
1780046270.704545 0.591821909 0.660886824 42.142150879 -0.001862608 0.016428910 -0.002980770 0.999858916
1780046270.737878 0.590853930 0.660992265 42.159317017 -0.001672403 0.016455740 -0.003368845 0.999857545
1780046270.771211 0.591425896 0.660425007 42.176330566 -0.001720304 0.016150320 -0.003253052 0.999862850
1780046270.804544 0.590783954 0.661226869 42.192073822 -0.001016406 0.016194437 -0.003452994 0.999862432
1780046270.837878 0.593434334 0.662400246 42.209342957 -0.001284793 0.016049931 -0.003165622 0.999865353
1780046270.871211 0.592016101 0.662541747 42.225193024 -0.001128221 0.016016571 -0.003539243 0.999864876
1780046270.904544 0.592987776 0.662001550 42.242034912 -0.001918019 0.015547340 -0.003429976 0.999871492
1780046270.937877 0.592015386 0.662875891 42.259353638 -0.001478810 0.015751131 -0.003612200 0.999868393
1780046270.971210 0.591981590 0.662285447 42.274589539 -0.001553800 0.015977133 -0.003871592 0.999863684
1780046271.004543 0.592727721 0.663113356 42.290897369 -0.000716937 0.015575416 -0.003730036 0.999871492
1780046271.037876 0.592178822 0.662730575 42.307556152 -0.001212775 0.015599864 -0.003841226 0.999870241
1780046271.071209 0.592207253 0.664326131 42.324653625 -0.001090144 0.015820842 -0.004074527 0.999866009
1780046271.104542 0.592161715 0.664700925 42.340946198 -0.000880307 0.016057789 -0.004093844 0.999862313
1780046271.137875 0.592959821 0.664019108 42.355297089 -0.000421426 0.015813930 -0.004145375 0.999866307
1780046271.171207 0.593163908 0.664528191 42.372554779 -0.001407549 0.015966635 -0.004213540 0.999862671
1780046271.204540 0.592148662 0.664913774 42.391120911 -0.001104518 0.015932398 -0.004722371 0.999861300
1780046271.237872 0.593283296 0.664947391 42.406185150 -0.001014966 0.015912693 -0.004757548 0.999861598
1780046271.271204 0.593365133 0.665159225 42.422485352 -0.000430812 0.015846975 -0.004677218 0.999863446
1780046271.304536 0.592887044 0.665040612 42.438232422 -0.000482547 0.016199106 -0.004788293 0.999857187
1780046271.337869 0.593004227 0.665125787 42.455131531 -0.000613830 0.016234590 -0.004816824 0.999856472
1780046271.371201 0.591742456 0.664355040 42.469470978 -0.000730336 0.016222857 -0.005171607 0.999854803
1780046271.404533 0.592861176 0.665465474 42.488521576 -0.000810887 0.015971016 -0.004875675 0.999860287
1780046271.437865 0.594016075 0.665704608 42.503791809 -0.000865530 0.016122265 -0.004924142 0.999857545
1780046271.471198 0.593914032 0.665907264 42.520359039 -0.000712295 0.016195295 -0.005058027 0.999855816
1780046271.504529 0.594025016 0.665384412 42.536071777 -0.000800635 0.015677700 -0.004850466 0.999865055
1780046271.537862 0.594340384 0.666265845 42.553104401 -0.000307834 0.015508382 -0.004907113 0.999867678
1780046271.571196 0.596727133 0.667286038 42.569931030 -0.000860834 0.015466262 -0.004202555 0.999871194
1780046271.604530 0.596795738 0.666860104 42.586585999 -0.001084082 0.015695322 -0.004237495 0.999867260
1780046271.637864 0.594999850 0.666744053 42.602275848 -0.001172245 0.015744936 -0.004539667 0.999865055
1780046271.671196 0.593576670 0.668222189 42.619022369 -0.000807371 0.015775783 -0.004942272 0.999863029
1780046271.704530 0.595263422 0.667902827 42.636779785 -0.000737090 0.015670544 -0.004631076 0.999866247
1780046271.737864 0.596800089 0.667888522 42.653396606 -0.000917619 0.015603580 -0.004410282 0.999868155
1780046271.771197 0.596340299 0.669264615 42.669219971 -0.000209934 0.015408459 -0.004191501 0.999872506
1780046271.804531 0.594914794 0.669307232 42.686203003 -0.000838802 0.014783304 -0.004385634 0.999880791
1780046271.837864 0.595450878 0.669139981 42.703102112 -0.000895768 0.013885255 -0.004013858 0.999895155
1780046271.871197 0.597383857 0.669355571 42.719032288 -0.000612532 0.012880563 -0.003493657 0.999910772
1780046271.904531 0.597184300 0.669291556 42.736660004 -0.000689713 0.012664184 -0.003241093 0.999914348
1780046271.937864 0.595100105 0.669913650 42.752307892 -0.000920968 0.012869714 -0.003518734 0.999910593
1780046271.971198 0.594357967 0.670078576 42.771354675 0.000134958 0.012510673 -0.003832290 0.999914408
1780046272.004530 0.594913840 0.669928312 42.786178589 0.000634027 0.012378813 -0.003503417 0.999917030
1780046272.037863 0.596014559 0.670570016 42.803203583 0.000229272 0.011111349 -0.003336887 0.999932706
1780046272.071197 0.594178081 0.669345319 42.818580627 0.000859206 0.009552721 -0.003994801 0.999946058
1780046272.104528 0.592241883 0.669045210 42.833431244 0.001525859 0.007024257 -0.004267585 0.999965072
1780046272.137861 0.585984170 0.667957067 42.849487305 0.001207962 0.004161219 -0.005017552 0.999978065
1780046272.171194 0.584875941 0.669128358 42.867225647 0.001496899 0.001024391 -0.004254500 0.999989331
1780046272.204527 0.581847548 0.668284118 42.880638123 0.002373667 -0.001543187 -0.004259288 0.999986947
1780046272.237860 0.578451157 0.667849422 42.898445129 0.002578981 -0.004949605 -0.004377300 0.999974906
1780046272.271192 0.572579265 0.668749511 42.916339874 0.003214441 -0.008504528 -0.004779427 0.999947250
1780046272.304525 0.567867219 0.667578936 42.933933258 0.003221799 -0.011636996 -0.004781300 0.999915659
1780046272.337857 0.566681325 0.669135332 42.952087402 0.003811417 -0.015331361 -0.003869554 0.999867737
1780046272.371189 0.565803468 0.669003963 42.967796326 0.004483087 -0.018437637 -0.002900022 0.999815762
1780046272.404522 0.563120365 0.670422494 42.985546112 0.003185217 -0.021542642 -0.002185256 0.999760509
1780046272.437854 0.559800267 0.670288265 43.003463745 0.003535184 -0.025090219 -0.002278051 0.999676406
1780046272.471186 0.553635657 0.670306742 43.019817352 0.003488106 -0.028947702 -0.002837317 0.999570847
1780046272.504518 0.547017694 0.669334829 43.036945343 0.003072724 -0.032553479 -0.003020118 0.999460757
1780046272.537850 0.545356750 0.671445787 43.054328918 0.003806222 -0.036174018 -0.002456471 0.999335289
1780046272.571183 0.541544735 0.671901762 43.071155548 0.004141803 -0.039699703 -0.002017983 0.999201059
1780046272.604517 0.536762834 0.672782958 43.087554932 0.004127145 -0.043741610 -0.002322069 0.999031723
1780046272.637851 0.531955957 0.672533095 43.104919434 0.004163876 -0.047686603 -0.002670523 0.998850107
1780046272.671185 0.524771094 0.672645330 43.120414734 0.004364057 -0.051149547 -0.003324661 0.998676002
1780046272.704518 0.520806909 0.672863960 43.138355255 0.004184419 -0.054831229 -0.003130399 0.998481989
1780046272.737852 0.516406357 0.672812998 43.155696869 0.003532492 -0.058690418 -0.002861310 0.998265922
1780046272.771185 0.509490609 0.672651827 43.171661377 0.003690346 -0.062341183 -0.003039498 0.998043537
1780046272.804518 0.501642108 0.672956347 43.187866211 0.003742724 -0.065818787 -0.003362954 0.997818887
1780046272.837852 0.497229040 0.673458934 43.206798553 0.003385402 -0.070499405 -0.003430964 0.997500241
1780046272.871185 0.490072638 0.673901081 43.222160339 0.003282145 -0.075552106 -0.003966786 0.997128665
1780046272.904519 0.483292103 0.675037682 43.240123749 0.003452947 -0.080677591 -0.003666187 0.996727586
1780046272.937852 0.475432903 0.673963726 43.257755280 0.003117586 -0.085463360 -0.003630774 0.996329844
1780046272.971184 0.468323827 0.674446344 43.275260925 0.003286959 -0.090134114 -0.003048154 0.995919585
1780046273.004517 0.462582529 0.675363541 43.291027069 0.003433433 -0.095332161 -0.002876229 0.995435476
1780046273.037850 0.454793870 0.675555289 43.307811737 0.003445947 -0.100699216 -0.002770083 0.994907141
1780046273.071183 0.447956920 0.675489843 43.325244904 0.003215463 -0.106141180 -0.002472329 0.994342864
1780046273.104515 0.438902438 0.675297678 43.340759277 0.003678601 -0.110642478 -0.001980767 0.993851483
1780046273.137848 0.432761163 0.676552296 43.358032227 0.004767219 -0.115874827 -0.001048239 0.993251860
1780046273.171181 0.425913960 0.675739586 43.374332428 0.004102677 -0.120875537 -0.000595071 0.992659092
1780046273.204513 0.416869760 0.676382303 43.391227722 0.003233892 -0.126209080 -0.000616289 0.991998196
1780046273.237846 0.408913523 0.678149104 43.406696320 0.003345868 -0.131400481 -0.000385388 0.991323650
1780046273.271178 0.400424212 0.678007245 43.424037933 0.003156543 -0.135869205 0.000257626 0.990721762
1780046273.304511 0.394388586 0.676491737 43.440742493 0.003058118 -0.140828446 0.000891591 0.990028918
1780046273.337843 0.383229852 0.677642763 43.455879211 0.002881416 -0.145271733 0.000495224 0.989387512
1780046273.371175 0.374234378 0.676909149 43.471469879 0.003072354 -0.150549665 0.000009559 0.988597751
1780046273.404507 0.364454746 0.677717626 43.487709045 0.003245047 -0.155385450 0.000156555 0.987848580
1780046273.437839 0.354904711 0.678180754 43.503269196 0.002727413 -0.159835041 0.000237520 0.987140000
1780046273.471171 0.345680177 0.677559018 43.517631531 0.003118370 -0.164407462 0.000183741 0.986387551
1780046273.504503 0.335786521 0.677215815 43.533412933 0.002883395 -0.169515952 0.000133611 0.985523283
1780046273.537835 0.326125205 0.677689135 43.549930573 0.002806012 -0.174491078 0.000104054 0.984654784
1780046273.571204 0.316643476 0.677401960 43.565010071 0.003057531 -0.179060087 0.000305063 0.983833373
1780046273.604615 0.306690335 0.677021146 43.579261780 0.003740304 -0.183688253 0.000242157 0.982977450
1780046273.638028 0.295490742 0.678051770 43.595188141 0.003709130 -0.188654736 0.000283273 0.982036471
1780046273.671441 0.283811808 0.677801609 43.609893799 0.003922445 -0.193458706 -0.000088759 0.981100559
1780046273.704855 0.274778843 0.678269982 43.624534607 0.004224587 -0.198688567 0.000019763 0.980053604
1780046273.738269 0.264194846 0.678390145 43.639663696 0.003723415 -0.203375190 0.000080447 0.979093790
1780046273.771683 0.253181815 0.678144336 43.654193878 0.004179153 -0.207956463 0.000171368 0.978129148
1780046273.805097 0.243293881 0.677813649 43.669174194 0.004982641 -0.212878287 0.000681839 0.977065802
1780046273.838513 0.229432821 0.677753448 43.682651520 0.004472853 -0.217062339 -0.000038789 0.976147532
1780046273.871928 0.218521357 0.678571403 43.698123932 0.004752810 -0.221755981 0.000034118 0.975090623
1780046273.905343 0.210241556 0.678341091 43.710796356 0.005034169 -0.226035669 0.000202642 0.974106073
1780046273.938760 0.198765993 0.680171430 43.726161957 0.005030818 -0.229991958 0.000313029 0.973179460
1780046273.972177 0.188953876 0.679929674 43.739013672 0.005114515 -0.234544531 0.000415327 0.972091854
1780046274.005594 0.176782131 0.680368483 43.752628326 0.004923741 -0.238821253 -0.000085848 0.971051097
1780046274.039012 0.164606571 0.679104865 43.765708923 0.004803026 -0.243047699 -0.000488263 0.970002353
1780046274.072430 0.153934717 0.678764343 43.780231476 0.005055852 -0.246995419 0.000144839 0.969003499
1780046274.105849 0.141750097 0.678613007 43.792675018 0.004723311 -0.250790626 -0.000328622 0.968029797
1780046274.139268 0.129217625 0.679480970 43.806106567 0.004999261 -0.255343884 -0.000469509 0.966837287
1780046274.172688 0.118282557 0.679368854 43.820858002 0.005324970 -0.259449899 0.000036662 0.965741932
1780046274.206108 0.107859373 0.677678168 43.833477020 0.005441328 -0.262640268 0.000466796 0.964878380
1780046274.239528 0.097382069 0.678542376 43.846096039 0.005465954 -0.265581399 0.000318681 0.964072943
1780046274.272949 0.085698605 0.679148853 43.859062195 0.005661338 -0.268387437 0.000450299 0.963294327
1780046274.306370 0.074666500 0.678818583 43.871536255 0.005175048 -0.271457016 0.000255775 0.962436616
1780046274.339791 0.064547300 0.679465175 43.884422302 0.005505754 -0.274753392 0.000290964 0.961499035
1780046274.373213 0.051863432 0.678889811 43.899444580 0.004851595 -0.277485341 0.000522927 0.960717499
1780046274.406635 0.039801359 0.678761482 43.914112091 0.005316653 -0.280332297 0.000378144 0.959888220
1780046274.440058 0.027847528 0.678587377 43.924438477 0.005857381 -0.283046663 0.000360930 0.959088206
1780046274.473482 0.017749548 0.677692175 43.939846039 0.005624154 -0.286759198 0.000858411 0.957985818
1780046274.506906 0.005517483 0.680053890 43.954196930 0.005769222 -0.289796054 0.000890656 0.957070649
1780046274.540330 -0.006614208 0.680258811 43.967014313 0.005143243 -0.292246252 0.000866888 0.956328928
1780046274.573712 -0.016454220 0.679733396 43.980697632 0.004747888 -0.295309871 0.001061047 0.955389142
1780046274.607038 -0.029538155 0.679709315 43.994995117 0.004189494 -0.297802657 0.000954116 0.954617798
1780046274.640364 -0.039664745 0.679512501 44.005962372 0.004325884 -0.299288571 0.001178512 0.954152167
1780046274.673691 -0.049961090 0.678455710 44.020877838 0.003799147 -0.300140440 0.001293531 0.953886569
1780046274.707016 -0.059340477 0.680305660 44.034378052 0.004338800 -0.300534457 0.001066795 0.953760505
1780046274.740342 -0.068600178 0.679832399 44.046955109 0.004952490 -0.300589263 0.001149495 0.953740180
1780046274.773667 -0.079482555 0.681290865 44.058647156 0.004808980 -0.300356567 0.000603745 0.953814745
1780046274.806993 -0.088096142 0.680940986 44.072902679 0.004566810 -0.300258547 0.000788126 0.953846633
1780046274.840318 -0.096881390 0.680549860 44.086021423 0.004068977 -0.300061107 0.000948007 0.953910887
1780046274.873644 -0.106291294 0.681685746 44.098907471 0.004358399 -0.299948007 0.001021697 0.953945100
1780046274.906969 -0.117493153 0.681282878 44.112518311 0.003969804 -0.299692184 0.000261941 0.954027653
1780046274.940294 -0.126201630 0.681457341 44.126899719 0.004128932 -0.299823910 0.000328900 0.953985631
1780046274.973619 -0.137173653 0.681809425 44.139560699 0.004142854 -0.299858153 -0.000014953 0.953974783
1780046275.006943 -0.146955013 0.681583881 44.152671814 0.004182458 -0.299544871 0.000154210 0.954073071
1780046275.040268 -0.155752182 0.681574285 44.166625977 0.003636407 -0.299115866 0.000385103 0.954209805
1780046275.073592 -0.165598392 0.681628644 44.180709839 0.003802740 -0.299259633 0.000330043 0.954164088
1780046275.106917 -0.175663948 0.681244195 44.191951752 0.003592856 -0.299562424 -0.000169340 0.954069912
1780046275.140241 -0.187297344 0.681926250 44.207324982 0.003654516 -0.299203694 -0.000424618 0.954182208
1780046275.173565 -0.196300507 0.681481302 44.219406128 0.003485351 -0.299128741 -0.000438541 0.954206288
1780046275.206889 -0.206113338 0.682303727 44.234058380 0.003382762 -0.299261510 -0.000268304 0.954165161
1780046275.240212 -0.215574265 0.681425810 44.247356415 0.003146588 -0.299270123 -0.000288021 0.954163194
1780046275.273535 -0.226619720 0.681873262 44.258815765 0.003525476 -0.299194902 -0.000652560 0.954185307
1780046275.306859 -0.235350609 0.681821406 44.273422241 0.003114090 -0.299414068 -0.000664017 0.954117954
1780046275.340182 -0.243247509 0.680577397 44.285125732 0.003126313 -0.299259603 -0.000354852 0.954166532
1780046275.373506 -0.252686977 0.680689871 44.298938751 0.003244728 -0.298981577 -0.000262090 0.954253376
1780046275.406829 -0.262920380 0.679874182 44.310386658 0.003625193 -0.299174666 -0.000429413 0.954191387
1780046275.440152 -0.274100780 0.681925952 44.324371338 0.003771273 -0.300093442 -0.000556899 0.953902185
1780046275.473475 -0.284728527 0.682307124 44.339252472 0.003839216 -0.300477207 -0.000233377 0.953781247
1780046275.506798 -0.294009209 0.682035565 44.351852417 0.003342728 -0.300907344 -0.000382537 0.953647435
1780046275.540120 -0.304749489 0.682824314 44.365455627 0.002944794 -0.301307231 -0.000827803 0.953522265
1780046275.573445 -0.316431046 0.683999717 44.381046295 0.003117407 -0.301882744 -0.000978092 0.953339517
1780046275.606771 -0.325003147 0.682241082 44.392356873 0.002490887 -0.302784830 -0.000723418 0.953055382
1780046275.640097 -0.335805416 0.683323026 44.405025482 0.002794187 -0.303684354 -0.000626486 0.952768385
1780046275.673422 -0.347809792 0.683575809 44.417907715 0.002918978 -0.305679142 -0.000189778 0.952130139
1780046275.706748 -0.359644413 0.684162736 44.430721283 0.003042490 -0.307749957 -0.000147986 0.951462448
1780046275.740074 -0.371416092 0.685092211 44.446865082 0.002456935 -0.310077250 0.000137195 0.950708210
1780046275.773400 -0.382740021 0.685339987 44.458362579 0.002551815 -0.312529385 0.000305856 0.949904680
1780046275.806725 -0.395074368 0.684288144 44.470836639 0.002391004 -0.315044522 0.000391202 0.949073851
1780046275.840050 -0.407298088 0.684466362 44.482067108 0.001848117 -0.317477584 0.000424636 0.948263943
1780046275.873376 -0.417496681 0.684006214 44.494243622 0.001956467 -0.320263386 0.000832184 0.947326243
1780046275.906701 -0.430847645 0.685973465 44.508613586 0.002902084 -0.322566062 0.001011294 0.946542025
1780046275.940026 -0.443172932 0.685265064 44.520336151 0.002463351 -0.325121731 0.000957360 0.945668519
1780046275.973351 -0.455685139 0.684850037 44.532394409 0.002223940 -0.327455878 0.001014349 0.944863379
1780046276.006675 -0.469407082 0.686270893 44.543922424 0.002238856 -0.329495013 0.000429966 0.944154620
1780046276.040000 -0.482404232 0.685058296 44.554569244 0.002370638 -0.332301199 0.000236258 0.943170369
1780046276.073325 -0.494208336 0.685030639 44.567817688 0.002744986 -0.335094690 0.000688589 0.942180216
1780046276.106649 -0.507026672 0.686087906 44.580459595 0.002259441 -0.337216258 0.000892996 0.941424131
1780046276.139972 -0.518993855 0.685561538 44.591125488 0.002570717 -0.339230090 0.000895830 0.940699518
1780046276.173296 -0.532381535 0.685823202 44.603244781 0.003074736 -0.341748178 0.001127796 0.939785838
1780046276.206620 -0.545978069 0.685714126 44.615062714 0.003031969 -0.344096005 0.000979498 0.938929081
1780046276.239944 -0.556754112 0.686171114 44.627593994 0.002940273 -0.345948935 0.001145907 0.938248038
1780046276.273268 -0.567570686 0.685146511 44.638565063 0.002237919 -0.346907288 0.001506072 0.937895596
1780046276.306591 -0.581380844 0.686624587 44.653285980 0.002491014 -0.347904950 0.001525397 0.937525272
1780046276.339915 -0.593235493 0.685994267 44.662902832 0.002895276 -0.349456996 0.001658929 0.936946452
1780046276.373238 -0.605530739 0.686112285 44.675167084 0.002901685 -0.351190686 0.001470697 0.936298311
1780046276.406561 -0.616034031 0.685839832 44.685783386 0.002491197 -0.352477461 0.001431440 0.935815930
1780046276.439884 -0.631484509 0.686121821 44.700065613 0.002345831 -0.353746891 0.001618746 0.935336888
1780046276.473207 -0.641433239 0.684179902 44.709335327 0.002550776 -0.355360717 0.002016016 0.934723616
1780046276.506530 -0.655692101 0.686380148 44.721015930 0.002611007 -0.356724143 0.001484589 0.934204996
1780046276.539852 -0.668609619 0.687013209 44.735122681 0.003302821 -0.358293831 0.001515468 0.933601797
1780046276.573177 -0.680326939 0.686621547 44.745563507 0.003535119 -0.359884590 0.001701847 0.932988644
1780046276.606504 -0.693873882 0.687442422 44.757377625 0.003325586 -0.361638784 0.001423203 0.932311296
1780046276.639831 -0.705100060 0.687177181 44.768600464 0.002952970 -0.362930477 0.001416244 0.931810558
1780046276.673158 -0.717819691 0.686493635 44.779632568 0.002981075 -0.364373714 0.001653423 0.931246638
1780046276.706485 -0.730762482 0.685976505 44.789356232 0.003882052 -0.365904629 0.001449874 0.930643141
1780046276.739811 -0.743649483 0.685240924 44.800506592 0.003986678 -0.367450893 0.001781928 0.930032670
1780046276.773138 -0.757487297 0.685537219 44.810405731 0.003814655 -0.368524194 0.001077779 0.929609776
1780046276.806464 -0.770458221 0.686847806 44.823642731 0.004182104 -0.369869232 0.001164833 0.929073751
1780046276.839790 -0.784223557 0.686184883 44.835189819 0.004331992 -0.371509284 0.000800231 0.928418815
1780046276.873116 -0.795740128 0.685745537 44.843555450 0.004285302 -0.373058915 0.000579759 0.927797556
1780046276.906442 -0.810214043 0.685534000 44.854171753 0.004255687 -0.373877972 0.000848273 0.927467763
1780046276.939768 -0.823021889 0.684280097 44.865425110 0.004335697 -0.374836177 0.000619360 0.927080750
1780046276.973094 -0.835914612 0.684218168 44.876422882 0.004628414 -0.376294851 0.000565986 0.926488340
1780046277.006418 -0.847356796 0.683704674 44.886505127 0.005503561 -0.377782404 0.000937801 0.925877631
1780046277.039744 -0.860523224 0.684173048 44.897922516 0.005418714 -0.379205763 0.000946053 0.925296009
1780046277.073069 -0.871891975 0.682564378 44.907978058 0.006103132 -0.380488604 0.001363168 0.924764514
1780046277.106394 -0.885318756 0.683472276 44.919326782 0.005606838 -0.381758362 0.001504317 0.924243987
1780046277.139719 -0.896404266 0.683032930 44.932533264 0.006157080 -0.383558571 0.002071987 0.923493683
1780046277.173044 -0.910332680 0.682530701 44.941352844 0.006536598 -0.384560704 0.001979061 0.923074424
1780046277.206369 -0.921368599 0.681900501 44.950950623 0.006679528 -0.386200994 0.002069528 0.922388196
1780046277.239693 -0.933811188 0.682933390 44.963001251 0.006420210 -0.387715638 0.002130773 0.921754241
1780046277.273018 -0.947854996 0.683665395 44.972076416 0.006233995 -0.389373720 0.001870433 0.921056867
1780046277.306343 -0.962374687 0.682062507 44.982551575 0.005921218 -0.390599102 0.001857232 0.920540035
1780046277.339667 -0.975065231 0.682177067 44.993877411 0.006096707 -0.391871691 0.002049678 0.919997454
1780046277.372991 -0.989411354 0.681253016 45.005264282 0.005622054 -0.392986387 0.002326116 0.919524193
1780046277.406315 -1.003890038 0.681421340 45.011985779 0.007255104 -0.394544154 0.001849457 0.918846488
1780046277.439639 -1.017019272 0.682985663 45.023822784 0.007700255 -0.395759135 0.001969120 0.918319941
1780046277.472962 -1.028089523 0.681879222 45.036846161 0.006955379 -0.397646517 0.002332761 0.917509377
1780046277.506285 -1.042580605 0.682297111 45.045021057 0.007150772 -0.398698688 0.001846480 0.917052269
1780046277.539609 -1.055097580 0.682110131 45.056365967 0.007129498 -0.400239468 0.002322281 0.916379929
1780046277.572934 -1.067372322 0.682294428 45.068943024 0.007325745 -0.401564330 0.002680279 0.915797651
1780046277.606260 -1.080444336 0.683587670 45.078697205 0.007551213 -0.402719885 0.002384651 0.915289044
1780046277.639587 -1.095482826 0.681672454 45.088577271 0.007042767 -0.404086709 0.002283073 0.914690733
1780046277.672913 -1.110319138 0.681547165 45.096347809 0.007718557 -0.405170470 0.001661332 0.914207041
1780046277.706239 -1.123431206 0.681663394 45.107467651 0.007961415 -0.406769097 0.001709865 0.913494706
1780046277.739565 -1.135758400 0.682505071 45.118354797 0.008295424 -0.407813191 0.002380027 0.913024604
1780046277.772891 -1.150884628 0.681917489 45.126548767 0.007260370 -0.408619523 0.001924328 0.912673891
1780046277.806216 -1.163858414 0.682912827 45.136783600 0.006569603 -0.410024166 0.001670605 0.912049472
1780046277.839542 -1.178758621 0.682320535 45.150470734 0.006370478 -0.412003398 0.001811069 0.911158264
1780046277.872867 -1.192212105 0.683201134 45.159011841 0.006371022 -0.413350999 0.001592447 0.910548091
1780046277.906192 -1.206200600 0.683056712 45.170585632 0.006012438 -0.414869040 0.001640498 0.909859836
1780046277.939517 -1.218508720 0.681615114 45.180770874 0.006531748 -0.416264862 0.002097134 0.909217536
1780046277.972842 -1.231790543 0.682148635 45.188751221 0.007092725 -0.417750478 0.001958947 0.908532023
1780046278.006167 -1.246852875 0.681534171 45.199043274 0.006977946 -0.419453055 0.001651482 0.907748759
1780046278.039491 -1.260740280 0.682397783 45.206756592 0.007692829 -0.420673341 0.001552361 0.907178223
1780046278.072816 -1.274621010 0.681559026 45.216224670 0.007849152 -0.422236502 0.001530042 0.906450450
1780046278.106141 -1.288763046 0.681362569 45.227787018 0.007270047 -0.423408419 0.001937118 0.905907691
1780046278.139465 -1.301394463 0.681907117 45.237785339 0.008099769 -0.425211042 0.001785147 0.905056238
1780046278.172789 -1.317187309 0.680573463 45.246372223 0.006994876 -0.426590860 0.000988770 0.904417157
1780046278.206113 -1.333164215 0.680571258 45.254013062 0.007646331 -0.427862465 0.000887010 0.903811097
1780046278.239437 -1.347725868 0.681102157 45.263355255 0.007338807 -0.428636134 0.000817265 0.903447092
1780046278.272761 -1.361467361 0.680633247 45.274906158 0.007154635 -0.430053324 0.000885863 0.902774751
1780046278.306085 -1.373967171 0.680282235 45.284049988 0.007408732 -0.431321502 0.001099200 0.902167201
1780046278.339407 -1.387129784 0.680830300 45.293907166 0.007679565 -0.432297617 0.001029526 0.901697755
1780046278.372731 -1.399918556 0.679530025 45.304500580 0.006932544 -0.433027208 0.001030795 0.901353657
1780046278.406054 -1.413874626 0.679485977 45.312088013 0.006954774 -0.433413953 0.001311400 0.901167214
1780046278.439378 -1.427314758 0.680927932 45.321388245 0.006904668 -0.434340298 0.001185775 0.900721610
1780046278.472701 -1.441676140 0.680000901 45.331127167 0.006767477 -0.434966475 0.000998861 0.900420666
1780046278.506023 -1.454353333 0.680832148 45.343101501 0.007121748 -0.436072618 0.001237338 0.899882436
1780046278.539346 -1.467700958 0.680937111 45.351779938 0.007483429 -0.436412632 0.001274061 0.899714649
1780046278.572680 -1.481125832 0.678998232 45.361736298 0.007799430 -0.437406927 0.001730573 0.899228215
1780046278.606085 -1.495546341 0.680688739 45.366424561 0.008800224 -0.438119590 0.001388430 0.898872554
1780046278.639489 -1.508101463 0.682103276 45.376388550 0.008712355 -0.439408779 0.001704597 0.898243427
1780046278.672894 -1.522034645 0.682167530 45.388935089 0.006691662 -0.439948976 0.002201739 0.897995114
1780046278.706300 -1.534189224 0.681922972 45.401298523 0.006354073 -0.440030605 0.002699455 0.897956312
1780046278.739706 -1.548252106 0.679805160 45.408615112 0.006554572 -0.440528452 0.002108337 0.897712290
1780046278.773111 -1.563625336 0.680359960 45.414295197 0.007696579 -0.441702932 0.001148626 0.897127688
1780046278.806518 -1.578994751 0.683161497 45.422183990 0.009178644 -0.442852110 0.001694819 0.896546066
1780046278.839925 -1.588855743 0.683860302 45.433643341 0.008589594 -0.443747729 0.002330439 0.896107614
1780046278.873332 -1.603839874 0.680618882 45.441482544 0.008824097 -0.443783313 0.002404686 0.896087527
1780046278.906739 -1.617593765 0.682061017 45.450847626 0.008390308 -0.445079416 0.002127700 0.895449340
1780046278.940148 -1.634644508 0.683612227 45.460361481 0.007268909 -0.446172416 0.000905612 0.894917071
1780046278.973556 -1.646555901 0.680917203 45.468814850 0.008031445 -0.447126418 0.000528736 0.894434571
1780046279.006965 -1.661427498 0.680504560 45.477527618 0.008581312 -0.448038399 0.000860636 0.893972754
1780046279.040374 -1.675295830 0.681287885 45.487304688 0.008752626 -0.449285150 0.000659296 0.893345296
1780046279.073784 -1.689301491 0.679884553 45.496818542 0.008487903 -0.449967742 0.000659750 0.893004239
1780046279.107194 -1.703533173 0.679158688 45.503314972 0.009443417 -0.450329989 0.000616902 0.892812014
1780046279.140604 -1.719963074 0.678470016 45.508300781 0.009449199 -0.450321317 0.000026349 0.892816544
1780046279.174014 -1.733101845 0.679273844 45.518531799 0.009370366 -0.451722145 0.000019160 0.892109513
1780046279.207426 -1.746373177 0.680421591 45.526138306 0.009390605 -0.452387333 0.000178720 0.891772151
1780046279.240836 -1.759553909 0.679255366 45.536586761 0.008898277 -0.453186244 -0.000271998 0.891371429
1780046279.274248 -1.773134232 0.678696156 45.545284271 0.009505671 -0.454128236 -0.000000480 0.890885711
1780046279.307660 -1.787762642 0.679252326 45.555686951 0.008497761 -0.455068827 -0.000270128 0.890415728
1780046279.341073 -1.803764343 0.678523421 45.561206818 0.008434410 -0.455412567 -0.000826110 0.890240192
1780046279.374485 -1.816035271 0.678561568 45.573421478 0.008036628 -0.456516892 -0.000915881 0.889678061
1780046279.407898 -1.832164764 0.679657400 45.580734253 0.008020202 -0.456918329 -0.001287573 0.889471591
1780046279.441312 -1.844579697 0.680458367 45.591640472 0.009042341 -0.458492488 -0.000685607 0.888652027
1780046279.474726 -1.857804298 0.680018008 45.599666595 0.009291503 -0.459646702 -0.000240989 0.888053238
1780046279.508140 -1.870057106 0.679558158 45.609794617 0.009376728 -0.460560381 0.000752652 0.887578607
1780046279.541555 -1.884565353 0.679175615 45.619651794 0.008796173 -0.461424470 0.001033695 0.887135267
1780046279.574960 -1.898371696 0.679799557 45.627811432 0.008540338 -0.462118089 0.000561463 0.886777163
1780046279.608279 -1.912813187 0.680150032 45.635204315 0.009358052 -0.463053882 0.000259692 0.886280775
1780046279.641598 -1.927958488 0.680403173 45.642486572 0.009345538 -0.464023411 -0.000241644 0.885773599
1780046279.674917 -1.942320824 0.679578304 45.651966095 0.009055444 -0.464625180 -0.000692733 0.885460854
1780046279.708235 -1.957097054 0.679541230 45.659572601 0.009619297 -0.465379745 -0.000312377 0.885058820
1780046279.741554 -1.971104622 0.679476023 45.667518616 0.009783641 -0.466664582 -0.000407989 0.884380221
1780046279.774872 -1.987380981 0.680867910 45.676635742 0.008364206 -0.468187779 -0.001066894 0.883588791
1780046279.808190 -2.002126694 0.680747569 45.687110901 0.007582469 -0.468586385 -0.001276724 0.883384228
1780046279.841508 -2.017452240 0.680347979 45.696338654 0.007290344 -0.468536824 -0.001532020 0.883412600
1780046279.874826 -2.031988144 0.680719018 45.704402924 0.007906900 -0.469709069 -0.001650125 0.882784307
1780046279.908144 -2.046497345 0.680451512 45.712066650 0.008252847 -0.470722675 -0.001413176 0.882241488
1780046279.941461 -2.062738419 0.681673050 45.720005035 0.007944320 -0.471194059 -0.001963040 0.881991625
1780046279.974778 -2.076667786 0.683111191 45.728164673 0.007981140 -0.471800387 -0.001983574 0.881667078
1780046280.008095 -2.090568542 0.682009518 45.737556458 0.007289555 -0.472549200 -0.002013517 0.881271839
1780046280.041412 -2.105508804 0.681167126 45.744609833 0.007580837 -0.473020494 -0.002452791 0.881015420
1780046280.074728 -2.120840073 0.681778431 45.752651215 0.008007620 -0.473968685 -0.002368502 0.880502164
1780046280.108045 -2.135042191 0.682226598 45.761375427 0.008032067 -0.474724829 -0.002515610 0.880094111
1780046280.141360 -2.148666382 0.681722581 45.771060944 0.007573524 -0.475598544 -0.002295390 0.879626870
1780046280.174676 -2.163738251 0.681815982 45.777172089 0.007534968 -0.476338625 -0.002537148 0.879225969
1780046280.207992 -2.178630829 0.682699025 45.784835815 0.007723818 -0.477350891 -0.003155433 0.878673196
1780046280.241308 -2.194877625 0.682708859 45.794692993 0.007504999 -0.478404969 -0.002656472 0.878103256
1780046280.274623 -2.207262039 0.682795525 45.803409576 0.006953948 -0.478838056 -0.002527729 0.877872109
1780046280.307938 -2.223602295 0.683315814 45.810226440 0.007745423 -0.479203522 -0.002494087 0.877666175
1780046280.341254 -2.237228394 0.683450520 45.818138123 0.007139747 -0.480620891 -0.002819665 0.876894891
1780046280.374568 -2.253402710 0.683803320 45.825534821 0.007212004 -0.481635600 -0.002656786 0.876337886
1780046280.407883 -2.265663147 0.682603478 45.833946228 0.006564980 -0.482035458 -0.002038294 0.876124740
1780046280.441197 -2.280069351 0.682818770 45.842788696 0.006404972 -0.482692957 -0.001807311 0.875764370
1780046280.474511 -2.295179367 0.684416056 45.849971771 0.007148453 -0.483358860 -0.001335991 0.875392139
1780046280.507825 -2.310367584 0.684939504 45.857688904 0.006648886 -0.483519882 -0.002390035 0.875304937
1780046280.541139 -2.324644089 0.684920907 45.866050720 0.006428701 -0.484193414 -0.002721755 0.874933124
1780046280.574453 -2.339458466 0.685211539 45.872909546 0.007007386 -0.485431641 -0.001750866 0.874244809
1780046280.607771 -2.353141785 0.687201619 45.881797791 0.006173630 -0.486696094 -0.001120725 0.873548865
1780046280.641090 -2.366786957 0.687445283 45.891017914 0.005994763 -0.487154752 -0.000678113 0.873294830
1780046280.674409 -2.383035660 0.685864449 45.898799896 0.005752748 -0.487593442 -0.001423064 0.873050690
1780046280.707727 -2.397754669 0.686797798 45.907825470 0.005046720 -0.489021301 -0.001446250 0.872256100
1780046280.741045 -2.413454056 0.686558425 45.915317535 0.004757422 -0.489561468 -0.001407076 0.871954679
1780046280.774363 -2.426830292 0.686474919 45.924320221 0.004647245 -0.490260154 -0.001017063 0.871563196
1780046280.807680 -2.441848755 0.686703503 45.930843353 0.004766768 -0.490867704 -0.001078370 0.871220469
1780046280.840998 -2.456855774 0.686540484 45.937629700 0.004862271 -0.491682470 -0.001290573 0.870760024
1780046280.874315 -2.471101761 0.687086165 45.944519043 0.004804599 -0.492459565 -0.001405199 0.870320976
1780046280.907633 -2.485980988 0.687729716 45.955322266 0.004394622 -0.493446231 -0.001314273 0.869764268
1780046280.940949 -2.501077652 0.687348664 45.963432312 0.004027752 -0.493880242 -0.001082966 0.869519949
1780046280.974266 -2.514591217 0.686260104 45.971160889 0.004052941 -0.494894743 -0.001233837 0.868942618
1780046281.007581 -2.530702591 0.685524702 45.979171753 0.003795695 -0.495819479 -0.001506969 0.868416011
1780046281.040898 -2.545892715 0.686306536 45.985179901 0.004584452 -0.496498585 -0.001220130 0.868024588
1780046281.074214 -2.560949326 0.688430786 45.992206573 0.004523401 -0.497273803 -0.001323927 0.867580891
1780046281.107530 -2.575248718 0.687532544 46.000343323 0.004739750 -0.498119086 -0.000875644 0.867095292
1780046281.140846 -2.588943481 0.687079668 46.006774902 0.004668491 -0.499038517 -0.001153032 0.866566479
1780046281.174161 -2.604644775 0.687119484 46.012996674 0.004941146 -0.499953449 -0.001563520 0.866036832
1780046281.207476 -2.620004654 0.687298656 46.021545410 0.004292691 -0.501145720 -0.001852517 0.865350306
1780046281.240791 -2.634523392 0.689147234 46.028495789 0.004306575 -0.501962125 -0.001525087 0.864877522
1780046281.274106 -2.651882172 0.688699841 46.035434723 0.003729625 -0.502360106 -0.001715669 0.864648819
1780046281.307421 -2.666656494 0.689052701 46.044128418 0.003521108 -0.503245890 -0.001866530 0.864134133
1780046281.340735 -2.682010651 0.690191090 46.052143097 0.003263068 -0.504398644 -0.002041574 0.863462329
1780046281.374050 -2.698659897 0.690481722 46.058025360 0.003289030 -0.505358934 -0.002399534 0.862899661
1780046281.407363 -2.712940216 0.689602613 46.065616608 0.003281088 -0.506407320 -0.002346289 0.862284958
1780046281.440676 -2.727113724 0.690632463 46.073951721 0.003436500 -0.507150829 -0.001832647 0.861848533
1780046281.473990 -2.742919922 0.690116525 46.079841614 0.002686345 -0.508055866 -0.002105430 0.861317396
1780046281.507303 -2.757566452 0.690325201 46.087722778 0.002485025 -0.508964956 -0.001829776 0.860781729
1780046281.540617 -2.772943497 0.688925207 46.095294952 0.002462504 -0.509486318 -0.001661384 0.860473692
1780046281.573936 -2.786897659 0.689704120 46.102092743 0.003221574 -0.510557830 -0.001137201 0.859836698
1780046281.607297 -2.801378250 0.690848649 46.107349396 0.004362071 -0.511638284 -0.000661409 0.859189689
1780046281.640659 -2.816028595 0.690463424 46.114936829 0.004054766 -0.512370586 -0.000342367 0.858754873
1780046281.674022 -2.831724167 0.690881371 46.121147156 0.003994140 -0.512598157 0.000233317 0.858619273
1780046281.707385 -2.845882416 0.690910339 46.127998352 0.004358300 -0.513251603 0.000579746 0.858227015
1780046281.740748 -2.861459732 0.690408885 46.134468079 0.003793703 -0.514220893 0.000264150 0.857649386
1780046281.774111 -2.875234604 0.689753234 46.142822266 0.003375420 -0.515494585 0.000525797 0.856886089
1780046281.807475 -2.891487122 0.689639330 46.149078369 0.003744250 -0.516034782 0.000657429 0.856559217
1780046281.840840 -2.905857086 0.689327836 46.158111572 0.002802493 -0.516740859 0.001004491 0.856136739
1780046281.874205 -2.921878815 0.690144122 46.163307190 0.002804660 -0.517369926 0.000677379 0.855757058
1780046281.907568 -2.934936523 0.691210330 46.171924591 0.003503425 -0.518664420 0.001291811 0.854969740
1780046281.940934 -2.950809479 0.692160547 46.177936554 0.003084312 -0.519416213 0.001299178 0.854514897
1780046281.974300 -2.966493607 0.691625178 46.186775208 0.002562759 -0.519975901 0.001906082 0.854174912
1780046282.007666 -2.980154037 0.690029502 46.194690704 0.002236088 -0.520708025 0.001920298 0.853729725
1780046282.041032 -2.994846344 0.690256000 46.200523376 0.002714713 -0.521719098 0.002091571 0.853110492
1780046282.074399 -3.011497498 0.690626204 46.207321167 0.002828741 -0.522722960 0.002269550 0.852494895
1780046282.107766 -3.024663925 0.690083444 46.212795258 0.003337023 -0.523351729 0.002641280 0.852106214
1780046282.141134 -3.039718628 0.691934526 46.219764709 0.003083662 -0.523690820 0.002768744 0.851898313
1780046282.174502 -3.054159164 0.691126764 46.224586487 0.003802774 -0.524443448 0.002521275 0.851433158
1780046282.207870 -3.070020676 0.691401243 46.231880188 0.003857836 -0.525530696 0.002598423 0.850761950
1780046282.241239 -3.084749222 0.691169262 46.237949371 0.004064588 -0.526179552 0.002641112 0.850359678
1780046282.274608 -3.098310471 0.690666318 46.244800568 0.004931247 -0.526901126 0.003296990 0.849905908
1780046282.307978 -3.112413406 0.690357924 46.250980377 0.005157113 -0.527548373 0.003522407 0.849502027
1780046282.341347 -3.128383636 0.689611018 46.256637573 0.004820198 -0.528268278 0.002883090 0.849058986
1780046282.374717 -3.141984940 0.689688683 46.261802673 0.005702903 -0.529374242 0.002747288 0.848364890
1780046282.408087 -3.158557892 0.690219939 46.267013550 0.006181930 -0.530238748 0.002842656 0.847821176
1780046282.441458 -3.173265457 0.689633906 46.273925781 0.006226351 -0.531001210 0.003088842 0.847342610
1780046282.474829 -3.188011169 0.688872695 46.280620575 0.005914664 -0.531688929 0.003276334 0.846912801
1780046282.508201 -3.204610825 0.689098597 46.287467957 0.006325445 -0.532701313 0.003102350 0.846274018
1780046282.541573 -3.219263077 0.690445840 46.294647217 0.005730127 -0.533978403 0.003314149 0.845472276
1780046282.574941 -3.236484528 0.690329552 46.300933838 0.005914146 -0.534712434 0.003402570 0.845006585
1780046282.608268 -3.251518250 0.689460874 46.307025909 0.005848863 -0.535631955 0.003663510 0.844423354
1780046282.641594 -3.267715454 0.689150929 46.313674927 0.005573105 -0.536695063 0.003692335 0.843749881
1780046282.674920 -3.281055450 0.688666105 46.318782806 0.006432519 -0.537398636 0.004331739 0.843292773
1780046282.708246 -3.297082901 0.688054264 46.323348999 0.006531103 -0.538364828 0.003800148 0.842678010
1780046282.741572 -3.312849045 0.688607097 46.330402374 0.006322009 -0.539340556 0.004065272 0.842054248
1780046282.774898 -3.327302933 0.689781129 46.335216522 0.006985374 -0.539926887 0.004616885 0.841670275
1780046282.808222 -3.342992783 0.688725829 46.342426300 0.006204558 -0.540762782 0.004662862 0.841139436
1780046282.841548 -3.357515335 0.688531995 46.349548340 0.006268374 -0.541911602 0.004433950 0.840400457
1780046282.874873 -3.374662399 0.690232933 46.352878571 0.006695508 -0.542513311 0.004552267 0.840008199
1780046282.908199 -3.390037537 0.688961148 46.359642029 0.006019095 -0.543334007 0.004634471 0.839482248
1780046282.941523 -3.405801773 0.689241052 46.367301941 0.005618434 -0.544141471 0.004777302 0.838961065
1780046282.974848 -3.420818329 0.688824296 46.372543335 0.005590079 -0.544555306 0.004731250 0.838693023
1780046283.008173 -3.438180923 0.689919829 46.376419067 0.006138982 -0.545193076 0.004783418 0.838274419
1780046283.041498 -3.453783035 0.689595342 46.383281708 0.005725075 -0.546194434 0.004607067 0.837626219
1780046283.074822 -3.468770981 0.690087795 46.388420105 0.005876424 -0.547294736 0.004592708 0.836906731
1780046283.108147 -3.484233856 0.690669417 46.395011902 0.005927430 -0.547848523 0.004956370 0.836541951
1780046283.141471 -3.501007080 0.690783203 46.402481079 0.005146901 -0.548539460 0.005004429 0.836093962
1780046283.174795 -3.517349243 0.690607786 46.406967163 0.005370644 -0.549203455 0.004706915 0.835658133
1780046283.208119 -3.533550262 0.691015720 46.412845612 0.005532912 -0.550057232 0.004816331 0.835094750
1780046283.241442 -3.549152374 0.691519082 46.417858124 0.005250420 -0.550557435 0.004780686 0.834767163
1780046283.274766 -3.564943314 0.691479385 46.424255371 0.005339066 -0.551242173 0.005061754 0.834312916
1780046283.308089 -3.580123901 0.692351341 46.430801392 0.004948274 -0.552028835 0.005293919 0.833793521
1780046283.341413 -3.596549988 0.692703724 46.436058044 0.004621587 -0.552936316 0.004780356 0.833196998
1780046283.374736 -3.610773087 0.692469239 46.441497803 0.004659276 -0.553681970 0.004742990 0.832701683
1780046283.408059 -3.627506256 0.692881703 46.448326111 0.004426238 -0.553806603 0.004805245 0.832619727
1780046283.441382 -3.642650604 0.692467451 46.454051971 0.004541993 -0.553858042 0.004898308 0.832584321
1780046283.474705 -3.659027100 0.691906393 46.459251404 0.004450812 -0.553879857 0.004511214 0.832572460
1780046283.508028 -3.674190521 0.692409515 46.464313507 0.004835191 -0.553882778 0.004567508 0.832568109
1780046283.541351 -3.689113617 0.691574812 46.470054626 0.005454336 -0.554243207 0.004830898 0.832322896
1780046283.574675 -3.703243256 0.692215979 46.477699280 0.004668343 -0.554342031 0.004747349 0.832262337
1780046283.608001 -3.718456268 0.692600965 46.481708527 0.005113116 -0.554169834 0.004571823 0.832375407
1780046283.641327 -3.733604431 0.692108274 46.488166809 0.005272328 -0.554209411 0.004438008 0.832348824
1780046283.674653 -3.748727798 0.691790700 46.493633270 0.005411339 -0.554413021 0.004451609 0.832212210
1780046283.707978 -3.763879776 0.691755414 46.499904633 0.004856840 -0.554273188 0.004544750 0.832308292
1780046283.741304 -3.780799866 0.692096889 46.507114410 0.004256752 -0.554272652 0.004538734 0.832311869
1780046283.774630 -3.795427322 0.691863775 46.512275696 0.005115123 -0.554254889 0.004615875 0.832318544
1780046283.807956 -3.812549591 0.692075729 46.516960144 0.005318693 -0.554048002 0.004179356 0.832457244
1780046283.841281 -3.826694489 0.692748785 46.523513794 0.005551481 -0.554413259 0.004217150 0.832212329
1780046283.874607 -3.841274261 0.693243027 46.530853271 0.005492687 -0.554612875 0.004522471 0.832078099
1780046283.907932 -3.855527878 0.694052935 46.537166595 0.005406806 -0.554618120 0.004601869 0.832074821
1780046283.941257 -3.871662140 0.692687869 46.542984009 0.005752922 -0.554547071 0.004516306 0.832120299
1780046283.974582 -3.887100220 0.692179441 46.548297882 0.005964253 -0.554557085 0.004560090 0.832111895
1780046284.007907 -3.902257919 0.692409337 46.553794861 0.005659202 -0.554809391 0.004422106 0.831946552
1780046284.041232 -3.917596817 0.692573965 46.560943604 0.005586097 -0.554928184 0.004559586 0.831867039
1780046284.074557 -3.933946609 0.692169428 46.567119598 0.005577499 -0.554985046 0.004968831 0.831826806
1780046284.107881 -3.949054718 0.691933155 46.572864532 0.005562077 -0.554987669 0.004939803 0.831825376
1780046284.141205 -3.963172913 0.692118585 46.578685760 0.005749012 -0.555249333 0.004994779 0.831649125
1780046284.174529 -3.978967667 0.692251921 46.585304260 0.005613916 -0.555351198 0.004764535 0.831583321
1780046284.207853 -3.993478775 0.692759037 46.590999603 0.006072874 -0.555481255 0.004961628 0.831492066
1780046284.241177 -4.010097504 0.692999482 46.596645355 0.005762686 -0.555619776 0.004541688 0.831404150
1780046284.274500 -4.026136398 0.693770766 46.602493286 0.005289301 -0.555695176 0.004156473 0.831358969
1780046284.307824 -4.039228439 0.691668272 46.607913971 0.005299454 -0.555570841 0.003923034 0.831443131
1780046284.341147 -4.056705475 0.691838384 46.613323212 0.005361405 -0.555424511 0.003488040 0.831542432
1780046284.374471 -4.072896957 0.693107843 46.620418549 0.005315660 -0.555759311 0.003763748 0.831317723
1780046284.407794 -4.087211609 0.693146825 46.626319885 0.005388475 -0.555804074 0.003623488 0.831288040
1780046284.441118 -4.103969574 0.693866372 46.631198883 0.005681545 -0.555619419 0.003464497 0.831410229
1780046284.474441 -4.117334366 0.693216205 46.637374878 0.005364518 -0.555641472 0.003365705 0.831397951
1780046284.507763 -4.134138107 0.693562686 46.643058777 0.004994912 -0.555597007 0.002847519 0.831431866
1780046284.541086 -4.147239685 0.692548752 46.648990631 0.004909168 -0.555736065 0.003052923 0.831338763
1780046284.574408 -4.162250519 0.692854345 46.656593323 0.004743791 -0.555952787 0.003064378 0.831194699
1780046284.607735 -4.178052902 0.693028688 46.662696838 0.004657132 -0.556035697 0.003359022 0.831138611
1780046284.641061 -4.194879532 0.692458868 46.667411804 0.004596129 -0.555758059 0.002985575 0.831326008
1780046284.674387 -4.209560394 0.692690909 46.674041748 0.004637399 -0.555794418 0.003156130 0.831300855
1780046284.707713 -4.226016998 0.692304790 46.679622650 0.004686078 -0.555777848 0.003146109 0.831311703
1780046284.741039 -4.240940094 0.692570806 46.685768127 0.005000781 -0.555961192 0.003478939 0.831185937
1780046284.774365 -4.256711960 0.693078518 46.691787720 0.004362254 -0.555731177 0.003096941 0.831344903
1780046284.807691 -4.273426056 0.694266081 46.697891235 0.004603204 -0.555709541 0.003183038 0.831357777
1780046284.841016 -4.286785126 0.693624020 46.704067230 0.004189867 -0.555734992 0.003168646 0.831342995
1780046284.874341 -4.302389145 0.694039464 46.710811615 0.004259502 -0.555755198 0.003106083 0.831329346
1780046284.907666 -4.318143845 0.693848133 46.715858459 0.003869211 -0.555792034 0.002697024 0.831308067
1780046284.940992 -4.332687378 0.693957925 46.722270966 0.003717078 -0.555847347 0.002506710 0.831272364
1780046284.974317 -4.348834991 0.695357144 46.728797913 0.004131987 -0.556077182 0.002812374 0.831115663
1780046285.007640 -4.363759995 0.695556700 46.733940125 0.003957032 -0.555778623 0.002238889 0.831317902
1780046285.040965 -4.380069733 0.693701744 46.740539551 0.003856038 -0.555896997 0.002318237 0.831238985
1780046285.074290 -4.394418716 0.693098962 46.745784760 0.004455393 -0.555954933 0.002602070 0.831196487
1780046285.107614 -4.409334183 0.695237815 46.752296448 0.004144975 -0.555674195 0.002945732 0.831384599
1780046285.140939 -4.424489975 0.694935083 46.758686066 0.004172482 -0.555805802 0.002733764 0.831297278
1780046285.174263 -4.439226151 0.693956196 46.763412476 0.003984925 -0.555820882 0.002208574 0.831289649
1780046285.207587 -4.453554153 0.694834113 46.769569397 0.003919073 -0.556005001 0.002172964 0.831166923
1780046285.240911 -4.470033646 0.694215536 46.775077820 0.004086173 -0.555671334 0.002153035 0.831389189
1780046285.274235 -4.484888077 0.693666041 46.782512665 0.003847530 -0.555522859 0.001879893 0.831490278
1780046285.307558 -4.498453140 0.692772925 46.788436890 0.003846145 -0.555553675 0.001832892 0.831469774
1780046285.340882 -4.513780594 0.693243504 46.793888092 0.004215812 -0.555693984 0.001816311 0.831374288
1780046285.374205 -4.530771255 0.692997336 46.799777985 0.004352644 -0.555667341 0.001894663 0.831391215
1780046285.407528 -4.546895981 0.694220781 46.804286957 0.004552609 -0.555212319 0.001815814 0.831694245
1780046285.440850 -4.561059952 0.693677068 46.809959412 0.004597477 -0.555085242 0.001817742 0.831778824
1780046285.474173 -4.575441360 0.693286598 46.817359924 0.004790217 -0.555313289 0.002495529 0.831623793
1780046285.507496 -4.590400696 0.693591535 46.822322845 0.005024369 -0.555289447 0.002481486 0.831638336
1780046285.540819 -4.604911804 0.693221450 46.827507019 0.005285118 -0.555151820 0.002485740 0.831728637
1780046285.574142 -4.619737625 0.693244219 46.834281921 0.005145723 -0.555139244 0.003036528 0.831736028
1780046285.607468 -4.635854721 0.693436027 46.840587616 0.005184332 -0.555266976 0.002965789 0.831650794
1780046285.640795 -4.653194427 0.694422543 46.845726013 0.005223809 -0.555183947 0.002987936 0.831705809
1780046285.674121 -4.667253494 0.694375873 46.851348877 0.005042992 -0.555259883 0.002791427 0.831656992
1780046285.707447 -4.684677124 0.694881678 46.857856750 0.005194150 -0.555373371 0.002546224 0.831581056
1780046285.740773 -4.699209213 0.692902207 46.864917755 0.004774976 -0.555678844 0.002498789 0.831379592
1780046285.774099 -4.713920593 0.692436635 46.870639801 0.005123210 -0.555576742 0.002454655 0.831445873
1780046285.807424 -4.728551865 0.694120824 46.874000549 0.005784995 -0.555150807 0.002828292 0.831724763
1780046285.840750 -4.744062424 0.695537567 46.879104614 0.005880234 -0.555131674 0.002882299 0.831736743
1780046285.874075 -4.758081436 0.694427967 46.885917664 0.005273602 -0.555256128 0.002601165 0.831658661
1780046285.907400 -4.772197723 0.693802118 46.893424988 0.005471166 -0.555731595 0.002534288 0.831339955
1780046285.940725 -4.787378311 0.695436597 46.899440765 0.005211732 -0.555705607 0.002479933 0.831359148
1780046285.974050 -4.803180695 0.695964694 46.905822754 0.004978267 -0.555712581 0.002773121 0.831354976
1780046286.007375 -4.818485260 0.696026802 46.910064697 0.005949607 -0.555500448 0.002531395 0.831491172
1780046286.040699 -4.834619522 0.696552277 46.913986206 0.006251873 -0.555239916 0.002307664 0.831663549
1780046286.074024 -4.848457336 0.693230987 46.921955109 0.005411713 -0.555754125 0.002137637 0.831326365
1780046286.107349 -4.865625381 0.694525599 46.928737640 0.005228234 -0.555760741 0.002057307 0.831323326
1780046286.140673 -4.880401611 0.694761395 46.935466766 0.005007932 -0.556014240 0.002326718 0.831154466
1780046286.173997 -4.894838333 0.694342613 46.941688538 0.004541656 -0.556089401 0.002085350 0.831107497
1780046286.207321 -4.911722183 0.695338964 46.946159363 0.004590375 -0.555908740 0.001613579 0.831229091
1780046286.240645 -4.928567886 0.695086360 46.952964783 0.003919228 -0.556014597 0.001685745 0.831161678
1780046286.273969 -4.944263458 0.696489155 46.958023071 0.004093298 -0.555957854 0.001754808 0.831198573
1780046286.307292 -4.959192276 0.696802080 46.965785980 0.003751873 -0.556012332 0.001911770 0.831163466
1780046286.340615 -4.974185944 0.694990337 46.973152161 0.002829984 -0.556287706 0.001355391 0.830983877
1780046286.373939 -4.991426468 0.696527600 46.975963593 0.003427731 -0.555977285 0.000880262 0.831189930
1780046286.407262 -5.007797241 0.696929216 46.983383179 0.003099058 -0.556150258 0.000663236 0.831075788
1780046286.440585 -5.022827148 0.698036134 46.987827301 0.003053029 -0.556165397 0.000564237 0.831065893
1780046286.473908 -5.036609650 0.697736442 46.994728088 0.003139894 -0.556363225 0.000341159 0.830933273
1780046286.507231 -5.053556442 0.697917938 47.001209259 0.003054740 -0.556480527 0.000229929 0.830855012
1780046286.540554 -5.068500519 0.698939204 47.007427216 0.003031660 -0.556505322 0.000394746 0.830838442
1780046286.573877 -5.083208084 0.700254798 47.014286041 0.003025963 -0.556599438 0.000637822 0.830775261
1780046286.607204 -5.099559784 0.698139668 47.019367218 0.002902905 -0.556552231 0.000265867 0.830807567
1780046286.640530 -5.113847733 0.697770119 47.026210785 0.002473176 -0.556644619 0.000207946 0.830747068
1780046286.673856 -5.129171371 0.698952615 47.030963898 0.002651315 -0.556669116 -0.000076133 0.830730140
1780046286.707182 -5.143642426 0.698980689 47.037261963 0.002701923 -0.556726575 0.000166043 0.830691457
1780046286.740508 -5.160249710 0.699205577 47.043289185 0.002527843 -0.556654692 -0.000110833 0.830740213
1780046286.773834 -5.175981522 0.699797571 47.049873352 0.002370250 -0.556539237 0.000161846 0.830817997
1780046286.807158 -5.190048218 0.699467719 47.054771423 0.002159364 -0.556338489 -0.000067855 0.830953002
1780046286.840484 -5.205461502 0.700524211 47.060958862 0.002803118 -0.556293368 -0.000075896 0.830981314
1780046286.873809 -5.221900940 0.699142635 47.064178467 0.002939725 -0.556097388 -0.000620532 0.831111789
1780046286.907134 -5.236196518 0.700669289 47.071762085 0.003319971 -0.556392670 0.000021361 0.830912888
1780046286.940459 -5.251462936 0.700719118 47.077407837 0.003687921 -0.556060791 0.000195343 0.831133485
1780046286.973784 -5.266275406 0.700630248 47.082401276 0.003889087 -0.555765092 -0.000276283 0.831330299
1780046287.007109 -5.281627655 0.700211227 47.088211060 0.003430624 -0.556023002 -0.000903197 0.831159353
1780046287.040434 -5.297382355 0.700816870 47.091789246 0.004270464 -0.555909872 -0.001200424 0.831230760
1780046287.073759 -5.312667847 0.701401114 47.099086761 0.004429547 -0.556052446 -0.000865201 0.831135035
1780046287.107083 -5.329290390 0.701088548 47.104286194 0.004163823 -0.555815578 -0.001159018 0.831294417
1780046287.140407 -5.342910767 0.701270938 47.112556458 0.004217644 -0.556466639 -0.000323866 0.830859184
1780046287.173731 -5.359180450 0.701503396 47.116882324 0.004068547 -0.556016266 -0.000383272 0.831161380
1780046287.207055 -5.375137329 0.701024890 47.122215271 0.004078477 -0.556057096 -0.001056071 0.831133485
1780046287.240378 -5.388607025 0.701373100 47.129970551 0.004776779 -0.556491077 -0.000311642 0.830839872
1780046287.273702 -5.404525757 0.702736735 47.134284973 0.005085827 -0.556301773 -0.000703715 0.830964506
1780046287.307025 -5.421138763 0.703593612 47.139209747 0.005457988 -0.556352913 -0.000584253 0.830927968
1780046287.340349 -5.435194016 0.701615214 47.145542145 0.005416868 -0.556383729 -0.000803090 0.830907464
1780046287.373672 -5.449649811 0.702192366 47.152439117 0.004800767 -0.556514919 -0.000491201 0.830823720
1780046287.406996 -5.464931488 0.701965153 47.158191681 0.005252165 -0.556634784 -0.000580408 0.830740571
1780046287.440319 -5.481702805 0.701414406 47.161666870 0.005268912 -0.556371570 -0.000914060 0.830916405
1780046287.473642 -5.495738983 0.702533603 47.168113708 0.005566733 -0.556280434 -0.000444438 0.830975890
1780046287.506965 -5.512069702 0.703117251 47.174224854 0.005393420 -0.556177378 -0.000711513 0.831045866
1780046287.540287 -5.526056290 0.701096594 47.181289673 0.005288888 -0.556616366 -0.000772077 0.830752552
1780046287.573611 -5.542411804 0.703070462 47.186946869 0.005392232 -0.556240976 -0.000400598 0.831003428
1780046287.606937 -5.556156158 0.702253580 47.192306519 0.005827501 -0.556161284 -0.000016424 0.831053972
1780046287.640264 -5.570394516 0.703127444 47.199226379 0.005614506 -0.556205928 0.000173709 0.831025600
1780046287.673588 -5.586845398 0.701425672 47.203769684 0.005420391 -0.556140721 -0.000559608 0.831070304
1780046287.706915 -5.601451874 0.703713059 47.212341309 0.005686896 -0.556455374 0.000545552 0.830857873
1780046287.740241 -5.613315582 0.703401804 47.216659546 0.005876057 -0.556025445 0.000783468 0.831144214
1780046287.773566 -5.632190704 0.701576114 47.222534180 0.005269251 -0.555843234 0.000232536 0.831270397
1780046287.806892 -5.648290634 0.702139854 47.227813721 0.005884684 -0.555515945 0.000403378 0.831485033
1780046287.840217 -5.661642075 0.701879382 47.233852386 0.005946564 -0.555721104 0.000421201 0.831347406
1780046287.873543 -5.678537369 0.705092609 47.238639832 0.006964142 -0.555540621 0.000919002 0.831459820
1780046287.906868 -5.693094254 0.703169882 47.243423462 0.006884268 -0.555198491 0.000935386 0.831688881
1780046287.940193 -5.704671860 0.702709019 47.251815796 0.006837266 -0.555517018 0.001351087 0.831475973
1780046287.973518 -5.724336624 0.702820122 47.256065369 0.006147935 -0.555228710 0.000650925 0.831674755
1780046288.006843 -5.740308762 0.703158140 47.262519836 0.006461469 -0.555377185 0.001045685 0.831572831
1780046288.040168 -5.754066467 0.702929020 47.268493652 0.006070866 -0.555377066 0.001107483 0.831575811
1780046288.073492 -5.769016266 0.703521609 47.274166107 0.006227762 -0.555230141 0.001085572 0.831672728
1780046288.106816 -5.784200668 0.704678893 47.280380249 0.006466855 -0.555377901 0.001540000 0.831571579
1780046288.140140 -5.799983978 0.704702556 47.285911560 0.006341475 -0.555180430 0.001441519 0.831704497
1780046288.173464 -5.815610886 0.705901921 47.291595459 0.006471437 -0.555000603 0.001562694 0.831823289
1780046288.206788 -5.829271317 0.704752684 47.298362732 0.006360238 -0.555397928 0.001166302 0.831559658
1780046288.240112 -5.844493866 0.704653621 47.306304932 0.006172617 -0.555517077 0.001452220 0.831480980
1780046288.273436 -5.859748840 0.705146074 47.309928894 0.006426070 -0.555275261 0.001065023 0.831641197
1780046288.306760 -5.875530243 0.703434944 47.317485809 0.005471069 -0.555264473 0.001275964 0.831654847
1780046288.340083 -5.890592575 0.705932438 47.323520660 0.005767819 -0.555191398 0.001399411 0.831701517
1780046288.373406 -5.905467987 0.705512524 47.331848145 0.005756659 -0.555612862 0.001456459 0.831420004
1780046288.406730 -5.919965744 0.705128431 47.335346222 0.005849374 -0.555358648 0.001243537 0.831589460
1780046288.440053 -5.935071945 0.704079628 47.342430115 0.005638002 -0.555313230 0.001573723 0.831620753
1780046288.473376 -5.948720932 0.704955220 47.347442627 0.005825148 -0.554719508 0.001875935 0.832014978
1780046288.506699 -5.961593628 0.706754684 47.350948334 0.005959864 -0.554605842 0.001689287 0.832090139
1780046288.540021 -5.979253769 0.706471264 47.358032227 0.006158953 -0.555048943 0.001439765 0.831793725
1780046288.573343 -5.993217468 0.706353843 47.365684509 0.006028356 -0.555402637 0.001372632 0.831558645
1780046288.606670 -6.007963181 0.703997016 47.370010376 0.006060414 -0.555221915 0.001094695 0.831679463
1780046288.639996 -6.022855759 0.707033157 47.375801086 0.006646479 -0.555249035 0.001336440 0.831656575
1780046288.673322 -6.038557053 0.704172194 47.382007599 0.005960574 -0.555310071 0.001009643 0.831621468
1780046288.706648 -6.054317474 0.705910683 47.389244080 0.005613157 -0.555558503 0.001297441 0.831457555
1780046288.739974 -6.070802689 0.706856966 47.394378662 0.005643921 -0.555628002 0.001114921 0.831411183
1780046288.773300 -6.087682724 0.706863880 47.400554657 0.005478443 -0.555688262 0.001039895 0.831372023
1780046288.806626 -6.103136063 0.705098152 47.407356262 0.005601703 -0.555788279 0.001218527 0.831304193
1780046288.839952 -6.120141983 0.706875384 47.411540985 0.006248731 -0.556210816 0.000726599 0.831017435
1780046288.873277 -6.134752274 0.709070385 47.419849396 0.005781184 -0.557683706 0.001633522 0.830031872
1780046288.906602 -6.150112152 0.705745637 47.423069000 0.005650942 -0.558639765 0.001445081 0.829389930
1780046288.939927 -6.165611267 0.705038369 47.431388855 0.005006318 -0.559857547 0.001440352 0.828572452
1780046288.973253 -6.183664322 0.706607461 47.435123444 0.005312806 -0.560727298 0.001169952 0.827982724
1780046289.006576 -6.200191498 0.706027865 47.439865112 0.005343782 -0.561838210 0.001011438 0.827229261
1780046289.039901 -6.216747284 0.706305206 47.445499420 0.005258243 -0.563024938 0.000779578 0.826422811
1780046289.073225 -6.228855133 0.708699763 47.449638367 0.005899540 -0.563908994 0.001911037 0.825813711
1780046289.106550 -6.248414993 0.708456337 47.453948975 0.006018536 -0.565086126 0.002147160 0.825007260
1780046289.139874 -6.263174057 0.710068941 47.460926056 0.005973886 -0.566451609 0.002345365 0.824070096
1780046289.173198 -6.280210495 0.708265066 47.463890076 0.006067433 -0.567303538 0.001830099 0.823484421
1780046289.206522 -6.293798447 0.708779335 47.469085693 0.005738666 -0.568365216 0.002484503 0.822752655
1780046289.239846 -6.313476562 0.709258854 47.470428467 0.006204221 -0.569018900 0.002260830 0.822297990
1780046289.273170 -6.326251984 0.709296823 47.478004456 0.005440009 -0.570401311 0.002652507 0.821343839
1780046289.306494 -6.344789505 0.707391143 47.481224060 0.004778799 -0.571010768 0.002236284 0.820925653
1780046289.339817 -6.355903625 0.708048820 47.488296509 0.005086574 -0.572784305 0.002940550 0.819685161
1780046289.373141 -6.375003815 0.706457138 47.494358063 0.004036241 -0.573908210 0.002397641 0.818906248
1780046289.406464 -6.390033722 0.705588639 47.498779297 0.004228196 -0.574840903 0.002500443 0.818250537
1780046289.439786 -6.408243179 0.706953049 47.502918243 0.004371359 -0.575807929 0.002551460 0.817569435
1780046289.473109 -6.427015305 0.705754757 47.506164551 0.004603328 -0.576626062 0.002152942 0.816992462
1780046289.506432 -6.439682007 0.705877423 47.512065887 0.004883321 -0.578127623 0.002487493 0.815927923
1780046289.539755 -6.454914093 0.704812825 47.516433716 0.004862034 -0.579298794 0.002414409 0.815097213
1780046289.573079 -6.468908310 0.705617011 47.521492004 0.004502108 -0.580347061 0.002836187 0.814351916
1780046289.606449 -6.488924026 0.705555916 47.524150848 0.004869906 -0.581454158 0.002450018 0.813560963
1780046289.639820 -6.507287979 0.706053197 47.527359009 0.004766327 -0.582574904 0.002242927 0.812759995
1780046289.673191 -6.525213242 0.706486940 47.530838013 0.004824335 -0.583585739 0.002046832 0.812034607
1780046289.706562 -6.540128708 0.708155632 47.535434723 0.004834203 -0.585060179 0.002472427 0.810971797
1780046289.739933 -6.557077408 0.708007812 47.539329529 0.004750179 -0.585897505 0.002645580 0.810366929
1780046289.773305 -6.573513031 0.707392693 47.543918610 0.004290829 -0.587176800 0.002211926 0.809444368
1780046289.806678 -6.590892792 0.709413469 47.549873352 0.004414813 -0.588557065 0.002240822 0.808440566
1780046289.840051 -6.603715897 0.707275391 47.554721832 0.004288580 -0.589801788 0.002069040 0.807534099
1780046289.873425 -6.622175217 0.709476709 47.558139801 0.003991453 -0.590832114 0.001919227 0.806782424
1780046289.906797 -6.640750885 0.708208919 47.558555603 0.004546041 -0.591712177 0.001130695 0.806135714
1780046289.940172 -6.657245636 0.707267880 47.562595367 0.004842943 -0.592907906 0.001372761 0.805254638
1780046289.973547 -6.672248840 0.707861602 47.567787170 0.004772034 -0.593978763 0.001695726 0.804464757
1780046290.006922 -6.687717438 0.707564235 47.572052002 0.004985985 -0.594967008 0.001981752 0.803732276
1780046290.040297 -6.706098557 0.707400680 47.573883057 0.005081276 -0.595649481 0.001962518 0.803226113
1780046290.073673 -6.723117828 0.708304524 47.578247070 0.004838210 -0.597088158 0.001896907 0.802158773
1780046290.107050 -6.738565445 0.707879424 47.580848694 0.004608672 -0.598161042 0.001101399 0.801361978
1780046290.140427 -6.754577637 0.709449947 47.586051941 0.004691340 -0.599642217 0.001951824 0.800252080
1780046290.173804 -6.773967743 0.710312247 47.589687347 0.004496944 -0.600545764 0.002072474 0.799575090
1780046290.207182 -6.788816452 0.709206402 47.594253540 0.003784982 -0.601776302 0.001634621 0.798654079
1780046290.240561 -6.805192947 0.708648384 47.595603943 0.004074953 -0.602993488 0.001356761 0.797734618
1780046290.273939 -6.822166443 0.708440781 47.598678589 0.004163566 -0.604332328 0.000910123 0.796720922
1780046290.307319 -6.839433670 0.708682716 47.602649689 0.004249263 -0.605233967 0.001137681 0.796035528
1780046290.340697 -6.857606888 0.709360540 47.603878021 0.004350203 -0.606144309 0.001474041 0.795341432
1780046290.374077 -6.874403000 0.709473550 47.606266022 0.003918410 -0.607141495 0.000701737 0.794583797
1780046290.407457 -6.892055511 0.710112333 47.609626770 0.003229942 -0.608450472 0.000267903 0.793585300
1780046290.440838 -6.910070419 0.709816873 47.614070892 0.002539203 -0.609659970 -0.000199694 0.792659044
1780046290.474220 -6.926692963 0.710579991 47.615631104 0.002755086 -0.610364914 -0.000352838 0.792115569
1780046290.507601 -6.943464279 0.710694194 47.619857788 0.003132488 -0.611882269 -0.000018424 0.790942729
1780046290.540984 -6.961435318 0.711278498 47.622364044 0.002763170 -0.613095939 -0.000083578 0.790003717
1780046290.574362 -6.979545593 0.712298095 47.624988556 0.002968129 -0.613950789 -0.000160907 0.789338768
1780046290.607697 -6.993579865 0.713093340 47.629314423 0.002934921 -0.614941776 0.000044654 0.788567126
1780046290.641031 -7.012943268 0.712416232 47.630645752 0.002428744 -0.615826666 -0.000660931 0.787877679
1780046290.674366 -7.029430389 0.713928938 47.631546021 0.002592663 -0.617211699 -0.000561625 0.786792696
1780046290.707700 -7.046693802 0.714067817 47.637397766 0.001890127 -0.618403614 -0.001033659 0.785857737
1780046290.741035 -7.064416885 0.714540839 47.639247894 0.002058062 -0.618803799 -0.000891784 0.785542428
1780046290.774369 -7.078083038 0.713115215 47.644172668 0.001578074 -0.619763494 -0.000998868 0.784786463
1780046290.807702 -7.096120834 0.714023411 47.646957397 0.001099692 -0.620117307 -0.001328761 0.784507215
1780046290.841036 -7.109712601 0.714650333 47.651145935 0.001037799 -0.619847119 -0.000552839 0.784721732
1780046290.874371 -7.125156403 0.715422451 47.656410217 0.000122778 -0.619925261 -0.000455913 0.784660757
1780046290.907705 -7.141481400 0.714605868 47.659748077 0.000269295 -0.619911313 -0.000868901 0.784671426
1780046290.941039 -7.153959274 0.713603377 47.662551880 0.000468947 -0.620037854 -0.000910485 0.784571171
1780046290.974373 -7.173858643 0.716459274 47.665557861 0.000171866 -0.620242715 -0.001189091 0.784409046
1780046291.007707 -7.192804337 0.715941787 47.668064117 -0.000272771 -0.619648278 -0.001425622 0.784878373
1780046291.041040 -7.205486298 0.715046823 47.673942566 -0.000117951 -0.619684756 -0.000987841 0.784850180
1780046291.074374 -7.224000931 0.717459857 47.677158356 -0.000165504 -0.619968116 -0.001211590 0.784626126
1780046291.107708 -7.240119934 0.720175326 47.678325653 0.000128201 -0.620058715 -0.001213447 0.784554482
1780046291.141042 -7.254421234 0.716022670 47.685600281 -0.000555225 -0.620178342 -0.001158998 0.784459770
1780046291.174376 -7.266643524 0.714210629 47.687992096 0.000021693 -0.619699597 -0.001204707 0.784838200
1780046291.207709 -7.285108566 0.717755258 47.689147949 0.000298178 -0.619650245 -0.001400347 0.784876764
1780046291.241041 -7.302318573 0.718835294 47.693008423 -0.000027339 -0.620214641 -0.000891645 0.784431636
1780046291.274375 -7.318454742 0.718098640 47.697296143 -0.000566003 -0.620090783 -0.001343981 0.784528792
1780046291.307708 -7.334928513 0.718954206 47.703384399 -0.000561385 -0.620262802 -0.001206576 0.784393072
1780046291.341042 -7.350934982 0.718434751 47.705875397 -0.000347017 -0.620308220 -0.001196254 0.784357131
1780046291.374375 -7.364210129 0.718931258 47.707252502 -0.000106390 -0.620302856 -0.001807402 0.784360409
1780046291.407708 -7.381944656 0.719900548 47.708530426 0.000360393 -0.619838476 -0.001611010 0.784727752
1780046291.441041 -7.397500992 0.720331967 47.712787628 0.000111189 -0.619804323 -0.001809767 0.784754336
1780046291.474375 -7.410177231 0.716681242 47.716972351 -0.000247532 -0.619901717 -0.002078131 0.784676731
1780046291.507708 -7.425838470 0.718924165 47.723888397 -0.000334617 -0.620301604 -0.001027300 0.784362733
1780046291.541040 -7.443193436 0.718829036 47.726158142 0.000258244 -0.620309591 -0.001485687 0.784355640
1780046291.574373 -7.460880280 0.720541000 47.726604462 0.000953954 -0.620061219 -0.001052115 0.784552157
1780046291.607708 -7.472366333 0.718591928 47.731002808 0.001322738 -0.620026410 -0.000718924 0.784579575
1780046291.641044 -7.490491867 0.720806539 47.732677460 0.001262926 -0.620115340 -0.001161040 0.784508884
1780046291.674378 -7.507446289 0.719258666 47.734657288 0.002478647 -0.620335937 -0.001567620 0.784330845
1780046291.707712 -7.522344589 0.719010293 47.739738464 0.002087687 -0.620471716 -0.001134333 0.784225225
1780046291.741047 -7.537172318 0.720509410 47.744651794 0.001794999 -0.620569766 -0.000777303 0.784148872
1780046291.774382 -7.552089691 0.718413651 47.749279022 0.001513175 -0.620705009 -0.000979805 0.784042180
1780046291.807717 -7.566362381 0.719689846 47.753864288 0.001528035 -0.620988071 -0.000769991 0.783818126
1780046291.841052 -7.581338882 0.719148576 47.756904602 0.000733349 -0.620852590 -0.001007613 0.783926368
1780046291.874386 -7.596544266 0.719201386 47.759613037 0.000835397 -0.620698631 -0.000883497 0.784048319
1780046291.907721 -7.614889145 0.720606387 47.762222290 0.001630790 -0.620632887 -0.000626310 0.784099400
1780046291.941055 -7.629957199 0.720151186 47.766250610 0.001649973 -0.620672584 -0.000544577 0.784067929
1780046291.974389 -7.645351410 0.719110191 47.771457672 0.001751889 -0.620931506 -0.000343215 0.783862889
1780046292.007724 -7.660486221 0.719924152 47.774562836 0.002171814 -0.620948792 -0.000223188 0.783848107
1780046292.041058 -7.677923203 0.719652653 47.776313782 0.002721364 -0.620845199 -0.000177165 0.783928514
1780046292.074392 -7.694929123 0.721247673 47.778293610 0.003252280 -0.620521784 -0.000418365 0.784182370
1780046292.107726 -7.709079742 0.720891654 47.782157898 0.002769527 -0.620738447 -0.000676824 0.784012556
1780046292.141059 -7.721889496 0.721136570 47.789047241 0.001654621 -0.621125519 0.000155190 0.783709407
1780046292.174393 -7.740299225 0.719951510 47.789978027 0.001988370 -0.620815575 -0.000724164 0.783953786
1780046292.207727 -7.757467270 0.720611334 47.791236877 0.002744298 -0.620346904 -0.000695691 0.784322441
1780046292.241061 -7.772438049 0.722281456 47.794490814 0.003469285 -0.620589077 -0.000104869 0.784128308
1780046292.274395 -7.785995483 0.721955657 47.797817230 0.003301094 -0.620440066 -0.000143221 0.784246981
1780046292.307729 -7.803396225 0.723697662 47.800655365 0.004146048 -0.620707393 -0.000088879 0.784031332
1780046292.341063 -7.820232391 0.721628129 47.808246613 0.001872771 -0.620973349 0.000016798 0.783829451
1780046292.374397 -7.835813522 0.723916411 47.808643341 0.002575052 -0.620613933 -0.000021084 0.784112096
1780046292.407730 -7.852077484 0.723582804 47.812709808 0.002291151 -0.620745301 -0.000208383 0.784008920
1780046292.441064 -7.868616104 0.721458435 47.816879272 0.002542827 -0.620835185 -0.000175557 0.783937097
1780046292.474397 -7.883302689 0.722194135 47.821464539 0.002824591 -0.621157050 0.000355146 0.783680975
1780046292.507730 -7.898387909 0.720721722 47.825626373 0.002595985 -0.620919883 0.000215005 0.783869684
1780046292.541064 -7.913906097 0.721669555 47.829750061 0.002709855 -0.620662868 0.000592809 0.784072578
1780046292.574397 -7.931177139 0.721593976 47.832622528 0.002563302 -0.620824218 0.000297942 0.783945620
1780046292.607732 -7.944715500 0.720619857 47.835941315 0.002673175 -0.620848894 0.000137908 0.783925712
1780046292.641068 -7.958484650 0.720554948 47.840652466 0.002822635 -0.620873153 0.000356644 0.783905864
1780046292.674403 -7.969781876 0.717693031 47.845203400 0.002859716 -0.620714664 0.000393107 0.784031332
1780046292.707739 -7.990432739 0.719580233 47.846122742 0.003409138 -0.620615423 0.000228922 0.784107745
1780046292.741074 -8.008968353 0.720132291 47.848213196 0.003830079 -0.620740712 0.000386923 0.784006536
1780046292.774409 -8.024057388 0.721524060 47.852706909 0.003762286 -0.620611191 0.000844623 0.784109056
1780046292.807745 -8.034536362 0.719299018 47.858016968 0.003630857 -0.620713413 0.001284981 0.784028113
1780046292.841080 -8.048679352 0.717561126 47.862720490 0.003123363 -0.620622635 0.000758656 0.784102857
1780046292.874415 -8.065904617 0.718411148 47.865234375 0.003421696 -0.620593369 0.000933239 0.784124553
1780046292.907750 -8.080133438 0.718953967 47.868850708 0.003706207 -0.620516539 0.001029175 0.784183979
1780046292.941085 -8.097806931 0.719060779 47.871307373 0.003770409 -0.620640814 0.000919740 0.784085393
1780046292.974420 -8.114908218 0.719823241 47.873493195 0.004254860 -0.620636702 0.000876478 0.784086287
1780046293.007754 -8.128431320 0.719189644 47.877967834 0.004357134 -0.620408535 0.001134061 0.784265935
1780046293.041089 -8.143939972 0.720317602 47.882213593 0.004770522 -0.620451272 0.001487254 0.784229159
1780046293.074423 -8.163862228 0.720513821 47.883525848 0.005191114 -0.620495200 0.001356434 0.784191906
1780046293.107758 -8.177480698 0.720004559 47.887851715 0.005379928 -0.620743215 0.001457699 0.783994198
1780046293.141093 -8.193454742 0.720699608 47.891109467 0.005442100 -0.620530307 0.001634338 0.784161925
1780046293.174428 -8.212915421 0.721419752 47.893455505 0.005149479 -0.620509624 0.001217682 0.784180999
1780046293.207762 -8.219873428 0.718147516 47.898559570 0.005509510 -0.621003211 0.001684767 0.783786893
1780046293.241096 -8.238256454 0.718634963 47.901115417 0.005825271 -0.620883942 0.001161266 0.783880055
1780046293.274431 -8.250806808 0.716848254 47.904476166 0.005945321 -0.620677888 0.001116568 0.784042418
1780046293.307765 -8.270553589 0.717816353 47.906856537 0.006437047 -0.620817900 0.001402193 0.783927202
1780046293.341100 -8.281818390 0.717138648 47.911270142 0.006146762 -0.620994747 0.001444275 0.783789396
1780046293.374434 -8.305734634 0.721334636 47.917488098 0.005331121 -0.621152103 0.002115124 0.783669055
1780046293.407768 -8.321468353 0.719486833 47.917686462 0.005246421 -0.620991707 0.001701086 0.783797741
1780046293.441102 -8.335590363 0.720344543 47.923568726 0.005119646 -0.621109009 0.001849798 0.783705294
1780046293.474435 -8.348787308 0.720392346 47.926452637 0.005899303 -0.620946586 0.001854524 0.783828557
1780046293.507769 -8.368843079 0.721023321 47.929088593 0.005392738 -0.620781302 0.001599180 0.783963680
1780046293.541103 -8.378063202 0.719565630 47.930824280 0.005608846 -0.620747924 0.000835763 0.783989668
1780046293.574437 -8.402084351 0.721813440 47.931560516 0.006008026 -0.620804608 0.001013237 0.783941686
1780046293.607771 -8.416099548 0.721009374 47.938949585 0.005506856 -0.620994687 0.001331405 0.783794403
1780046293.641105 -8.428565979 0.719719648 47.942188263 0.005553335 -0.621030152 0.001451962 0.783765733
1780046293.674438 -8.438837051 0.719501734 47.946586609 0.005619343 -0.621199131 0.001487310 0.783631265
1780046293.707772 -8.457536697 0.719308019 47.947944641 0.005915543 -0.620949328 0.001304982 0.783827305
1780046293.741106 -8.472311020 0.719524384 47.952411652 0.006565291 -0.621251881 0.001642759 0.783581793
1780046293.774439 -8.486122131 0.719310284 47.957195282 0.005679403 -0.621127307 0.001766828 0.783687174
1780046293.807772 -8.500120163 0.719864130 47.960548401 0.005879324 -0.621117890 0.001862756 0.783692956
1780046293.841105 -8.519924164 0.719509482 47.963119507 0.006316934 -0.621201873 0.001369037 0.783623934
1780046293.874439 -8.537542343 0.722021878 47.969360352 0.005237171 -0.621665418 0.001580812 0.783263862
1780046293.907771 -8.548952103 0.720320106 47.975322723 0.004743620 -0.621901929 0.001643392 0.783079028
1780046293.941104 -8.566627502 0.720585346 47.978096008 0.004578155 -0.621749997 0.001588895 0.783200800
1780046293.974437 -8.587162018 0.719903588 47.978134155 0.004972051 -0.621291876 0.001283203 0.783562422
1780046294.007770 -8.601890564 0.720063329 47.980548859 0.005220079 -0.621159315 0.001240901 0.783666015
1780046294.041103 -8.617715836 0.720779836 47.985492706 0.005150213 -0.621489167 0.001265326 0.783404768
1780046294.074435 -8.635440826 0.721176982 47.988983154 0.005381407 -0.621239662 0.001717973 0.783600271
1780046294.107768 -8.650331497 0.721481681 47.991836548 0.005428990 -0.620982766 0.001638334 0.783803701
1780046294.141101 -8.661729813 0.720795631 47.996074677 0.005257755 -0.620989025 0.001751996 0.783799708
1780046294.174433 -8.677326202 0.719870210 48.000251770 0.004984279 -0.621357918 0.001781842 0.783509076
1780046294.207766 -8.692626953 0.720120430 48.004280090 0.004966366 -0.621172488 0.001972114 0.783655703
1780046294.241099 -8.712564468 0.720029116 48.004451752 0.005576812 -0.620744944 0.001409557 0.783991456
1780046294.274431 -8.725719452 0.721482754 48.009258270 0.005594851 -0.620947003 0.001792519 0.783830523
1780046294.307763 -8.738389969 0.720136464 48.014572144 0.005289285 -0.621290207 0.001637225 0.783561051
1780046294.341094 -8.757167816 0.720943928 48.016220093 0.005365343 -0.621202171 0.001083228 0.783631265
1780046294.374427 -8.775459290 0.721321464 48.016479492 0.005684084 -0.620621502 0.001079461 0.784088969
1780046294.407759 -8.791162491 0.721994162 48.020294189 0.005582178 -0.620417893 0.001230069 0.784250557
1780046294.441091 -8.804975510 0.721100807 48.022994995 0.005857148 -0.620358884 0.000872394 0.784295797
1780046294.474423 -8.819955826 0.720674515 48.029685974 0.005591274 -0.620985389 0.001351028 0.783801019
1780046294.507754 -8.835359573 0.721146882 48.033203125 0.005855565 -0.620754242 0.001518876 0.783981860
1780046294.541086 -8.851526260 0.720057786 48.035934448 0.005564320 -0.620482862 0.001127918 0.784199536
1780046294.574419 -8.863109589 0.718426824 48.041587830 0.005701972 -0.620763958 0.001273203 0.783975840
1780046294.607795 -8.879735947 0.719328105 48.045341492 0.005994012 -0.620685279 0.001177877 0.784036100
1780046294.641172 -8.895393372 0.719202042 48.045341492 0.005830014 -0.620315373 0.000727261 0.784330547
1780046294.674549 -8.909437180 0.718839824 48.051315308 0.005949495 -0.620744288 0.001087419 0.783989787
1780046294.707927 -8.922948837 0.718014002 48.054603577 0.005823932 -0.620718896 0.001102388 0.784010887
1780046294.741306 -8.940521240 0.719431877 48.058624268 0.006067830 -0.620737016 0.001338694 0.783994198
1780046294.774684 -8.958143234 0.718636751 48.061904907 0.005513242 -0.620820403 0.000864053 0.783932984
1780046294.808063 -8.972003937 0.719759345 48.065162659 0.006591581 -0.620831549 0.001417777 0.783915043
1780046294.841443 -8.987350464 0.717722416 48.069511414 0.006006700 -0.620765984 0.001583224 0.783971369
1780046294.874824 -9.005741119 0.718542516 48.070598602 0.006361579 -0.620707214 0.000895819 0.784016132
1780046294.908205 -9.020103455 0.719736040 48.075378418 0.005977126 -0.620967746 0.001199629 0.783812404
1780046294.941586 -9.034769058 0.718063056 48.079216003 0.005504386 -0.620937765 0.000948688 0.783840060
1780046294.974968 -9.054632187 0.719367146 48.078937531 0.006226624 -0.620772123 0.000622138 0.783966064
1780046295.008351 -9.071441650 0.720727444 48.081314087 0.006320725 -0.620494962 0.000388615 0.784184933
1780046295.041734 -9.083896637 0.719253778 48.087638855 0.005788921 -0.620873034 0.000211299 0.783889830
1780046295.075117 -9.101289749 0.720011234 48.089439392 0.006199598 -0.620738924 0.000040339 0.783992827
1780046295.108501 -9.115818024 0.718527317 48.094467163 0.006011955 -0.621141851 0.000161791 0.783675075
1780046295.141885 -9.131172180 0.720007658 48.096603394 0.005947998 -0.621125519 0.000080519 0.783688605
1780046295.175271 -9.148990631 0.719745636 48.099925995 0.006490976 -0.621178269 0.000230316 0.783642411
1780046295.208656 -9.163644791 0.719582438 48.105838776 0.006198982 -0.621375680 0.000712059 0.783487976
1780046295.242041 -9.179180145 0.720085621 48.108528137 0.006026823 -0.621283770 0.000598249 0.783562362
1780046295.275427 -9.193355560 0.719947159 48.110988617 0.005968291 -0.621358216 0.000679360 0.783503652
1780046295.308814 -9.210226059 0.718596458 48.116699219 0.005336547 -0.621517062 0.000741980 0.783382118
1780046295.342201 -9.226736069 0.720223784 48.118991852 0.005426503 -0.621071756 0.000978634 0.783734322
1780046295.375589 -9.242918015 0.720374286 48.122554779 0.005534397 -0.621311963 0.000983850 0.783543110
1780046295.408978 -9.262596130 0.720807791 48.122905731 0.005619625 -0.621513724 0.000165294 0.783383131
1780046295.442367 -9.277462006 0.722410798 48.127540588 0.005679008 -0.621494591 0.000866418 0.783397436
1780046295.475756 -9.292327881 0.722405672 48.131221771 0.005604808 -0.621206939 0.000976758 0.783625960
1780046295.509146 -9.307888031 0.721433222 48.134616852 0.005183759 -0.621172667 0.000708508 0.783656359
1780046295.542536 -9.323726654 0.722171187 48.138767242 0.005085274 -0.621483207 0.000497116 0.783410847
1780046295.575924 -9.339450836 0.721882939 48.142036438 0.005214954 -0.621456325 0.000460886 0.783431292
1780046295.609266 -9.357776642 0.722396255 48.145732880 0.004927813 -0.621315300 0.000621587 0.783544958
1780046295.642607 -9.371070862 0.719434142 48.149497986 0.004745885 -0.621089876 0.000787646 0.783724606
1780046295.675948 -9.385250092 0.721886933 48.152851105 0.004984817 -0.620927930 0.000756582 0.783851504
1780046295.709289 -9.399509430 0.720855713 48.156223297 0.005189042 -0.621194184 0.000766007 0.783639193
1780046295.742630 -9.417779922 0.720487595 48.159729004 0.005550535 -0.621077240 0.000664361 0.783729434
1780046295.775972 -9.432800293 0.722329736 48.163551331 0.005221433 -0.620968521 0.000834207 0.783817708
1780046295.809313 -9.447965622 0.722889781 48.166263580 0.005335117 -0.620942950 0.000683369 0.783837378
1780046295.842655 -9.466678619 0.721767068 48.170715332 0.004930407 -0.621252596 0.000189268 0.783594847
1780046295.875996 -9.481016159 0.721091747 48.171756744 0.004661927 -0.621042013 -0.000387176 0.783763409
1780046295.909338 -9.496988297 0.722539067 48.177078247 0.004357292 -0.620993733 -0.000253739 0.783803463
1780046295.942679 -9.512880325 0.721261859 48.181274414 0.004141147 -0.620828450 -0.000415812 0.783935428
1780046295.976021 -9.527776718 0.721685052 48.184677124 0.004146224 -0.620667994 -0.000433864 0.784062386
1780046296.009362 -9.546216965 0.721844494 48.188049316 0.004373391 -0.621071339 -0.000846708 0.783741355
1780046296.042703 -9.563974380 0.724021971 48.191516876 0.004279921 -0.621031106 -0.000870798 0.783773720
1780046296.076045 -9.578054428 0.724409044 48.196750641 0.003691775 -0.620819867 -0.000299247 0.783944607
1780046296.109385 -9.593622208 0.725200713 48.200187683 0.004003358 -0.620920241 -0.000616188 0.783863306
1780046296.142727 -9.610063553 0.725677371 48.200637817 0.004482651 -0.620619655 -0.001211089 0.784098089
1780046296.176068 -9.628170013 0.723450601 48.204231262 0.003515885 -0.620617211 -0.001730544 0.784103930
1780046296.209410 -9.644317627 0.724619508 48.205635071 0.003796241 -0.620310307 -0.001812074 0.784345329
1780046296.242751 -9.660894394 0.726382077 48.210910797 0.003737547 -0.620761871 -0.002129250 0.783987343
1780046296.276093 -9.675926208 0.726052403 48.213897705 0.004125901 -0.620800734 -0.002104931 0.783954740
1780046296.309434 -9.689723969 0.727040768 48.219268799 0.003757718 -0.620850682 -0.001823040 0.783917844
1780046296.342775 -9.709199905 0.726960182 48.221775055 0.004280231 -0.620989859 -0.002467083 0.783803105
1780046296.376117 -9.722204208 0.728503704 48.225791931 0.004380058 -0.621143162 -0.001968394 0.783682406
1780046296.409458 -9.739671707 0.729340196 48.229747772 0.003539328 -0.621242821 -0.002281871 0.783606827
1780046296.442800 -9.757518768 0.729554355 48.233131409 0.003184024 -0.621180475 -0.002195260 0.783658087
1780046296.476141 -9.772785187 0.727652907 48.235897064 0.003011273 -0.621001303 -0.002553117 0.783799648
1780046296.509483 -9.787664413 0.727904499 48.240676880 0.002848816 -0.621110141 -0.002700781 0.783713520
1780046296.542824 -9.804410934 0.728487372 48.242912292 0.003099437 -0.621223688 -0.002464546 0.783623338
1780046296.576164 -9.820819855 0.728872895 48.245342255 0.003431479 -0.621166348 -0.003036779 0.783665419
1780046296.609506 -9.837034225 0.729495347 48.250984192 0.002929404 -0.621420622 -0.002614444 0.783467293
1780046296.642847 -9.852985382 0.729259551 48.253334045 0.002909635 -0.621298611 -0.002857876 0.783563316
1780046296.676188 -9.869506836 0.730434895 48.257225037 0.002926709 -0.621399403 -0.002888561 0.783483207
1780046296.709530 -9.884035110 0.729525506 48.259445190 0.002812683 -0.621486664 -0.003196181 0.783413172
1780046296.742871 -9.899177551 0.729683936 48.264564514 0.002768642 -0.621502101 -0.002971516 0.783401966
1780046296.776213 -9.916307449 0.729003429 48.266525269 0.002898228 -0.621198475 -0.002947571 0.783642411
1780046296.809554 -9.932628632 0.730671823 48.270484924 0.002774743 -0.621279836 -0.002488916 0.783579946
1780046296.842896 -9.948589325 0.729285479 48.274272919 0.002551298 -0.621466339 -0.002316360 0.783433378
1780046296.876237 -9.964921951 0.730660558 48.276027679 0.003074633 -0.621396184 -0.002201119 0.783487380
1780046296.909578 -9.980632782 0.731283188 48.280586243 0.002556055 -0.621125221 -0.002298161 0.783703864
1780046296.942919 -9.995817184 0.732587218 48.285781860 0.002474644 -0.621552944 -0.001807115 0.783366144
1780046296.976261 -10.012302399 0.729561448 48.289558411 0.001619539 -0.621699333 -0.002582406 0.783250034
1780046297.009601 -10.028947830 0.730001092 48.293716431 0.001493962 -0.621719956 -0.002228862 0.783235073
1780046297.042943 -10.044368744 0.732181489 48.296810150 0.001925772 -0.621538639 -0.001691803 0.783379316
1780046297.076284 -10.059659958 0.733834922 48.300754547 0.002298932 -0.621449590 -0.001098283 0.783450007
1780046297.109625 -10.072101593 0.732374072 48.304634094 0.002279480 -0.621626079 -0.001101767 0.783310115
1780046297.142967 -10.090875626 0.731966615 48.306083679 0.002994301 -0.621282935 -0.001234804 0.783579707
1780046297.176308 -10.104749680 0.732761741 48.312400818 0.002570463 -0.621643126 -0.001042958 0.783295751
1780046297.209650 -10.120916367 0.732780278 48.313285828 0.002630331 -0.621254027 -0.001491849 0.783603489
1780046297.242991 -10.138801575 0.733191073 48.317157745 0.002621137 -0.621160924 -0.001325697 0.783677638
1780046297.276332 -10.152357101 0.733180881 48.321899414 0.002616469 -0.621268034 -0.001192323 0.783592939
1780046297.309673 -10.167776108 0.733350694 48.325759888 0.003029700 -0.621192038 -0.000741343 0.783652186
1780046297.343015 -10.182743073 0.733150125 48.327789307 0.003224866 -0.621069551 -0.000430254 0.783748746
1780046297.376356 -10.198450089 0.734290242 48.333869934 0.003079839 -0.621658981 -0.000646248 0.783281684
1780046297.409697 -10.212360382 0.732881665 48.335617065 0.003149782 -0.621214032 -0.000384244 0.783634603
1780046297.443038 -10.227771759 0.733403325 48.341186523 0.002905764 -0.621423483 -0.000019612 0.783469498
1780046297.476379 -10.243206024 0.732608080 48.345123291 0.002707428 -0.621443212 0.000282394 0.783454537
1780046297.509721 -10.259363174 0.732776463 48.343330383 0.003977950 -0.620951533 0.000081316 0.783838868
1780046297.543062 -10.274726868 0.733532071 48.346313477 0.004344448 -0.620908916 0.000178527 0.783870697
1780046297.576403 -10.289789200 0.733402729 48.353103638 0.003726814 -0.621127784 0.000498884 0.783700347
1780046297.609745 -10.304311752 0.733930230 48.355339050 0.004198378 -0.621113896 0.000161123 0.783709049
1780046297.643086 -10.318872452 0.733823121 48.358421326 0.004532791 -0.621151268 0.000342112 0.783677578
1780046297.676428 -10.336309433 0.731969059 48.359336853 0.004616690 -0.620766938 -0.000001279 0.783981621
1780046297.709769 -10.351125717 0.731327891 48.361412048 0.004866698 -0.620686173 0.000141597 0.784043968
1780046297.743111 -10.366470337 0.731423020 48.366989136 0.005275121 -0.621019900 0.000729643 0.783776820
1780046297.776453 -10.383319855 0.731518090 48.368526459 0.005349874 -0.620818377 0.000075201 0.783936262
1780046297.809794 -10.399131775 0.733353019 48.371582031 0.006066957 -0.620903015 0.000493540 0.783863723
1780046297.843136 -10.414312363 0.732408464 48.376502991 0.005438610 -0.621015668 0.000284620 0.783779204
1780046297.876477 -10.430126190 0.733147621 48.382507324 0.005276783 -0.621457100 0.000066948 0.783430457
1780046297.909818 -10.445545197 0.731722772 48.383567810 0.006060129 -0.621160984 -0.000016369 0.783659577
1780046297.943160 -10.463317871 0.731829643 48.386524200 0.005872617 -0.621468484 -0.000372321 0.783417165
1780046297.976501 -10.479030609 0.731332183 48.389720917 0.005467637 -0.621350467 -0.000374521 0.783513725
1780046298.009843 -10.489336014 0.731635690 48.395778656 0.005555321 -0.621682167 0.001053056 0.783249259
1780046298.043185 -10.510271072 0.733043075 48.398029327 0.005624778 -0.621629536 0.000659692 0.783290982
1780046298.076526 -10.526329041 0.733132422 48.401718140 0.005913361 -0.621660411 0.000660734 0.783264339
1780046298.109868 -10.541086197 0.734107971 48.404636383 0.006017443 -0.621668458 0.000699610 0.783257067
1780046298.143209 -10.558942795 0.734363675 48.406402588 0.005898604 -0.621551633 0.000149317 0.783351064
1780046298.176551 -10.574748993 0.732341051 48.410446167 0.006217435 -0.621966124 -0.000112326 0.783019483
1780046298.209893 -10.590742111 0.732559383 48.412395477 0.006443269 -0.621866167 -0.000673112 0.783096731
1780046298.243234 -10.604965210 0.733937919 48.417667389 0.006574716 -0.622378469 -0.000181380 0.782688856
1780046298.276575 -10.622768402 0.733519435 48.418006897 0.006800072 -0.621882796 -0.000523334 0.783080637
1780046298.309917 -10.639755249 0.733475804 48.423133850 0.006550238 -0.621962547 -0.001010184 0.783018947
1780046298.343258 -10.652362823 0.732896626 48.426509857 0.006303255 -0.621937752 -0.000492142 0.783041179
1780046298.376599 -10.669750214 0.732957482 48.431003571 0.005671013 -0.622232676 -0.000762574 0.782811522
1780046298.409941 -10.688171387 0.733946383 48.434036255 0.005729275 -0.622305930 -0.001037975 0.782752454
1780046298.443283 -10.704677582 0.734621525 48.436557770 0.005784781 -0.622190237 -0.001079040 0.782844007
1780046298.476624 -10.718542099 0.734717667 48.439529419 0.005853369 -0.622305870 -0.001464150 0.782750905
1780046298.509966 -10.738267899 0.734441400 48.442840576 0.005354873 -0.622232854 -0.001669882 0.782812238
1780046298.543307 -10.752544403 0.735222101 48.447181702 0.005398012 -0.622624397 -0.001333118 0.782501161
1780046298.576649 -10.767957687 0.734951854 48.451713562 0.005095735 -0.622522712 -0.001456721 0.782583892
1780046298.609992 -10.784845352 0.735912442 48.455162048 0.005417335 -0.622641683 -0.001111972 0.782487571
1780046298.643335 -10.800861359 0.735178113 48.457859039 0.005505789 -0.622525632 -0.001540644 0.782578528
1780046298.676677 -10.817424774 0.737431586 48.460540771 0.005428890 -0.622354448 -0.001544640 0.782715201
1780046298.710021 -10.832637787 0.736651599 48.464057922 0.004749144 -0.622393727 -0.001394107 0.782688737
1780046298.743363 -10.848876953 0.737878919 48.467166901 0.005323598 -0.622423112 -0.001770508 0.782660902
1780046298.776706 -10.867412567 0.737913787 48.468269348 0.005042661 -0.621916831 -0.002061849 0.783064365
1780046298.810048 -10.881172180 0.738393605 48.474269867 0.005246985 -0.622339427 -0.001770104 0.782727897
1780046298.843391 -10.898693085 0.738642097 48.475929260 0.005802087 -0.622102082 -0.002077815 0.782911897
1780046298.876734 -10.913028717 0.738492966 48.481979370 0.005093720 -0.622374952 -0.002000461 0.782700121
1780046298.910077 -10.929704666 0.739531100 48.485088348 0.005394661 -0.622380972 -0.001912249 0.782693565
1780046298.943420 -10.946495056 0.738740921 48.487625122 0.004225679 -0.622176588 -0.002764430 0.782860696
1780046298.976763 -10.962705612 0.740370274 48.490859985 0.003763573 -0.621446073 -0.002018771 0.783445358
1780046299.010106 -10.978286743 0.738775671 48.497337341 0.003127954 -0.621407866 -0.002931145 0.783475518
1780046299.043449 -10.994623184 0.738723278 48.498710632 0.003400802 -0.621500492 -0.003566316 0.783398330
1780046299.076792 -11.010517120 0.739882052 48.501873016 0.004153240 -0.621699274 -0.003405113 0.783237696
1780046299.110135 -11.026645660 0.739273548 48.506141663 0.003553367 -0.621624768 -0.003328086 0.783299983
1780046299.143478 -11.041944504 0.740040183 48.512474060 0.003324212 -0.621755779 -0.002993278 0.783198416
1780046299.176821 -11.057941437 0.741042614 48.516448975 0.003588116 -0.621688426 -0.002972643 0.783250809
1780046299.210164 -11.073400497 0.739899516 48.518791199 0.004038559 -0.621760726 -0.002768808 0.783191919
1780046299.243506 -11.089477539 0.741015255 48.520751953 0.004300024 -0.621707737 -0.003001855 0.783231854
1780046299.276849 -11.105659485 0.741353750 48.523792267 0.004471219 -0.621292055 -0.003019916 0.783560514
1780046299.310193 -11.122985840 0.740950465 48.527397156 0.004081905 -0.621073484 -0.003207464 0.783735156
1780046299.343535 -11.136917114 0.739527643 48.532806396 0.003920497 -0.621662915 -0.003348858 0.783267975
1780046299.376879 -11.154176712 0.738734126 48.535835266 0.003877130 -0.621562600 -0.003334728 0.783347845
1780046299.410222 -11.171876907 0.741661251 48.536441803 0.004705588 -0.621135414 -0.003206792 0.783682585
1780046299.443565 -11.186424255 0.741848111 48.540992737 0.004471072 -0.621110916 -0.002715616 0.783705294
1780046299.476908 -11.202581406 0.742400944 48.546417236 0.004422851 -0.621578336 -0.002651934 0.783335090
1780046299.510251 -11.218790054 0.741776466 48.549041748 0.004908276 -0.621527672 -0.002778570 0.783371866
1780046299.543594 -11.233833313 0.741206646 48.552177429 0.004891438 -0.621545613 -0.002622247 0.783358335
1780046299.576937 -11.248117447 0.742134273 48.555324554 0.005260511 -0.621555865 -0.002292593 0.783348858
1780046299.610278 -11.263248444 0.740954161 48.556751251 0.004952484 -0.621056497 -0.002682779 0.783745587
1780046299.643619 -11.280126572 0.740889788 48.559463501 0.004965909 -0.621008158 -0.002507711 0.783784389
1780046299.676959 -11.295854568 0.741949439 48.562110901 0.005698429 -0.621202052 -0.002751269 0.783624887
1780046299.710300 -11.310083389 0.741538048 48.566566467 0.005623884 -0.621589601 -0.002475371 0.783319056
1780046299.743641 -11.327831268 0.739755452 48.569473267 0.005128499 -0.621378779 -0.002099004 0.783490777
1780046299.776982 -11.342956543 0.742520809 48.573577881 0.006051060 -0.621823251 -0.001184893 0.783133388
1780046299.810323 -11.359231949 0.740770340 48.579231262 0.005745282 -0.621882975 -0.000491429 0.783088923
1780046299.843664 -11.374814987 0.741579294 48.578346252 0.006176948 -0.620998323 -0.000605951 0.783787310
1780046299.877005 -11.389419556 0.738644361 48.586841583 0.005624050 -0.622109234 -0.000373283 0.782910168
1780046299.910346 -11.407201767 0.740975559 48.588535309 0.005894812 -0.622185469 -0.000247076 0.782847643
1780046299.943687 -11.419767380 0.739777684 48.592754364 0.005850698 -0.622047424 0.000037146 0.782957792
1780046299.977028 -11.436891556 0.741749048 48.595462799 0.006115135 -0.621866226 0.000262492 0.783099651
1780046300.010369 -11.453037262 0.741258860 48.598190308 0.005849947 -0.621989906 0.000438365 0.783003330
1780046300.043710 -11.468128204 0.742040157 48.603096008 0.005655318 -0.622193456 0.000677137 0.782842815
1780046300.077050 -11.483350754 0.740675986 48.608047485 0.005200724 -0.622050047 0.001198953 0.782959282
1780046300.110391 -11.500289917 0.740852594 48.613975525 0.005319772 -0.622285545 0.001852945 0.782770157
1780046300.143731 -11.517738342 0.740368009 48.613391876 0.005843211 -0.621773124 0.000886278 0.783175170
1780046300.177073 -11.534484863 0.739430666 48.614356995 0.005351955 -0.621679962 0.000165922 0.783253074
1780046300.210413 -11.549041748 0.742423117 48.618232727 0.005541743 -0.621758223 0.000993473 0.783188999
1780046300.243754 -11.565450668 0.740441024 48.623802185 0.005466843 -0.621978164 0.000988306 0.783014894
1780046300.277095 -11.578859329 0.741362691 48.625644684 0.005981669 -0.621511579 0.001041647 0.783381462
1780046300.310436 -11.596475601 0.739009321 48.628089905 0.005312331 -0.621109843 0.000694722 0.783705235
1780046300.343777 -11.612129211 0.739888370 48.628684998 0.005862875 -0.620826483 0.000651321 0.783925891
1780046300.377118 -11.627021790 0.742615163 48.637962341 0.005667824 -0.621813238 0.001301103 0.783144057
1780046300.410459 -11.641103745 0.742303133 48.642940521 0.005317937 -0.621792436 0.001469137 0.783162653
1780046300.443799 -11.659465790 0.741109967 48.643753052 0.005068663 -0.621585548 0.001099079 0.783329129
1780046300.477140 -11.673080444 0.742881536 48.643672943 0.005189213 -0.621176600 0.001023802 0.783652842
1780046300.510481 -11.688453674 0.742571831 48.645706177 0.005485572 -0.620666683 0.001077259 0.784054637
1780046300.543822 -11.702621460 0.742700458 48.650325775 0.005590802 -0.620708227 0.001471852 0.784020305
1780046300.577162 -11.719959259 0.743241310 48.654884338 0.005612626 -0.621010065 0.001588557 0.783780932
1780046300.610503 -11.738147736 0.741394281 48.657127380 0.006014828 -0.621194005 0.001778331 0.783631742
1780046300.643844 -11.752225876 0.741289616 48.664115906 0.005962076 -0.621467352 0.002286337 0.783414066
1780046300.677185 -11.767898560 0.740608156 48.667385101 0.005750558 -0.621176243 0.001840334 0.783647716
1780046300.710526 -11.783008575 0.738985598 48.670120239 0.006132273 -0.621353269 0.001745190 0.783504665
1780046300.743867 -11.800817490 0.740609229 48.673221588 0.006589940 -0.621462226 0.002126777 0.783413529
1780046300.777208 -11.815610886 0.740053713 48.677001953 0.006818764 -0.621454537 0.002406518 0.783416927
1780046300.810549 -11.831298828 0.741010427 48.680992126 0.006858876 -0.621097386 0.002651553 0.783698976
1780046300.843890 -11.847534180 0.740606248 48.683715820 0.006447212 -0.621342778 0.001819339 0.783510327
1780046300.877231 -11.865795135 0.740487099 48.685565948 0.006666780 -0.621852934 0.001420955 0.783104360
1780046300.910572 -11.881029129 0.739805520 48.689445496 0.006280332 -0.621851981 0.001438865 0.783108294
1780046300.943913 -11.898565292 0.739383757 48.693847656 0.006061682 -0.621641695 0.001474645 0.783276975
1780046300.977254 -11.914077759 0.740130365 48.696861267 0.007280032 -0.621721029 0.002116009 0.783202171
1780046301.010594 -11.930904388 0.741103768 48.698684692 0.007911256 -0.621923327 0.001856216 0.783035994
1780046301.043935 -11.945180893 0.739737213 48.702354431 0.007493433 -0.621990681 0.001509152 0.782987416
1780046301.077276 -11.962291718 0.740205050 48.705917358 0.007520840 -0.621923804 0.001734954 0.783039749
1780046301.110617 -11.977762222 0.741702557 48.709728241 0.007496895 -0.621841788 0.002137879 0.783104062
1780046301.143958 -11.993028641 0.740919769 48.712005615 0.007385350 -0.621787429 0.001854567 0.783149123
1780046301.177299 -12.010360718 0.741192460 48.714458466 0.007603275 -0.621814013 0.001836924 0.783125937
1780046301.210640 -12.026866913 0.741720676 48.718002319 0.007259481 -0.621795058 0.001658697 0.783144653
1780046301.243981 -12.043928146 0.742031932 48.721069336 0.007263020 -0.621818542 0.001579629 0.783126175
1780046301.277322 -12.058820724 0.741971850 48.724994659 0.007428025 -0.621820211 0.001673896 0.783123076
1780046301.310663 -12.074253082 0.741963387 48.729701996 0.007321442 -0.622153759 0.002003490 0.782858312
1780046301.344004 -12.090991974 0.741456509 48.731815338 0.007303696 -0.622168720 0.001487295 0.782847762
1780046301.377345 -12.108028412 0.741902471 48.734718323 0.007576839 -0.621846795 0.001905025 0.783100009
1780046301.410686 -12.123672485 0.742483735 48.739891052 0.006972640 -0.621997178 0.001883772 0.782986224
1780046301.444026 -12.139474869 0.743006766 48.743881226 0.006116420 -0.622478843 0.001688131 0.782610953
1780046301.477367 -12.155885696 0.741393685 48.746910095 0.006050005 -0.622532248 0.001718687 0.782568932
1780046301.510708 -12.172662735 0.741568625 48.749671936 0.005488837 -0.622103035 0.001491704 0.782914698
1780046301.544049 -12.187469482 0.741147876 48.753303528 0.005323139 -0.622193456 0.001633510 0.782843828
1780046301.577390 -12.205972672 0.742954612 48.758071899 0.005534622 -0.622560084 0.001726368 0.782550573
1780046301.610731 -12.222242355 0.742407143 48.761589050 0.005137982 -0.622631311 0.001588589 0.782496870
1780046301.644072 -12.238456726 0.743887901 48.766365051 0.005016905 -0.622393250 0.001873822 0.782686412
1780046301.677413 -12.256118774 0.743728101 48.768806458 0.005256048 -0.622155547 0.001787653 0.782873988
1780046301.710754 -12.271236420 0.743595779 48.773353577 0.004947352 -0.622412264 0.001418999 0.782672644
1780046301.744095 -12.287343979 0.742842495 48.775577545 0.005326872 -0.622345567 0.001598220 0.782722890
1780046301.777436 -12.303796768 0.743944407 48.779880524 0.005216029 -0.622296751 0.001496067 0.782762706
1780046301.810776 -12.320013046 0.743771195 48.782623291 0.005329998 -0.622060657 0.001483509 0.782949507
1780046301.844117 -12.336486816 0.743932009 48.785575867 0.005647451 -0.621960759 0.001461762 0.783026755
1780046301.877458 -12.351844788 0.744080782 48.789619446 0.005671658 -0.621944249 0.001512675 0.783039570
1780046301.910798 -12.367593765 0.743481278 48.792778015 0.005716188 -0.621774852 0.001394870 0.783173978
1780046301.944139 -12.383207321 0.742496729 48.795467377 0.006029658 -0.621927857 0.001296221 0.783050299
1780046301.977479 -12.397962570 0.743033290 48.799819946 0.005870714 -0.622126102 0.001364326 0.782893896
1780046302.010820 -12.414201736 0.742360592 48.803253174 0.005851853 -0.622044742 0.001426496 0.782958567
1780046302.044161 -12.429090500 0.742073298 48.806743622 0.005889584 -0.622010291 0.001698511 0.782985151
1780046302.077502 -12.445592880 0.741723537 48.809333801 0.005886314 -0.621910632 0.001736956 0.783064246
1780046302.110843 -12.460859299 0.741689265 48.813163757 0.006107591 -0.621807277 0.001503907 0.783145070
1780046302.144184 -12.478488922 0.742315352 48.815620422 0.006523920 -0.621898174 0.001424449 0.783069611
1780046302.177524 -12.494966507 0.741845429 48.818664551 0.006246935 -0.622163653 0.001071632 0.782861590
1780046302.210865 -12.511697769 0.741765141 48.821487427 0.006417892 -0.621872544 0.001124371 0.783091366
1780046302.244206 -12.524436951 0.742054820 48.825855255 0.006977448 -0.622067869 0.001709830 0.782930434
1780046302.277547 -12.542186737 0.741617918 48.825828552 0.007437139 -0.621705532 0.000981928 0.783215165
1780046302.310888 -12.557889938 0.740455091 48.828430176 0.007614008 -0.621985555 0.000831318 0.782991350
1780046302.344228 -12.573148727 0.741133392 48.832786560 0.007852956 -0.621998370 0.001187690 0.782978356
1780046302.377568 -12.589159012 0.742223740 48.837036133 0.007963528 -0.621797740 0.001254481 0.783136427
1780046302.410909 -12.606246948 0.742386639 48.837699890 0.008259863 -0.621712863 0.001098504 0.783200920
1780046302.444250 -12.621488571 0.741591215 48.843544006 0.007853989 -0.622284114 0.001247937 0.782751143
1780046302.477590 -12.639402390 0.741215587 48.845802307 0.007570324 -0.622424543 0.000467193 0.782643139
1780046302.510931 -12.654294968 0.740321755 48.848381042 0.008015549 -0.622220039 0.000459444 0.782801270
1780046302.544272 -12.670564651 0.742968440 48.851562500 0.008476412 -0.622326195 0.001171432 0.782711267
1780046302.577613 -12.684591293 0.742339134 48.854766846 0.008179292 -0.622232378 0.000747166 0.782789469
1780046302.610953 -12.701324463 0.741813064 48.857849121 0.007924817 -0.622289598 0.000695416 0.782746673
1780046302.644295 -12.714424133 0.743032098 48.861351013 0.007692489 -0.622371793 0.000987067 0.782683372
1780046302.677635 -12.730436325 0.742642701 48.864990234 0.007321677 -0.622394323 0.000933216 0.782669067
1780046302.710976 -12.745248795 0.744164526 48.869224548 0.007088079 -0.622443199 0.000781901 0.782632530
1780046302.744317 -12.760744095 0.744320989 48.872695923 0.007187121 -0.622466445 0.000887428 0.782612979
1780046302.777658 -12.774879456 0.743273973 48.876670837 0.006929621 -0.622683108 0.000631408 0.782443225
1780046302.810998 -12.793247223 0.742785573 48.879264832 0.006752374 -0.622651875 0.000271148 0.782469809
1780046302.844339 -12.808408737 0.743366599 48.884876251 0.006203063 -0.622734249 0.000286672 0.782408834
1780046302.877680 -12.823884964 0.744196892 48.885280609 0.006259060 -0.622458398 0.000055608 0.782627940
1780046302.911021 -12.839473724 0.744297564 48.889755249 0.006018233 -0.622443199 -0.000154858 0.782641828
1780046302.944362 -12.856899261 0.743760347 48.895099640 0.006006857 -0.622706711 -0.000085424 0.782432318
1780046302.977703 -12.871595383 0.743682027 48.898036957 0.005653585 -0.622716844 -0.000007514 0.782426953
1780046303.011044 -12.888748169 0.743793011 48.903335571 0.005482514 -0.622983992 0.000255319 0.782215416
1780046303.044384 -12.905326843 0.742561579 48.907569885 0.005155363 -0.622992873 -0.000145556 0.782210588
1780046303.077725 -12.921947479 0.743102431 48.907867432 0.005385506 -0.622505844 -0.000490198 0.782596469
1780046303.111066 -12.937921524 0.744232178 48.913166046 0.004918055 -0.622674048 -0.000468531 0.782465756
1780046303.144407 -12.953462601 0.745363355 48.914970398 0.004908167 -0.622457027 -0.000289847 0.782638550
1780046303.177748 -12.970182419 0.746375024 48.919246674 0.004809830 -0.622726440 0.000151175 0.782424867
1780046303.211089 -12.987783432 0.744694591 48.924018860 0.004430491 -0.622816205 -0.000377014 0.782355547
1780046303.244428 -13.004230499 0.745175064 48.930248260 0.004134378 -0.622938514 -0.000084678 0.782259881
1780046303.277769 -13.018400192 0.746072769 48.933998108 0.004458643 -0.622787595 0.000093286 0.782378316
1780046303.311110 -13.035129547 0.743919015 48.937942505 0.004310685 -0.622885644 -0.000160301 0.782301068
1780046303.344451 -13.052267075 0.746669054 48.942653656 0.004675279 -0.623030066 0.000206550 0.782183945
1780046303.377792 -13.067327499 0.745782554 48.944034576 0.004766829 -0.622842431 0.000091808 0.782332838
1780046303.411133 -13.083320618 0.745528460 48.949905396 0.004138405 -0.622940660 0.000339714 0.782258153
1780046303.444474 -13.098674774 0.747645855 48.952453613 0.004507802 -0.622582316 0.001034144 0.782540679
1780046303.477814 -13.115169525 0.748521805 48.956535339 0.004170953 -0.622532189 0.001019409 0.782582462
1780046303.511155 -13.130325317 0.747971356 48.959732056 0.004143252 -0.622550428 0.000879316 0.782568276
1780046303.544496 -13.146501541 0.746245861 48.962314606 0.004074844 -0.622625232 0.000764509 0.782509208
1780046303.577837 -13.162162781 0.747705460 48.967128754 0.003695716 -0.622796893 0.000872171 0.782374382
1780046303.611177 -13.177412033 0.748742700 48.970523834 0.004223925 -0.622651160 0.001536635 0.782486618
1780046303.644519 -13.192731857 0.748630643 48.974895477 0.003903051 -0.622686028 0.001508845 0.782460630
1780046303.677858 -13.209684372 0.749172270 48.978591919 0.004301614 -0.623002708 0.001530445 0.782206416
1780046303.711199 -13.224334717 0.747435570 48.980003357 0.004845775 -0.623034060 0.001438416 0.782178462
1780046303.744540 -13.241647720 0.748168707 48.984268188 0.004788845 -0.623047173 0.001141337 0.782168746
1780046303.777881 -13.257169724 0.747425795 48.988822937 0.004421406 -0.623103142 0.000555993 0.782126904
1780046303.811221 -13.274536133 0.746893644 48.990856171 0.004974850 -0.623048067 0.000690146 0.782167494
1780046303.844562 -13.289560318 0.747077823 48.994525909 0.005060655 -0.623236358 0.000366873 0.782017112
1780046303.877903 -13.305969238 0.744663358 48.996292114 0.004916206 -0.623428047 -0.000031626 0.781865299
1780046303.911244 -13.324304581 0.744790673 48.998214722 0.005169592 -0.623262465 -0.000057268 0.781995654
1780046303.944585 -13.340154648 0.745365441 49.002288818 0.005414949 -0.623276949 0.000242223 0.781982481
1780046303.977926 -13.354974747 0.745293498 49.007026672 0.005524796 -0.623656034 0.000595046 0.781679213
1780046304.011267 -13.372716904 0.748278975 49.009651184 0.005786632 -0.623766541 0.001122404 0.781588554
1780046304.044607 -13.387992859 0.748795748 49.012340546 0.005884016 -0.624427378 0.001211666 0.781059802
1780046304.077948 -13.405780792 0.746599436 49.013938904 0.005441533 -0.625336230 0.000811395 0.780336022
1780046304.111288 -13.421867371 0.747080266 49.016586304 0.005011382 -0.626055002 0.000589326 0.779762626
1780046304.144629 -13.437837601 0.746344686 49.020946503 0.004444662 -0.626479924 0.000387000 0.779424846
1780046304.177969 -13.454418182 0.745601118 49.022796631 0.004691829 -0.627202213 0.000290491 0.778842330
1780046304.211310 -13.472957611 0.745039105 49.024909973 0.004877109 -0.627972424 0.000134498 0.778220236
1780046304.244651 -13.490112305 0.743835628 49.026679993 0.004521288 -0.628522217 -0.000010992 0.777778506
1780046304.277992 -13.505226135 0.746743381 49.031585693 0.005137828 -0.629525483 0.001544212 0.776961386
1780046304.311332 -13.520488739 0.745410442 49.032447815 0.004882333 -0.629725516 0.001069294 0.776801705
1780046304.344673 -13.536334991 0.746952295 49.037235260 0.004446103 -0.630715847 0.001074868 0.776000381
1780046304.378014 -13.554048538 0.746296525 49.038619995 0.004785203 -0.631565571 0.000805296 0.775307357
1780046304.411355 -13.568233490 0.745420337 49.043754578 0.004378586 -0.632579565 0.000915791 0.774482489
1780046304.444695 -13.585914612 0.745490551 49.043907166 0.004766064 -0.632998765 0.000739731 0.774137795
1780046304.478036 -13.604318619 0.746840715 49.046737671 0.004658578 -0.633354962 0.000693766 0.773847163
1780046304.511377 -13.619642258 0.747248232 49.051635742 0.004253886 -0.633749545 0.000710024 0.773526371
1780046304.544718 -13.636095047 0.746264100 49.054409027 0.004142537 -0.633963048 0.000420992 0.773352146
1780046304.578057 -13.653232574 0.747837245 49.053813934 0.005078377 -0.633635879 0.000658477 0.773614585
1780046304.611398 -13.669626236 0.748980522 49.058395386 0.004348049 -0.633905232 0.000382377 0.773398399
1780046304.644739 -13.687702179 0.748952746 49.061889648 0.004274225 -0.634056449 -0.000267211 0.773274899
1780046304.678080 -13.702392578 0.748467922 49.066192627 0.003720757 -0.634122908 -0.000286233 0.773223281
1780046304.711421 -13.718645096 0.748498440 49.070278168 0.003406958 -0.634343207 -0.000205684 0.773044109
1780046304.744761 -13.735176086 0.749598324 49.074356079 0.003161024 -0.634539366 -0.000129499 0.772884130
1780046304.778102 -13.751949310 0.748571396 49.075229645 0.003227651 -0.634093940 0.000053298 0.773249269
1780046304.811443 -13.767692566 0.747730315 49.076950073 0.003443021 -0.633663237 0.000058840 0.773601472
1780046304.844784 -13.784666061 0.748098969 49.080963135 0.003347544 -0.633917153 -0.000096311 0.773393750
1780046304.878125 -13.801879883 0.749173641 49.083568573 0.003518667 -0.633907557 0.000168304 0.773400903
1780046304.911466 -13.816234589 0.749704838 49.088115692 0.003658702 -0.633836389 0.000745322 0.773458183
1780046304.944807 -13.833370209 0.749894857 49.090476990 0.003328591 -0.633775830 0.000611721 0.773509383
1780046304.978148 -13.848970413 0.748993933 49.094512939 0.003342994 -0.634398341 0.000875495 0.772998631
1780046305.011487 -13.864595413 0.750812829 49.096240997 0.003807006 -0.635312319 0.001300218 0.772244930
1780046305.044828 -13.881734848 0.750174403 49.098518372 0.003165649 -0.636436403 0.000745209 0.771322250
1780046305.078168 -13.899997711 0.750717819 49.098075867 0.003405927 -0.637807667 0.000607893 0.770187974
1780046305.111509 -13.914979935 0.750508785 49.099155426 0.003349270 -0.639695585 0.000763168 0.768620789
1780046305.144850 -13.932060242 0.751485288 49.103240967 0.003075649 -0.641121149 0.001408350 0.767432272
1780046305.178191 -13.947298050 0.749947250 49.102989197 0.003257657 -0.642006934 0.001032944 0.766691267
1780046305.211532 -13.963460922 0.750181317 49.102294922 0.003979816 -0.643494904 0.000992496 0.765439451
1780046305.244873 -13.978916168 0.749260008 49.102912903 0.004434146 -0.645493329 0.000649192 0.763752759
1780046305.278213 -13.995977402 0.748141527 49.104949951 0.003991343 -0.646938503 0.000552939 0.762531638
1780046305.311554 -14.011478424 0.748754025 49.107311249 0.004346818 -0.648097634 0.001292210 0.761543810
1780046305.344894 -14.030248642 0.749788940 49.108024597 0.004569774 -0.649192154 0.001138722 0.760609925
1780046305.378235 -14.047914505 0.748898983 49.106994629 0.004861975 -0.649947643 0.000683721 0.759963214
1780046305.411576 -14.063867569 0.750401020 49.111080170 0.005040566 -0.650064468 0.001031469 0.759861648
1780046305.444916 -14.079864502 0.748953998 49.113197327 0.005140605 -0.649957120 0.001042796 0.759952843
1780046305.478256 -14.096513748 0.750456750 49.115364075 0.005485990 -0.650107145 0.001545683 0.759821177
1780046305.511597 -14.113983154 0.749853730 49.116539001 0.005214555 -0.650091410 0.001089003 0.759837389
1780046305.544938 -14.130037308 0.750731587 49.117683411 0.005484709 -0.650057971 0.000868973 0.759864390
1780046305.578279 -14.146217346 0.750625730 49.118457794 0.005837752 -0.650189281 0.000928250 0.759749293
1780046305.611620 -14.163417816 0.749100685 49.121788025 0.004749412 -0.650400817 0.000551930 0.759576201
1780046305.644961 -14.180210114 0.748580456 49.123039246 0.004822195 -0.650130212 0.000608239 0.759807348
1780046305.678302 -14.196752548 0.750314474 49.125747681 0.005249283 -0.650256157 0.001176981 0.759696066
1780046305.711643 -14.214349747 0.750174522 49.129051208 0.004551747 -0.650340199 0.000923449 0.759628892
1780046305.744985 -14.228765488 0.750084639 49.130233765 0.004842607 -0.650324225 0.001275440 0.759640336
1780046305.778326 -14.243326187 0.749187112 49.135253906 0.005001983 -0.650361776 0.001685371 0.759606361
1780046305.811667 -14.259387970 0.750057101 49.136657715 0.005038090 -0.650709867 0.001567793 0.759308159
1780046305.845009 -14.276000977 0.749756455 49.138870239 0.004759324 -0.651651680 0.001300097 0.758502424
1780046305.878350 -14.290792465 0.751480877 49.139923096 0.005008822 -0.652303755 0.001688784 0.757939279
1780046305.911690 -14.308933258 0.749226451 49.139617920 0.004706126 -0.652785182 0.001202542 0.757527590
1780046305.945032 -14.324216843 0.749304414 49.142211914 0.004801746 -0.654264569 0.001296379 0.756249487
1780046305.978373 -14.343641281 0.749892354 49.140861511 0.004811615 -0.655607402 0.001010893 0.755085945
1780046306.011714 -14.359107971 0.750117064 49.143432617 0.004735752 -0.657313466 0.001292148 0.753601313
1780046306.045055 -14.375753403 0.751389861 49.144180298 0.004943792 -0.658298552 0.001609303 0.752738953
1780046306.078397 -14.391643524 0.750699639 49.145095825 0.004746604 -0.659757376 0.001720312 0.751461804
1780046306.111738 -14.409414291 0.750166476 49.145751953 0.004589128 -0.661019504 0.001519145 0.750353217
1780046306.145079 -14.424800873 0.749289989 49.147323608 0.004998455 -0.661867142 0.001965439 0.749601960
1780046306.178420 -14.441087723 0.750966012 49.149375916 0.004970238 -0.661845863 0.002144485 0.749620438
1780046306.211762 -14.457834244 0.750896335 49.151245117 0.004810369 -0.661701024 0.002234876 0.749749124
1780046306.245103 -14.474487305 0.751069069 49.152477264 0.004578444 -0.661593795 0.002368461 0.749844790
1780046306.278444 -14.490762711 0.750461698 49.153453827 0.004575748 -0.661726594 0.002143995 0.749728322
1780046306.311786 -14.505847931 0.750982761 49.155597687 0.004493353 -0.662041306 0.002120082 0.749450922
1780046306.345126 -14.521825790 0.750780165 49.158554077 0.004401271 -0.661950827 0.002598724 0.749529898
1780046306.378467 -14.537317276 0.748982787 49.160064697 0.004459407 -0.661781609 0.002440342 0.749679506
1780046306.411808 -14.556058884 0.751196921 49.162277222 0.004964971 -0.662718236 0.003305772 0.748845220
1780046306.445150 -14.572381973 0.752555966 49.161518097 0.005526562 -0.663434088 0.003437199 0.748206496
1780046306.478491 -14.588928223 0.751541436 49.162105560 0.005613938 -0.664811373 0.003208487 0.746983290
1780046306.511832 -14.606685638 0.751049459 49.164474487 0.005017701 -0.665790737 0.003153072 0.746115088
1780046306.545174 -14.622133255 0.751798093 49.166107178 0.005483327 -0.666949272 0.003437583 0.745075047
1780046306.578515 -14.639326096 0.751863599 49.165245056 0.005194895 -0.667986453 0.003344255 0.744147778
1780046306.611856 -14.656570435 0.751891136 49.165695190 0.004664968 -0.669207990 0.002869948 0.743054986
1780046306.645197 -14.674880981 0.751280725 49.166481018 0.004755456 -0.669961274 0.003033889 0.742374659
1780046306.678539 -14.691593170 0.750099599 49.164527893 0.004892344 -0.670206606 0.002713734 0.742153585
1780046306.711880 -14.706138611 0.749064088 49.166847229 0.005370377 -0.670863509 0.002976401 0.741555452
1780046306.745222 -14.720792770 0.749613285 49.169094086 0.005671171 -0.670778692 0.003393663 0.741628230
1780046306.778562 -14.738176346 0.750681221 49.170543671 0.005835285 -0.670662105 0.003308548 0.741732717
1780046306.811904 -14.754478455 0.752070129 49.170108795 0.005894561 -0.670753062 0.003194402 0.741650462
1780046306.845245 -14.769681931 0.750466883 49.170593262 0.006249777 -0.670882940 0.003099427 0.741530538
1780046306.878587 -14.784524918 0.750105619 49.171264648 0.006133860 -0.670617461 0.002686893 0.741773129
1780046306.911928 -14.801090240 0.751058698 49.172752380 0.006293955 -0.670723855 0.002682104 0.741675615
1780046306.945269 -14.817537308 0.751439512 49.174522400 0.006282834 -0.670677722 0.002864345 0.741716802
1780046306.978611 -14.835748672 0.751107216 49.175331116 0.006585041 -0.670794666 0.002865985 0.741608441
1780046307.011952 -14.849348068 0.749137640 49.177520752 0.006527175 -0.670752883 0.003014644 0.741646171
1780046307.045294 -14.866849899 0.751483560 49.179576874 0.006753985 -0.670493662 0.003272311 0.741877377
1780046307.078635 -14.882810593 0.751350760 49.181213379 0.006771087 -0.670738101 0.003182316 0.741656601
1780046307.111977 -14.899387360 0.750003278 49.179473877 0.007651102 -0.671082497 0.002706277 0.741338253
1780046307.145318 -14.917140961 0.751439869 49.181232452 0.007041283 -0.670972049 0.002650554 0.741444468
1780046307.178659 -14.932697296 0.751618028 49.184745789 0.006443405 -0.670943558 0.002779410 0.741475224
1780046307.212001 -14.947677612 0.749315679 49.185600281 0.006608902 -0.670735300 0.002648829 0.741662681
1780046307.245341 -14.965728760 0.750696540 49.185585022 0.006624436 -0.670817792 0.002056704 0.741589844
1780046307.278683 -14.982866287 0.750878453 49.185947418 0.007101146 -0.671039701 0.001892841 0.741384983
1780046307.312024 -14.999151230 0.751944900 49.188140869 0.006725037 -0.671121359 0.002106332 0.741314054
1780046307.345366 -15.017042160 0.751461804 49.190635681 0.006260652 -0.670957029 0.002230541 0.741466463
1780046307.378707 -15.031356812 0.751837134 49.193367004 0.006537876 -0.670882046 0.002883443 0.741529703
1780046307.412049 -15.048254013 0.751007199 49.192893982 0.006580188 -0.670994103 0.002243248 0.741430163
1780046307.445390 -15.066865921 0.752525687 49.192913055 0.006586983 -0.671129584 0.002273208 0.741307437
1780046307.478731 -15.082035065 0.752943933 49.195777893 0.006357555 -0.671013832 0.002466992 0.741413474
1780046307.512073 -15.097414017 0.753254592 49.198303223 0.006240235 -0.670956135 0.002500871 0.741466582
1780046307.545414 -15.111175537 0.752622783 49.200122833 0.005893614 -0.671169639 0.002922920 0.741274714
1780046307.578755 -15.128316879 0.753735900 49.202033997 0.006002318 -0.671039999 0.003245475 0.741389751
1780046307.612148 -15.144464493 0.752112567 49.203033447 0.006106311 -0.670766830 0.003177639 0.741636395
1780046307.645568 -15.162080765 0.752497971 49.203704834 0.005666097 -0.670884728 0.002971935 0.741534054
1780046307.678988 -15.179742813 0.752437651 49.205970764 0.005186758 -0.671224296 0.002722098 0.741231203
1780046307.712409 -15.195878983 0.753040612 49.208793640 0.005093774 -0.671165884 0.003442721 0.741281688
1780046307.745830 -15.212924957 0.751241207 49.209960938 0.004788915 -0.670743644 0.003194633 0.741667032
1780046307.779252 -15.229810715 0.751046658 49.210762024 0.004986628 -0.670788586 0.003254239 0.741624713
1780046307.812675 -15.246444702 0.752413452 49.212867737 0.004984163 -0.671175420 0.003562761 0.741273224
1780046307.846097 -15.261775970 0.751910508 49.215599060 0.004717333 -0.671312928 0.003985025 0.741148293
1780046307.879521 -15.276683807 0.752641082 49.218429565 0.004713505 -0.670974195 0.004447941 0.741452396
1780046307.912945 -15.292312622 0.752284169 49.219711304 0.004831567 -0.670780718 0.004368346 0.741627157
1780046307.946370 -15.308597565 0.751604497 49.221199036 0.005172736 -0.671042323 0.004143480 0.741389453
1780046307.979795 -15.325366974 0.751890659 49.222663879 0.005420618 -0.671058953 0.004424086 0.741370976
1780046308.013221 -15.342102051 0.753261387 49.224151611 0.005197382 -0.670923352 0.004266093 0.741496205
1780046308.046646 -15.358949661 0.752061427 49.225852966 0.004950474 -0.670682430 0.004182148 0.741716385
1780046308.080073 -15.372665405 0.751754403 49.227783203 0.005162888 -0.670942664 0.004437594 0.741478026
1780046308.113499 -15.391016006 0.752758324 49.227066040 0.005580427 -0.670640945 0.004334904 0.741748512
1780046308.146926 -15.406785965 0.751206517 49.228466034 0.005269946 -0.670724988 0.004362783 0.741674662
1780046308.180355 -15.421125412 0.752184987 49.232452393 0.004992283 -0.670867324 0.004876586 0.741544664
1780046308.213783 -15.439043045 0.752176762 49.233833313 0.005110736 -0.670908809 0.004607031 0.741508067
1780046308.247212 -15.454061508 0.751532197 49.234218597 0.005271120 -0.670851588 0.004682960 0.741558194
1780046308.280642 -15.470708847 0.752559602 49.235366821 0.005281654 -0.671063423 0.004386695 0.741368294
1780046308.314072 -15.488126755 0.753354788 49.237384796 0.005160674 -0.671031713 0.004739326 0.741395593
1780046308.347502 -15.505504608 0.752114236 49.237319946 0.004834685 -0.670682907 0.004231114 0.741716444
1780046308.380934 -15.520387650 0.752960563 49.241004944 0.004779601 -0.671063721 0.004721863 0.741369247
1780046308.414365 -15.535793304 0.751522779 49.241863251 0.004562967 -0.671355486 0.003977404 0.741110861
1780046308.447797 -15.553031921 0.751668572 49.242118835 0.004628727 -0.671465933 0.003827450 0.741011143
1780046308.481230 -15.568553925 0.752342582 49.245326996 0.004618299 -0.671590924 0.004449371 0.740894437
1780046308.514663 -15.584030151 0.751340091 49.245121002 0.004689076 -0.671380281 0.004248760 0.741086066
1780046308.548097 -15.600124359 0.751877666 49.245681763 0.004988648 -0.671536803 0.004112253 0.740943015
1780046308.581530 -15.619039536 0.751883388 49.245914459 0.004654416 -0.671576500 0.003672021 0.740911543
1780046308.614893 -15.636373520 0.751933336 49.247787476 0.004447811 -0.671654940 0.003409683 0.740842938
1780046308.648228 -15.651578903 0.752618670 49.249103546 0.004461461 -0.671967804 0.003461015 0.740558922
1780046308.681562 -15.669628143 0.752985895 49.249641418 0.004080730 -0.672036827 0.003164255 0.740499735
1780046308.714897 -15.686178207 0.753574610 49.252853394 0.004089068 -0.672106743 0.003409118 0.740435123
1780046308.748232 -15.704017639 0.753548145 49.253280640 0.003838476 -0.672043562 0.003351854 0.740494192
1780046308.781566 -15.719743729 0.754696369 49.253829956 0.004091962 -0.672032893 0.003275111 0.740502775
1780046308.814900 -15.735471725 0.754581392 49.255874634 0.004085487 -0.672380626 0.002890207 0.740188777
1780046308.848235 -15.753307343 0.753280759 49.255981445 0.003643946 -0.672249496 0.002348284 0.740311980
1780046308.881569 -15.769428253 0.753782570 49.257537842 0.003473161 -0.672286451 0.002343837 0.740279257
1780046308.914903 -15.785739899 0.753487468 49.259880066 0.003668023 -0.672431588 0.002796634 0.740145028
1780046308.948237 -15.802764893 0.754531026 49.260185242 0.003602630 -0.672129452 0.002635538 0.740420222
1780046308.981571 -15.821359634 0.755826235 49.260944366 0.003894030 -0.672064900 0.002830581 0.740476668
1780046309.014904 -15.835992813 0.755387545 49.263343811 0.003415684 -0.672318995 0.002670027 0.740248919
1780046309.048238 -15.850648880 0.754852235 49.266418457 0.003267170 -0.672469735 0.003105920 0.740110874
1780046309.081572 -15.867832184 0.755176067 49.265808105 0.003279669 -0.672466278 0.002784495 0.740115345
1780046309.114906 -15.885177612 0.754802346 49.267715454 0.003165304 -0.672387540 0.002720839 0.740187526
1780046309.148240 -15.901878357 0.754516244 49.271224976 0.002736894 -0.672577500 0.003142006 0.740014970
1780046309.181573 -15.914684296 0.753069580 49.272804260 0.003130961 -0.672623992 0.003469543 0.739969730
1780046309.214907 -15.930032730 0.753143013 49.275142670 0.002953005 -0.672688782 0.003508359 0.739911377
1780046309.248240 -15.945520401 0.752576232 49.274021149 0.003593322 -0.672510982 0.003532745 0.740069985
1780046309.281574 -15.961698532 0.751223445 49.277751923 0.003246357 -0.672815084 0.003656284 0.739794552
1780046309.314908 -15.980131149 0.753418386 49.278808594 0.003150451 -0.672478378 0.003850634 0.740100086
1780046309.348241 -15.996406555 0.752572477 49.279220581 0.003285897 -0.672572017 0.003764886 0.740014851
1780046309.381574 -16.012855530 0.752837062 49.281127930 0.003069697 -0.672789752 0.003487261 0.739819229
1780046309.414907 -16.028137207 0.752697825 49.282859802 0.003045434 -0.672807217 0.003688030 0.739802480
1780046309.448240 -16.047176361 0.754107535 49.283813477 0.003161826 -0.672439098 0.003794472 0.740136087
1780046309.481573 -16.062591553 0.753082454 49.285102844 0.002970708 -0.672202587 0.003618310 0.740352511
1780046309.514906 -16.079120636 0.753401518 49.285644531 0.003367862 -0.672271073 0.003668056 0.740288377
1780046309.548239 -16.094812393 0.753321171 49.286521912 0.004050946 -0.672164738 0.003904136 0.740380228
1780046309.581572 -16.110641479 0.752347052 49.287631989 0.004608775 -0.672113240 0.004092847 0.740422785
1780046309.614906 -16.124771118 0.751238823 49.287727356 0.004832162 -0.672192812 0.003953575 0.740349889
1780046309.648240 -16.140705109 0.751470089 49.289001465 0.005141534 -0.672453344 0.003575209 0.740113020
1780046309.681573 -16.155202866 0.751821756 49.291320801 0.005504275 -0.672172248 0.003642770 0.740365446
1780046309.714907 -16.169784546 0.750103593 49.290794373 0.006684092 -0.672183752 0.003771196 0.740344644
1780046309.748240 -16.185298920 0.749228835 49.290859222 0.006613090 -0.672684550 0.002947490 0.739894032
1780046309.781574 -16.203022003 0.751528859 49.292030334 0.006415872 -0.672885537 0.003039402 0.739712656
1780046309.814907 -16.221202850 0.753404975 49.295669556 0.005269771 -0.672896743 0.003512512 0.739709318
1780046309.848240 -16.236839294 0.752055168 49.298622131 0.005861011 -0.672116995 0.004412158 0.740408719
1780046309.881573 -16.251155853 0.750264525 49.297176361 0.007589769 -0.671905160 0.004588079 0.740584195
1780046309.914906 -16.268665314 0.750808239 49.296157837 0.008324697 -0.672959983 0.003777005 0.739622414
1780046309.948239 -16.285089493 0.751562297 49.296295166 0.007374967 -0.673244715 0.003394760 0.739375234
1780046309.981572 -16.302246094 0.752066374 49.300666809 0.006825162 -0.672791243 0.004287020 0.739788592
1780046310.014905 -16.318111420 0.750143170 49.304397583 0.006194927 -0.672115088 0.004345500 0.740408063
1780046310.048238 -16.333963394 0.749557912 49.303367615 0.007426259 -0.672253489 0.004370069 0.740270913
1780046310.081571 -16.351758957 0.750876427 49.301368713 0.008248210 -0.673031867 0.003705917 0.739558280
1780046310.114903 -16.367664337 0.751684725 49.304592133 0.007722734 -0.673519254 0.003889960 0.739119112
1780046310.148236 -16.385181427 0.752290189 49.307655334 0.007015415 -0.672867715 0.004233135 0.739717484
1780046310.181569 -16.400588989 0.751652956 49.310497284 0.006277757 -0.672506630 0.004411724 0.740051329
1780046310.214901 -16.416767120 0.751283586 49.309989929 0.007600177 -0.672466993 0.004362394 0.740075231
1780046310.248234 -16.433778763 0.751661658 49.309097290 0.008402399 -0.673310518 0.004068339 0.739300907
1780046310.281566 -16.447734833 0.751702726 49.311592102 0.007842033 -0.673685551 0.003982966 0.738965809
1780046310.314898 -16.464466095 0.752656519 49.315727234 0.006531447 -0.673233390 0.004441334 0.739387929
1780046310.348229 -16.481590271 0.751105070 49.318538666 0.005518192 -0.672651589 0.003969540 0.739928126
1780046310.381562 -16.496646881 0.751449108 49.318256378 0.007020699 -0.672501564 0.003987489 0.740051687
1780046310.414894 -16.514375687 0.750779390 49.315639496 0.007742103 -0.673240185 0.002824408 0.739378035
1780046310.448226 -16.532394409 0.751588404 49.314422607 0.007678035 -0.673538983 0.002212500 0.739108503
1780046310.481558 -16.546905518 0.751323819 49.319160461 0.007687321 -0.673065841 0.003481230 0.739534438
1780046310.514890 -16.563014984 0.750697553 49.322006226 0.007587142 -0.672477245 0.002944571 0.740073085
1780046310.548222 -16.578983307 0.752355993 49.321022034 0.007384498 -0.672189891 0.001445828 0.740340531
1780046310.581553 -16.597122192 0.752968788 49.319030762 0.008467109 -0.672735929 0.001310715 0.739833117
1780046310.614888 -16.611761093 0.752849340 49.320980072 0.007589999 -0.673083425 0.001365054 0.739526331
1780046310.648222 -16.629312515 0.753374577 49.325057983 0.006108524 -0.673097432 0.002697310 0.739523709
1780046310.681556 -16.645317078 0.755165815 49.331192017 0.004244828 -0.672327518 0.002577582 0.740237176
1780046310.714889 -16.662977219 0.754289031 49.331027985 0.004143897 -0.671665072 0.001092464 0.740842581
1780046310.748223 -16.679182053 0.753456712 49.329677582 0.005426431 -0.672351003 0.000818446 0.740212262
1780046310.781556 -16.697099686 0.755876899 49.332069397 0.004575515 -0.673225284 0.001525123 0.739421785
1780046310.814888 -16.712728500 0.755950928 49.336517334 0.003933038 -0.672921777 0.002893331 0.739697576
1780046310.848222 -16.729486465 0.755949795 49.338489532 0.002894566 -0.672161400 0.002226922 0.740395665
1780046310.881555 -16.747989655 0.755479634 49.337532043 0.002884880 -0.672066569 0.000447660 0.740485072
1780046310.914888 -16.761108398 0.754965663 49.338180542 0.003864195 -0.673006654 0.000642156 0.739626050
1780046310.948221 -16.781028748 0.755880654 49.338409424 0.003801024 -0.673027575 0.001082778 0.739606917
1780046310.981554 -16.798200607 0.757103562 49.342842102 0.003630541 -0.672826529 0.002779985 0.739786148
1780046311.014887 -16.813501358 0.755969882 49.345870972 0.003153916 -0.672382176 0.002327849 0.740193784
1780046311.048220 -16.829730988 0.756527662 49.346328735 0.002816881 -0.672176063 0.000909165 0.740385532
1780046311.081553 -16.844913483 0.756002665 49.346347809 0.003861548 -0.672562301 0.001082205 0.740029693
1780046311.114886 -16.862575531 0.756490827 49.345508575 0.003833465 -0.672712326 0.001543490 0.739892602
1780046311.148218 -16.879482269 0.755857587 49.349906921 0.003621171 -0.672688782 0.002792312 0.739911437
1780046311.181551 -16.893341064 0.756453097 49.353279114 0.003505114 -0.672263980 0.003230128 0.740296245
1780046311.214883 -16.909687042 0.755617142 49.352447510 0.003294168 -0.671805084 0.001542274 0.740719140
1780046311.248214 -16.925390244 0.755575597 49.352256775 0.004944195 -0.672289848 0.001886605 0.740269184
1780046311.281547 -16.941648483 0.755504906 49.351852417 0.004769579 -0.672574520 0.001608133 0.740012288
1780046311.314879 -16.956724167 0.756172955 49.355758667 0.003984934 -0.671882093 0.001954121 0.740644932
1780046311.348211 -16.973499298 0.752919853 49.358390808 0.003363516 -0.671747923 0.001211402 0.740771234
1780046311.381544 -16.991146088 0.754888773 49.356163025 0.004482785 -0.671652853 0.001444920 0.740851164
1780046311.414876 -17.006397247 0.754349709 49.357570648 0.005038897 -0.672359169 0.001716077 0.740206003
1780046311.448208 -17.020898819 0.754023671 49.361335754 0.005120466 -0.672504067 0.002686500 0.740070879
1780046311.481540 -17.037563324 0.754631400 49.359825134 0.005481797 -0.672208905 0.003365659 0.740333557
1780046311.514871 -17.052402496 0.753892183 49.364654541 0.005460345 -0.672814727 0.004732364 0.739775717
1780046311.548204 -17.069744110 0.755306721 49.366256714 0.005571621 -0.673043013 0.004539605 0.739568412
1780046311.581535 -17.084051132 0.754378259 49.366268158 0.006030676 -0.672748625 0.004413149 0.739833415
1780046311.614868 -17.100740433 0.752823353 49.367408752 0.006093090 -0.672866166 0.004567858 0.739725053
1780046311.648202 -17.117399216 0.754598856 49.368263245 0.006123335 -0.672645867 0.005035640 0.739922106
1780046311.681535 -17.133287430 0.754568875 49.370666504 0.005920995 -0.672705293 0.004943680 0.739870429
1780046311.714868 -17.149345398 0.752574205 49.369312286 0.006070169 -0.672695577 0.003986755 0.739883840
1780046311.748202 -17.166673660 0.753655434 49.369453430 0.006677250 -0.672757089 0.004018445 0.739822447
1780046311.781536 -17.183214188 0.753076792 49.372741699 0.006689954 -0.672790706 0.004553379 0.739788592
1780046311.814869 -17.198141098 0.754355669 49.375053406 0.006560123 -0.672959745 0.005040188 0.739632845
1780046311.848203 -17.214933395 0.753669620 49.376876831 0.006425457 -0.673189104 0.004700379 0.739427567
1780046311.881536 -17.230798721 0.753278136 49.376182556 0.006845799 -0.673101306 0.004702540 0.739503741
1780046311.914869 -17.247165680 0.753457367 49.377731323 0.006492923 -0.673051476 0.004281875 0.739554822
1780046311.948202 -17.262611389 0.754955411 49.378822327 0.006306066 -0.673100233 0.004119704 0.739512920
1780046311.981535 -17.280202866 0.754242003 49.379455566 0.006323034 -0.673287868 0.003733322 0.739344060
1780046312.014868 -17.296575546 0.754367530 49.380363464 0.006185703 -0.673117638 0.003854443 0.739499569
1780046312.048201 -17.315021515 0.754605353 49.383190155 0.005677382 -0.673228025 0.003884172 0.739402950
1780046312.081534 -17.329196930 0.754578650 49.384696960 0.005832268 -0.673313022 0.003811311 0.739324749
1780046312.114867 -17.347179413 0.754359722 49.383132935 0.005693364 -0.673123181 0.003199675 0.739501536
1780046312.148199 -17.361906052 0.753896594 49.389259338 0.005170498 -0.673639774 0.003862506 0.739031732
1780046312.181531 -17.379163742 0.753033400 49.389793396 0.005353852 -0.673301995 0.003847274 0.739338279
1780046312.214864 -17.395353317 0.753777385 49.388721466 0.006079178 -0.673165739 0.004261095 0.739454448
1780046312.248197 -17.411476135 0.753367782 49.391288757 0.005949370 -0.673486233 0.004398060 0.739162743
1780046312.281529 -17.427009583 0.754340351 49.392127991 0.005825780 -0.673547924 0.004340792 0.739107907
1780046312.314862 -17.442546844 0.755022168 49.396064758 0.005534689 -0.673741281 0.004721068 0.738931537
1780046312.348194 -17.459709167 0.755835295 49.397865295 0.004910466 -0.673808873 0.004604112 0.738875031
1780046312.381526 -17.477941513 0.754840970 49.398429871 0.004838920 -0.673839331 0.004212520 0.738850117
1780046312.414858 -17.492904663 0.753362536 49.400379181 0.003935090 -0.674108744 0.003808357 0.738611937
1780046312.448191 -17.510673523 0.754391670 49.403381348 0.004122925 -0.674310565 0.004235856 0.738424242
1780046312.481523 -17.526128769 0.755738020 49.405166626 0.004069975 -0.674136996 0.005233306 0.738576591
1780046312.514854 -17.544427872 0.754610240 49.401939392 0.004571486 -0.673352361 0.004621950 0.739293218
1780046312.548187 -17.561544418 0.756274760 49.405792236 0.004480363 -0.673730254 0.004907967 0.738947570
1780046312.581517 -17.575675964 0.752937615 49.410003662 0.003931814 -0.674094439 0.004763628 0.738619387
1780046312.614851 -17.594493866 0.753057837 49.408866882 0.004198884 -0.673663080 0.003992562 0.739015877
1780046312.648185 -17.609048843 0.751281023 49.412284851 0.004185949 -0.673630238 0.003943474 0.739046156
1780046312.681519 -17.623939514 0.752763331 49.411708832 0.004827261 -0.673696816 0.004209073 0.738980114
1780046312.714853 -17.638816833 0.753837168 49.415050507 0.004751983 -0.673961580 0.004745410 0.738735974
1780046312.748186 -17.654405594 0.753270745 49.414245605 0.005229132 -0.673604488 0.004704550 0.739058554
1780046312.781519 -17.670373917 0.751578867 49.416488647 0.004887090 -0.673126400 0.004683944 0.739496469
1780046312.814853 -17.686319351 0.751984298 49.417976379 0.004925355 -0.673292875 0.004557085 0.739345491
1780046312.848186 -17.703214645 0.753181577 49.419872284 0.005295634 -0.673763931 0.004886568 0.738911569
1780046312.881520 -17.720438004 0.751852632 49.419235229 0.005008878 -0.673357010 0.004352657 0.739287794
1780046312.914853 -17.733589172 0.752239048 49.422603607 0.005236052 -0.673228920 0.005045414 0.739398360
1780046312.948186 -17.752267838 0.752738178 49.423763275 0.005043792 -0.673312724 0.005295554 0.739321649
1780046312.981519 -17.768621445 0.751538873 49.423015594 0.004949845 -0.673228502 0.004237583 0.739405870
1780046313.014851 -17.783956528 0.750948071 49.426559448 0.005342327 -0.673500776 0.005010288 0.739150226
1780046313.048184 -17.797130585 0.751919091 49.429309845 0.005595504 -0.673816085 0.005293434 0.738858998
1780046313.081517 -17.815725327 0.751884580 49.429077148 0.005798271 -0.673751235 0.005249621 0.738916934
1780046313.114850 -17.831624985 0.749680459 49.431320190 0.005671874 -0.673712075 0.005536785 0.738951445
1780046313.148183 -17.846145630 0.749825358 49.435668945 0.005539550 -0.673548400 0.006769627 0.739091396
1780046313.181516 -17.861747742 0.751726806 49.438514709 0.005270128 -0.673181891 0.007620189 0.739418924
1780046313.214848 -17.878726959 0.750056744 49.436470032 0.005959546 -0.673148215 0.006899490 0.739451408
1780046313.248181 -17.893264771 0.749764264 49.437507629 0.006260925 -0.673694849 0.006507935 0.738954544
1780046313.281514 -17.910615921 0.749047339 49.438507080 0.006063431 -0.673945665 0.005850776 0.738732934
1780046313.314846 -17.930433273 0.750357687 49.438194275 0.006077498 -0.673805296 0.005011708 0.738866985
1780046313.348179 -17.946117401 0.749716222 49.439163208 0.006178136 -0.673892021 0.005613804 0.738782704
1780046313.381511 -17.962953568 0.751027942 49.441101074 0.005689032 -0.673816383 0.005594434 0.738855779
1780046313.414843 -17.979158401 0.750860095 49.444801331 0.005578528 -0.674289465 0.005745223 0.738423765
1780046313.448174 -17.996231079 0.749753416 49.444076538 0.005724301 -0.674076915 0.005410935 0.738619268
1780046313.481506 -18.011837006 0.751256764 49.444709778 0.005819456 -0.673959315 0.005750890 0.738723159
1780046313.514839 -18.024171829 0.749860585 49.448715210 0.005469408 -0.673797786 0.007249867 0.738860011
1780046313.548170 -18.041999817 0.752488792 49.451934814 0.005403181 -0.673519373 0.007529960 0.739111543
1780046313.581502 -18.058624268 0.749180138 49.452327728 0.004574280 -0.673675776 0.006363965 0.738985479
1780046313.614866 -18.075710297 0.749863625 49.453781128 0.004722708 -0.673958659 0.006284812 0.738727331
1780046313.648278 -18.092088699 0.748827577 49.453594208 0.004627815 -0.674302340 0.005043725 0.738423705
1780046313.681690 -18.109317780 0.751032054 49.456726074 0.004178636 -0.674984396 0.005512729 0.737799644
1780046313.715104 -18.126232147 0.753164470 49.458938599 0.004885702 -0.675116062 0.006497377 0.737666845
1780046313.748517 -18.141565323 0.751360059 49.460784912 0.004087272 -0.674907088 0.006319252 0.737864435
1780046313.781931 -18.157592773 0.752713978 49.462284088 0.004085487 -0.675146103 0.006451925 0.737644494
1780046313.815346 -18.175439835 0.750108182 49.462257385 0.004433947 -0.675364375 0.006004315 0.737446427
1780046313.848761 -18.192070007 0.749368608 49.462036133 0.003769292 -0.674815774 0.005327142 0.737957478
1780046313.882176 -18.209518433 0.749613047 49.463569641 0.003972149 -0.675061882 0.006225200 0.737724185
1780046313.915591 -18.227165222 0.749985695 49.465522766 0.003723259 -0.675061762 0.006985094 0.737718880
1780046313.949007 -18.240329742 0.749735594 49.469833374 0.002814163 -0.675042331 0.007628253 0.737734199
1780046313.982423 -18.258071899 0.750404298 49.469848633 0.002230618 -0.674912333 0.007461153 0.737856925
1780046314.015840 -18.275230408 0.749591231 49.471294403 0.002180385 -0.674890101 0.007067520 0.737881303
1780046314.049258 -18.291278839 0.750594497 49.470550537 0.002858858 -0.674850643 0.006263668 0.737922251
1780046314.082676 -18.310434341 0.751384974 49.471313477 0.001707942 -0.675052702 0.004161265 0.737755895
1780046314.116094 -18.328420639 0.749796927 49.469497681 0.003068649 -0.675105214 0.004312399 0.737702608
1780046314.149513 -18.342935562 0.751269519 49.472564697 0.003113247 -0.674889028 0.004715600 0.737897575
1780046314.182932 -18.359228134 0.748548865 49.474113464 0.002414537 -0.674550235 0.003964501 0.738214314
1780046314.216352 -18.375812531 0.750759959 49.476539612 0.003095764 -0.674909770 0.004988721 0.737876892
1780046314.249772 -18.389862061 0.750626445 49.475540161 0.003446832 -0.674807847 0.005090731 0.737967849
1780046314.283192 -18.404537201 0.750947952 49.476417542 0.003295243 -0.674885690 0.004953477 0.737898350
1780046314.316613 -18.422367096 0.750827789 49.479278564 0.002127701 -0.675048590 0.005019893 0.737753153
1780046314.350034 -18.437498093 0.751553655 49.482894897 0.001172066 -0.675126374 0.004974648 0.737684429
1780046314.383456 -18.453939438 0.751159549 49.483592987 0.001654542 -0.675002456 0.005285469 0.737794697
1780046314.416878 -18.471393585 0.750989556 49.483913422 0.001996442 -0.675216019 0.004723281 0.737602234
1780046314.450301 -18.487171173 0.750352681 49.484138489 0.002285634 -0.675057292 0.004020812 0.737750888
1780046314.483724 -18.502662659 0.751662135 49.486572266 0.003508491 -0.674900949 0.005135272 0.737882197
1780046314.517148 -18.519638062 0.749359012 49.485542297 0.003437494 -0.674630404 0.004618528 0.738133192
1780046314.550572 -18.533720016 0.750501335 49.488761902 0.003514351 -0.674863100 0.005125614 0.737916887
1780046314.583996 -18.551425934 0.750752211 49.489212036 0.003977218 -0.674960136 0.005436474 0.737823427
1780046314.617379 -18.567604065 0.750969708 49.489212036 0.004068512 -0.674854577 0.005106528 0.737921894
1780046314.650707 -18.584821701 0.748627365 49.490928650 0.003364258 -0.674872398 0.004391505 0.737913728
1780046314.684034 -18.598978043 0.749025643 49.493476868 0.003322022 -0.675019026 0.004921208 0.737776518
1780046314.717361 -18.619089127 0.749473393 49.492576599 0.002620450 -0.675107777 0.004182788 0.737702608
1780046314.750689 -18.636337280 0.749909639 49.495563507 0.001935478 -0.675786495 0.004001982 0.737084031
1780046314.784015 -18.651483536 0.748581052 49.498809814 0.002274901 -0.675696015 0.004719340 0.737161756
1780046314.817342 -18.668245316 0.751164973 49.498085022 0.002591384 -0.675249457 0.004608957 0.737570584
1780046314.850669 -18.686004639 0.749907374 49.499584198 0.002824047 -0.675388753 0.004330801 0.737443805
1780046314.883996 -18.701263428 0.751516461 49.499694824 0.004088168 -0.675360322 0.005205524 0.737458289
1780046314.917322 -18.715127945 0.750289738 49.500648499 0.004129313 -0.675191104 0.004755276 0.737616062
1780046314.950649 -18.731071472 0.751876533 49.504390717 0.003807920 -0.675356150 0.005346742 0.737462640
1780046314.983975 -18.747758865 0.750571907 49.505729675 0.004195934 -0.675432503 0.005623635 0.737388492
1780046315.017301 -18.763635635 0.749917507 49.504432678 0.003844091 -0.675166368 0.004765267 0.737640083
1780046315.050627 -18.779331207 0.750454009 49.505561829 0.003790159 -0.675195932 0.004847247 0.737612784
1780046315.083953 -18.794391632 0.748191714 49.506820679 0.003841305 -0.675221443 0.004647168 0.737590492
1780046315.117279 -18.810991287 0.749387980 49.509536743 0.003083195 -0.675353169 0.004837769 0.737472177
1780046315.150605 -18.827375412 0.751462221 49.508632660 0.003757737 -0.675261140 0.005317559 0.737550020
1780046315.183930 -18.844224930 0.750612378 49.510040283 0.003780233 -0.675363779 0.004714975 0.737460017
1780046315.217256 -18.861038208 0.751332641 49.512046814 0.003728971 -0.675669849 0.004838391 0.737179101
1780046315.250581 -18.876609802 0.750761628 49.513069153 0.004068385 -0.675716639 0.004990845 0.737133384
1780046315.283906 -18.896059036 0.749611855 49.513870239 0.003513295 -0.675481677 0.004978568 0.737351596
1780046315.317231 -18.907634735 0.748450875 49.516078949 0.003192250 -0.675307214 0.005437701 0.737509668
1780046315.350556 -18.925470352 0.747766614 49.515525818 0.003480513 -0.675550878 0.004641622 0.737290561
1780046315.383881 -18.942880630 0.749316514 49.516986847 0.003679919 -0.675773621 0.005022515 0.737082958
1780046315.417206 -18.958797455 0.752177358 49.519729614 0.003313657 -0.675865829 0.005637712 0.736995757
1780046315.450531 -18.974340439 0.749000847 49.521728516 0.002681457 -0.675774336 0.004988119 0.737086892
1780046315.483855 -18.993871689 0.749853015 49.521919250 0.002396287 -0.675885975 0.004402777 0.736989200
1780046315.517179 -19.011911392 0.750060022 49.522567749 0.002736406 -0.675977707 0.004534489 0.736903131
1780046315.550504 -19.027467728 0.750151813 49.523681641 0.002906206 -0.675864995 0.004815351 0.737003982
1780046315.583828 -19.044015884 0.752174973 49.524932861 0.002921660 -0.675683558 0.005252592 0.737167358
1780046315.617156 -19.061874390 0.752761126 49.524291992 0.002883903 -0.675317764 0.004772577 0.737505794
1780046315.650482 -19.079069138 0.749966800 49.526718140 0.002582964 -0.675557673 0.004545798 0.737288654
1780046315.683808 -19.092063904 0.748121023 49.528888702 0.002394710 -0.675571620 0.004266959 0.737278163
1780046315.717134 -19.106662750 0.748393118 49.532577515 0.002009749 -0.675868452 0.004793795 0.737003982
1780046315.750460 -19.123788834 0.748944461 49.533672333 0.002037314 -0.675807357 0.005076529 0.737058043
1780046315.783786 -19.139190674 0.748408258 49.530918121 0.002542680 -0.675332010 0.004184594 0.737497628
1780046315.817112 -19.156824112 0.749574780 49.534374237 0.002474734 -0.675559819 0.004637030 0.737286568
1780046315.850437 -19.171205521 0.751045167 49.535842896 0.002636600 -0.675298333 0.005325054 0.737520754
1780046315.883763 -19.188028336 0.750527382 49.535579681 0.002324310 -0.675214648 0.004987264 0.737600863
1780046315.917089 -19.204898834 0.750799537 49.540290833 0.001878418 -0.675734341 0.005097721 0.737125278
1780046315.950414 -19.219537735 0.748706460 49.537788391 0.002613683 -0.675112903 0.004722060 0.737694681
1780046315.983739 -19.233688354 0.751215219 49.540046692 0.002700998 -0.675266445 0.004866218 0.737552881
1780046316.017064 -19.251064301 0.751220882 49.540752411 0.002979987 -0.675500512 0.004907604 0.737337232
1780046316.050389 -19.268352509 0.751927078 49.543376923 0.003035523 -0.675431907 0.005319904 0.737396955
1780046316.083714 -19.284416199 0.751616001 49.543617249 0.003301928 -0.675475299 0.005106014 0.737357557
1780046316.117038 -19.300930023 0.751142979 49.544353485 0.003186519 -0.675621152 0.004909646 0.737225831
1780046316.150362 -19.318065643 0.750829995 49.545898438 0.002986831 -0.675696015 0.004339835 0.737161577
1780046316.183686 -19.333169937 0.750960827 49.546386719 0.003267893 -0.675585806 0.004524463 0.737260342
1780046316.217011 -19.351013184 0.751718640 49.548309326 0.003029736 -0.675597906 0.004967208 0.737247348
1780046316.250335 -19.368831635 0.750244260 49.549156189 0.002738457 -0.675541818 0.004335400 0.737303913
1780046316.283659 -19.384412766 0.752157211 49.549926758 0.003288611 -0.675500512 0.004494387 0.737338483
1780046316.316983 -19.397666931 0.752119184 49.551975250 0.003171389 -0.675713301 0.004587301 0.737143457
1780046316.350307 -19.414623260 0.750668406 49.553569794 0.002801354 -0.675767362 0.004429964 0.737096429
1780046316.383630 -19.434579849 0.751015663 49.554145813 0.002607458 -0.675603271 0.004050621 0.737249732
1780046316.416954 -19.450048447 0.751469731 49.555469513 0.002890237 -0.675514698 0.004279921 0.737328529
1780046316.450277 -19.465799332 0.753116965 49.555191040 0.003253179 -0.675652802 0.004327759 0.737200081
1780046316.483600 -19.481184006 0.753748536 49.557891846 0.002958279 -0.675956070 0.004649896 0.736921310
1780046316.516923 -19.497646332 0.753741920 49.557498932 0.002980294 -0.675501108 0.004504274 0.737339318
1780046316.550246 -19.513700485 0.753194571 49.559463501 0.002813479 -0.675509810 0.004441241 0.737332344
1780046316.583568 -19.530412674 0.752721429 49.562622070 0.002484530 -0.675892651 0.004508576 0.736982226
1780046316.616892 -19.547399521 0.752972424 49.563407898 0.002419811 -0.675987720 0.004549307 0.736894965
1780046316.650219 -19.564332962 0.752281189 49.564586639 0.002391577 -0.676063895 0.004655771 0.736824393
1780046316.683546 -19.579647064 0.754420400 49.565765381 0.002505141 -0.675855458 0.004539761 0.737015963
1780046316.716872 -19.596809387 0.754543781 49.567413330 0.002023646 -0.676117063 0.004485181 0.736777842
1780046316.750199 -19.611429214 0.753818989 49.568450928 0.002046778 -0.676260471 0.004641309 0.736645162
1780046316.783525 -19.630218506 0.753820240 49.569152832 0.002064552 -0.676073849 0.004412525 0.736817777
1780046316.816851 -19.645380020 0.752740145 49.569561005 0.002345770 -0.675683379 0.004967455 0.737171590
1780046316.850177 -19.661207199 0.754834116 49.572429657 0.002220432 -0.676076889 0.005013993 0.736810684
1780046316.883503 -19.676202774 0.754012465 49.573265076 0.001802318 -0.676221132 0.004915782 0.736680150
1780046316.916829 -19.693910599 0.753873467 49.573043823 0.001996860 -0.676063776 0.004511828 0.736826718
1780046316.950155 -19.709632874 0.753851712 49.576187134 0.001605465 -0.676234722 0.005099039 0.736666918
1780046316.983480 -19.727331161 0.754796326 49.578552246 0.001365228 -0.676353812 0.005403277 0.736555874
1780046317.016804 -19.742807388 0.753912807 49.576591492 0.001520583 -0.675967753 0.004830205 0.736913860
1780046317.050130 -19.759380341 0.753029108 49.580490112 0.001162579 -0.676382303 0.005199591 0.736531556
1780046317.083455 -19.774478912 0.754006743 49.582801819 0.001187011 -0.676544845 0.005271120 0.736381650
1780046317.116780 -19.792282104 0.753319502 49.583694458 0.001056283 -0.676254392 0.005394831 0.736647725
1780046317.150105 -19.809156418 0.754243910 49.583564758 0.001374107 -0.676145792 0.005345682 0.736747205
1780046317.183429 -19.825605392 0.753933012 49.585426331 0.001355301 -0.676287830 0.005164952 0.736618221
1780046317.216754 -19.842679977 0.755005896 49.587913513 0.001033265 -0.676451683 0.005475660 0.736465991
1780046317.250079 -19.858249664 0.753226876 49.586788177 0.000966522 -0.676109970 0.005035790 0.736782908
1780046317.283403 -19.875349045 0.753674150 49.586524963 0.001361691 -0.675882280 0.004901324 0.736992121
1780046317.316727 -19.890275955 0.753675461 49.588951111 0.001478087 -0.675755739 0.005020104 0.737107158
1780046317.350051 -19.906818390 0.753295064 49.591316223 0.001418361 -0.675988019 0.005061137 0.736893892
1780046317.383375 -19.925411224 0.755450606 49.592048645 0.001122389 -0.675851524 0.004959016 0.737020314
1780046317.416699 -19.941041946 0.753210247 49.592803955 0.001310748 -0.675736248 0.004798209 0.737126708
1780046317.450022 -19.958478928 0.755050719 49.594337463 0.001260172 -0.675854206 0.005134236 0.737016380
1780046317.483345 -19.973873138 0.753950596 49.596366882 0.000965071 -0.675966084 0.005028910 0.736914992
1780046317.516669 -19.988870621 0.754026771 49.597267151 0.001434527 -0.675831497 0.005146015 0.737036824
1780046317.549992 -20.006679535 0.754474640 49.598121643 0.001363607 -0.675861120 0.004972320 0.737010956
1780046317.583315 -20.022197723 0.754859924 49.599876404 0.001224415 -0.676009476 0.005028655 0.736874819
1780046317.616640 -20.037931442 0.754922092 49.599586487 0.001197701 -0.675800800 0.004681625 0.737068474
1780046317.649966 -20.054151535 0.754476726 49.600715637 0.001152495 -0.675953627 0.004655818 0.736928582
1780046317.683292 -20.073360443 0.755087972 49.600738525 0.001900215 -0.675980747 0.004878397 0.736900747
1780046317.716618 -20.089199066 0.755135417 49.602733612 0.001620761 -0.675866067 0.004784445 0.737007260
1780046317.749944 -20.108198166 0.756546021 49.603691101 0.001530193 -0.675915062 0.004968941 0.736961246
1780046317.783270 -20.121198654 0.756186366 49.605838776 0.001415766 -0.675921440 0.005117710 0.736954570
1780046317.816596 -20.138057709 0.755116940 49.605857849 0.001171285 -0.675822914 0.004505469 0.737049401
1780046317.849921 -20.156728745 0.756317556 49.606010437 0.001567327 -0.675870061 0.004246792 0.737006903
1780046317.883247 -20.173440933 0.755949378 49.606658936 0.001223384 -0.675878882 0.003628413 0.737002850
1780046317.916571 -20.189569473 0.756726384 49.608146667 0.001237577 -0.675944209 0.003959861 0.736941159
1780046317.949896 -20.206647873 0.756728172 49.609020233 0.001056594 -0.675825119 0.003650424 0.737052202
1780046317.983221 -20.222019196 0.757587075 49.613178253 0.000739632 -0.676100254 0.004063484 0.736798108
1780046318.016546 -20.237546921 0.757334113 49.613876343 0.000894281 -0.676188767 0.003790105 0.736718118
1780046318.049871 -20.257432938 0.759463251 49.614368439 0.000522233 -0.676154554 0.003664842 0.736750543
1780046318.083195 -20.273647308 0.758514643 49.616622925 -0.000044602 -0.676375926 0.003381028 0.736548841
1780046318.116520 -20.289981842 0.757402301 49.618648529 -0.000305208 -0.676468313 0.003215276 0.736464679
1780046318.149844 -20.306404114 0.758774459 49.618953705 -0.000242793 -0.676289022 0.003193625 0.736629426
1780046318.183169 -20.323244095 0.760066330 49.621101379 -0.000388991 -0.676477015 0.003380413 0.736455917
1780046318.216492 -20.341825485 0.760946631 49.621047974 -0.000374457 -0.676620662 0.003550584 0.736323118
1780046318.249816 -20.357126236 0.760691285 49.622570038 -0.000415784 -0.676696360 0.003583724 0.736253381
1780046318.283140 -20.373046875 0.761055112 49.624847412 -0.000806908 -0.676775634 0.003581752 0.736180246
1780046318.316464 -20.390031815 0.760969818 49.625125885 -0.000767945 -0.676720083 0.003630834 0.736231148
