1780046180.070009 0.001592 -0.007600 0.010423 -0.001125 -0.000060 0.000446 0.999999
1780046180.170175 -0.002744 -0.015128 -0.005483 -0.000275 -0.000803 0.000449 1.000000
1780046180.269999 -0.010250 -0.017461 -0.014649 -0.000833 -0.000617 0.000436 0.999999
1780046180.369906 -0.007510 -0.015074 -0.011920 -0.000620 -0.000432 0.000599 1.000000
1780046180.470011 -0.015287 -0.015405 -0.016048 0.000355 -0.000326 -0.000007 1.000000
1780046180.570157 -0.009581 -0.014239 -0.015450 0.000335 -0.001665 -0.000108 0.999999
1780046180.670107 -0.000289 -0.014181 -0.006506 -0.000458 -0.000671 0.000818 0.999999
1780046180.769853 0.002687 -0.004320 -0.006944 -0.000169 -0.000750 0.000624 1.000000
1780046180.869988 -0.002914 -0.005963 -0.012855 0.000176 -0.001168 0.000370 0.999999
1780046180.969922 -0.002438 -0.003812 -0.003573 -0.000599 -0.000314 0.000561 1.000000
1780046181.070213 0.000774 -0.005020 0.002493 -0.000276 -0.000319 0.000370 1.000000
1780046181.170267 0.000180 -0.006766 0.001110 0.000175 -0.000729 0.000152 1.000000
1780046181.269935 0.003437 -0.008311 0.006458 -0.000368 -0.000766 0.000046 1.000000
1780046181.370051 -0.002174 -0.010643 0.005378 -0.000170 -0.000294 0.000254 1.000000
1780046181.470174 -0.000848 -0.007812 0.001142 -0.000235 -0.000402 0.000490 1.000000
1780046181.570056 -0.002317 -0.009797 -0.004789 0.000051 -0.000889 0.000201 1.000000
1780046181.670192 -0.000739 -0.008472 -0.002575 -0.000475 -0.000306 0.000679 1.000000
1780046181.769890 -0.002958 -0.004150 -0.001064 0.000156 -0.000061 -0.000191 1.000000
1780046181.870104 -0.000051 -0.005877 0.004624 -0.000464 -0.000557 0.000298 1.000000
1780046181.970207 0.003516 -0.003217 0.008037 -0.000033 -0.000391 0.000066 1.000000
1780046182.069978 0.007161 -0.003143 0.007051 0.000273 -0.000752 0.000089 1.000000
1780046182.169937 0.008776 -0.003855 0.003555 0.000774 -0.000650 0.000056 0.999999
1780046182.270037 0.002305 -0.000891 -0.003051 0.000261 -0.000217 0.000269 1.000000
1780046182.370004 0.000847 -0.002164 -0.005990 -0.000191 -0.000599 0.000727 1.000000
1780046182.470174 -0.005207 -0.004626 -0.008683 -0.000084 -0.000462 0.000432 1.000000
1780046182.569935 -0.011260 -0.011201 -0.006682 -0.000360 -0.000208 0.000347 1.000000
1780046182.670162 -0.005278 -0.007990 -0.001442 -0.000269 -0.000232 0.000353 1.000000
1780046182.769959 -0.004206 -0.006655 0.001538 0.000156 -0.000460 0.000090 1.000000
1780046182.869989 -0.002519 -0.009828 0.005828 -0.000401 0.000031 0.000125 1.000000
1780046182.970146 -0.002825 -0.007171 0.001902 0.000192 -0.000270 -0.000124 1.000000
1780046183.069961 -0.001848 -0.005442 -0.003769 0.000115 -0.000539 0.000254 1.000000
1780046183.170269 -0.002912 -0.007009 -0.002910 -0.000156 -0.000407 0.000397 1.000000
1780046183.269969 0.000984 -0.004190 0.002772 0.000205 -0.000330 0.000053 1.000000
1780046183.370192 0.003855 -0.002811 0.003805 -0.000281 -0.000282 0.000549 1.000000
1780046183.469952 0.003227 -0.002316 0.001822 -0.000020 -0.000368 0.000208 1.000000
1780046183.570177 0.001874 -0.000793 0.001728 0.000123 -0.000251 0.000283 1.000000
1780046183.670072 0.001355 0.001710 -0.000980 0.000340 -0.000915 0.000235 0.999999
1780046183.770259 0.008867 -0.000982 0.005694 -0.000135 -0.001557 0.000913 0.999998
1780046183.870031 0.026001 0.002772 0.023502 -0.000065 -0.001189 0.001284 0.999998
1780046183.969968 0.060611 0.002018 0.056872 -0.000452 0.000081 0.001269 0.999999
1780046184.070095 0.093804 -0.002480 0.093375 -0.000824 0.001285 0.001153 0.999998
1780046184.170311 0.120462 -0.005073 0.121525 0.000464 0.000512 0.000827 0.999999
1780046184.270315 0.146466 -0.005037 0.148061 0.000333 -0.000117 0.000663 1.000000
1780046184.370358 0.172732 -0.009624 0.175487 -0.000007 0.000557 0.000529 1.000000
1780046184.470104 0.205137 -0.004093 0.205130 -0.000214 0.000426 -0.000075 1.000000
1780046184.570046 0.231155 -0.001870 0.232690 -0.000053 -0.000009 -0.000243 1.000000
1780046184.669890 0.258685 -0.000984 0.264748 -0.000434 0.000409 -0.000391 1.000000
1780046184.770751 0.290292 -0.000655 0.297744 -0.000480 -0.000580 -0.000585 1.000000
1780046184.870125 0.322383 0.003205 0.330873 -0.000343 0.000185 0.000006 1.000000
1780046184.970288 0.351848 0.002846 0.357034 0.000370 -0.000148 -0.000528 1.000000
1780046185.070007 0.375091 0.004253 0.382511 -0.000247 0.000152 -0.001006 0.999999
1780046185.170104 0.404102 0.007988 0.407085 0.000448 0.000041 -0.000369 1.000000
1780046185.270115 0.428960 0.007686 0.435569 -0.000025 0.000182 -0.000130 1.000000
1780046185.370580 0.455884 0.004708 0.463514 0.000331 0.000243 0.000212 1.000000
1780046185.469920 0.488905 0.005701 0.490771 0.000300 0.000398 0.000098 1.000000
1780046185.569867 0.511779 -0.000058 0.513503 0.000089 0.000566 0.000096 1.000000
1780046185.670025 0.533802 0.000311 0.538185 0.000218 0.000768 0.000187 1.000000
1780046185.769976 0.553463 0.003734 0.560913 0.000346 0.001627 0.000776 0.999998
1780046185.870242 0.576795 0.010183 0.583169 -0.000043 0.001758 0.001424 0.999997
1780046185.970019 0.594706 0.009418 0.606080 0.000202 0.002610 0.001499 0.999995
1780046186.070023 0.618249 0.010683 0.628200 -0.000216 0.002473 0.002242 0.999994
1780046186.170294 0.637623 0.007048 0.649076 0.000221 0.002760 0.001432 0.999995
1780046186.270246 0.660170 0.009023 0.671880 0.000768 0.002702 0.000896 0.999996
1780046186.370149 0.683067 0.006019 0.692613 0.000526 0.003609 0.000943 0.999993
1780046186.470029 0.696535 0.005155 0.703592 -0.000293 0.002928 0.001147 0.999995
1780046186.570052 0.701780 0.004186 0.711542 0.000295 0.001852 0.000654 0.999998
1780046186.670010 0.712034 0.007680 0.723669 0.000218 0.002268 0.000629 0.999997
1780046186.769821 0.724561 0.006431 0.734493 0.000003 0.002366 0.000672 0.999997
1780046186.870236 0.735204 0.009324 0.745010 -0.000033 0.001816 0.000528 0.999998
1780046186.970022 0.748076 0.009969 0.754876 0.000193 0.001423 0.000554 0.999999
1780046187.070330 0.765502 0.011108 0.773267 -0.000085 0.001441 0.000776 0.999999
1780046187.170222 0.789420 0.010775 0.797219 -0.000359 0.001821 0.000588 0.999998
1780046187.270139 0.814226 0.012949 0.827162 -0.001246 0.002019 0.000751 0.999997
1780046187.370098 0.838571 0.014162 0.847634 -0.000465 0.001889 0.000396 0.999998
1780046187.470238 0.868486 0.015227 0.875714 -0.001174 0.002733 0.000053 0.999996
1780046187.570107 0.898555 0.016432 0.903535 -0.000827 0.002394 -0.000005 0.999997
1780046187.670322 0.929429 0.014421 0.932599 -0.001113 0.002481 -0.000041 0.999996
1780046187.770227 0.957761 0.016091 0.964293 -0.001096 0.002704 0.000176 0.999996
1780046187.869995 0.987650 0.014881 0.998588 -0.000681 0.002564 0.000828 0.999996
1780046187.970348 1.022168 0.016684 1.029593 -0.000142 0.002007 0.001021 0.999997
1780046188.070086 1.054950 0.017647 1.060909 -0.000675 0.001787 0.001590 0.999997
1780046188.170341 1.091311 0.020215 1.098523 -0.000180 0.001422 0.001730 0.999997
1780046188.270108 1.127298 0.021446 1.134420 0.000196 0.001135 0.001311 0.999998
1780046188.370251 1.158617 0.024389 1.166365 -0.000642 0.000944 0.001479 0.999998
1780046188.470111 1.190321 0.023760 1.201036 -0.000296 0.000944 0.000950 0.999999
1780046188.570091 1.223320 0.025082 1.235394 -0.000378 0.000741 0.000535 1.000000
1780046188.670040 1.257484 0.022559 1.269485 -0.000580 0.000372 0.000349 1.000000
1780046188.770159 1.289639 0.020442 1.302483 -0.000325 -0.000524 0.000184 1.000000
1780046188.870164 1.322106 0.021500 1.335359 -0.000816 -0.000204 0.000641 0.999999
1780046188.970048 1.355202 0.022309 1.367421 -0.001008 -0.000030 0.001055 0.999999
1780046189.070182 1.388341 0.024696 1.401723 -0.001929 -0.000668 0.000650 0.999998
1780046189.170207 1.420821 0.027110 1.437256 -0.003089 -0.001700 -0.000241 0.999994
1780046189.270549 1.450683 0.027363 1.469863 -0.002739 -0.001480 0.000118 0.999995
1780046189.370561 1.488624 0.028326 1.504787 -0.002419 -0.001372 0.000698 0.999996
1780046189.470067 1.522317 0.027458 1.538012 -0.002229 -0.000874 0.000619 0.999997
1780046189.570068 1.560598 0.025545 1.572148 -0.001558 0.000577 0.000337 0.999999
1780046189.670046 1.597615 0.022330 1.609380 0.001376 0.002080 -0.002870 0.999993
1780046189.770376 1.633386 0.018597 1.642391 0.006796 0.002362 -0.007860 0.999943
1780046189.870343 1.668422 0.014890 1.674158 0.009523 0.001555 -0.010093 0.999903
1780046189.969994 1.707018 0.018727 1.717742 0.008302 0.002794 -0.011827 0.999892
1780046190.069292 1.736245 0.019024 1.753614 0.008402 0.001995 -0.012037 0.999890
1780046190.170870 1.768141 0.020576 1.786064 0.007641 0.001287 -0.012208 0.999895
1780046190.270065 1.800977 0.019379 1.817931 0.008633 0.000798 -0.012475 0.999885
1780046190.370288 1.840261 0.023500 1.850891 0.008850 0.000248 -0.012045 0.999888
1780046190.470084 1.871860 0.019463 1.881563 0.008240 0.000158 -0.012113 0.999893
1780046190.570067 1.905989 0.018558 1.916055 0.008231 0.000009 -0.011584 0.999899
1780046190.670175 1.939192 0.018046 1.949524 0.008986 0.001074 -0.012382 0.999882
1780046190.770306 1.975578 0.017596 1.986834 0.008988 0.001807 -0.012714 0.999877
1780046190.870229 2.010589 0.015997 2.023197 0.008689 0.002933 -0.013240 0.999870
1780046190.969930 2.045551 0.015594 2.057541 0.008420 0.003042 -0.012765 0.999878
1780046191.070059 2.076937 0.012257 2.085970 0.007755 0.004154 -0.011931 0.999890
1780046191.170221 2.111180 0.011614 2.119334 0.008439 0.004857 -0.011613 0.999885
1780046191.270198 2.154190 0.013311 2.159688 0.009344 0.005276 -0.011480 0.999877
1780046191.370573 2.185779 0.009693 2.192783 0.009587 0.005490 -0.010678 0.999882
1780046191.470112 2.218209 0.007840 2.221968 0.010246 0.005888 -0.009925 0.999881
1780046191.570188 2.252246 0.005847 2.255882 0.009928 0.006007 -0.010467 0.999878
1780046191.670390 2.287260 0.004687 2.291067 0.009492 0.006219 -0.011212 0.999873
1780046191.770352 2.319609 0.002439 2.326915 0.009338 0.006285 -0.011929 0.999865
1780046191.869984 2.356206 0.005130 2.365903 0.008928 0.005958 -0.012083 0.999869
1780046191.969922 2.392858 0.004288 2.406138 0.008734 0.005788 -0.012365 0.999869
1780046192.070091 2.426231 0.003895 2.437863 0.008734 0.005172 -0.011373 0.999884
1780046192.170573 2.459239 0.002847 2.468698 0.009252 0.004744 -0.011789 0.999876
1780046192.270105 2.490845 0.002388 2.498733 0.008799 0.004748 -0.011409 0.999885
1780046192.369951 2.524433 0.002017 2.535257 0.009302 0.004309 -0.012248 0.999872
1780046192.470353 2.558019 0.000992 2.568081 0.008245 0.005139 -0.011717 0.999884
1780046192.570165 2.597050 -0.002518 2.604714 0.009764 0.004914 -0.011611 0.999873
1780046192.670061 2.630529 -0.002450 2.639040 0.008883 0.004617 -0.011439 0.999884
1780046192.770241 2.666667 -0.000458 2.673780 0.009384 0.005028 -0.011372 0.999879
1780046192.870314 2.705014 -0.000404 2.712611 0.009498 0.005510 -0.010860 0.999881
1780046192.969991 2.741448 -0.002792 2.746161 0.010139 0.005730 -0.010947 0.999872
1780046193.069512 2.773043 -0.006451 2.775717 0.010104 0.006186 -0.010607 0.999874
1780046193.170272 2.803819 -0.008344 2.808286 0.009595 0.006205 -0.011202 0.999872
1780046193.270117 2.836749 -0.008099 2.843525 0.009568 0.005809 -0.011825 0.999867
1780046193.370231 2.871031 -0.008944 2.878174 0.009778 0.005001 -0.011650 0.999872
1780046193.470147 2.907894 -0.008561 2.914406 0.009445 0.005438 -0.011730 0.999872
1780046193.570136 2.942791 -0.012446 2.945099 0.010878 0.006438 -0.011045 0.999859
1780046193.670123 2.976899 -0.013906 2.979384 0.010590 0.005960 -0.011322 0.999862
1780046193.769934 3.014372 -0.019533 3.016833 0.010937 0.005166 -0.011206 0.999864
1780046193.870084 3.045161 -0.017699 3.046992 0.010717 0.004205 -0.011323 0.999870
1780046193.970230 3.079520 -0.019566 3.080419 0.011047 0.004122 -0.011414 0.999865
1780046194.070156 3.115133 -0.019811 3.115633 0.011279 0.004474 -0.011305 0.999862
1780046194.170727 3.148060 -0.016035 3.151699 0.010828 0.004801 -0.010692 0.999873
1780046194.270255 3.179096 -0.020058 3.182349 0.010533 0.004690 -0.010262 0.999881
1780046194.370157 3.212675 -0.017399 3.216267 0.011636 0.003612 -0.009080 0.999885
1780046194.470129 3.244254 -0.018938 3.252972 0.011451 0.004134 -0.008849 0.999887
1780046194.570265 3.280880 -0.019961 3.287556 0.011792 0.004818 -0.008484 0.999883
1780046194.670363 3.319004 -0.022670 3.321987 0.012240 0.005131 -0.009261 0.999869
1780046194.770036 3.355486 -0.026872 3.358692 0.011250 0.005249 -0.008880 0.999884
1780046194.870262 3.392047 -0.024511 3.394114 0.011416 0.004213 -0.009761 0.999878
1780046194.970352 3.424058 -0.022543 3.425672 0.011088 0.004157 -0.009801 0.999882
1780046195.069963 3.460756 -0.021840 3.459960 0.011332 0.003035 -0.009283 0.999888
1780046195.170265 3.494934 -0.024118 3.495714 0.011018 0.002878 -0.009394 0.999891
1780046195.270203 3.529844 -0.028113 3.527943 0.011715 0.002546 -0.009432 0.999884
1780046195.370149 3.564125 -0.030965 3.562266 0.011114 0.003099 -0.009665 0.999887
1780046195.470428 3.598710 -0.036132 3.600390 0.011592 0.002906 -0.010005 0.999879
1780046195.570399 3.631234 -0.036464 3.634753 0.011052 0.003132 -0.009631 0.999888
1780046195.670221 3.668291 -0.037300 3.669194 0.011779 0.003701 -0.009758 0.999876
1780046195.770429 3.695950 -0.032587 3.702229 0.011584 0.004566 -0.009737 0.999875
1780046195.870228 3.731154 -0.036366 3.737127 0.011551 0.004535 -0.009468 0.999878
1780046195.970282 3.769919 -0.036375 3.776164 0.011976 0.004607 -0.009164 0.999876
1780046196.070427 3.802444 -0.034628 3.807996 0.011484 0.005717 -0.008805 0.999879
1780046196.170150 3.837920 -0.034878 3.839578 0.011289 0.005740 -0.009165 0.999878
1780046196.270607 3.876133 -0.039779 3.874038 0.011487 0.005665 -0.009125 0.999876
1780046196.369925 3.912432 -0.034012 3.910608 0.011881 0.005190 -0.009764 0.999868
1780046196.470314 3.943739 -0.036506 3.942598 0.012446 0.004292 -0.009891 0.999864
1780046196.569915 3.982607 -0.040608 3.980949 0.012601 0.003778 -0.009506 0.999868
1780046196.670299 4.018612 -0.039419 4.014416 0.011798 0.003935 -0.009677 0.999876
1780046196.770349 4.053517 -0.038549 4.050534 0.011918 0.004885 -0.009844 0.999869
1780046196.870147 4.089055 -0.038192 4.082690 0.011932 0.005289 -0.010476 0.999860
1780046196.970219 4.120265 -0.040372 4.113347 0.011839 0.005505 -0.010618 0.999858
1780046197.070386 4.156542 -0.040653 4.148324 0.011212 0.005164 -0.010722 0.999866
1780046197.169937 4.192159 -0.044437 4.184162 0.012000 0.004725 -0.010362 0.999863
1780046197.269873 4.224478 -0.042934 4.212985 0.011956 0.005431 -0.009288 0.999871
1780046197.370343 4.257074 -0.044567 4.247194 0.011109 0.005623 -0.009081 0.999881
1780046197.470145 4.287795 -0.044010 4.280501 0.010183 0.004069 -0.009601 0.999894
1780046197.570309 4.322698 -0.043130 4.315251 0.010946 0.004944 -0.009584 0.999882
1780046197.670369 4.358118 -0.043899 4.351408 0.011585 0.004012 -0.009485 0.999880
1780046197.770182 4.397673 -0.046033 4.388150 0.012048 0.003280 -0.009945 0.999873
1780046197.870235 4.430166 -0.050916 4.424140 0.011218 0.003057 -0.010109 0.999881
1780046197.970416 4.467053 -0.052683 4.460886 0.011263 0.003159 -0.010947 0.999872
1780046198.070465 4.503716 -0.053278 4.498850 0.009911 0.004108 -0.011141 0.999880
1780046198.170781 4.532006 -0.052020 4.530279 0.009685 0.003871 -0.011636 0.999878
1780046198.270315 4.562904 -0.048680 4.561438 0.008577 0.006125 -0.013155 0.999858
1780046198.370338 4.599969 -0.050704 4.592200 0.009458 0.005501 -0.012090 0.999867
1780046198.470277 4.638760 -0.047141 4.627821 0.009411 0.005265 -0.012628 0.999862
1780046198.570259 4.673813 -0.049751 4.658887 0.010209 0.005157 -0.012234 0.999860
1780046198.670035 4.715755 -0.049536 4.700810 0.009953 0.005398 -0.011728 0.999867
1780046198.770323 4.750576 -0.048163 4.736365 0.010103 0.005307 -0.012154 0.999861
1780046198.870228 4.788249 -0.049582 4.773141 0.009500 0.005623 -0.012202 0.999865
1780046198.970329 4.822409 -0.051037 4.811870 0.009115 0.006044 -0.012374 0.999864
1780046199.070375 4.858003 -0.051278 4.842268 0.009656 0.005704 -0.012796 0.999855
1780046199.170240 4.894249 -0.052228 4.874537 0.009644 0.006160 -0.011826 0.999865
1780046199.270087 4.927016 -0.054542 4.910232 0.009818 0.005673 -0.012532 0.999857
1780046199.370359 4.962257 -0.053087 4.944683 0.010325 0.005157 -0.012996 0.999849
1780046199.470250 4.992479 -0.050023 4.979486 0.010036 0.004946 -0.012997 0.999853
1780046199.570485 5.024853 -0.050978 5.008506 0.010369 0.004295 -0.013180 0.999850
1780046199.669978 5.061580 -0.056943 5.045545 0.009256 0.004705 -0.012908 0.999863
1780046199.770286 5.095105 -0.054478 5.079569 0.009354 0.004469 -0.013129 0.999860
1780046199.870216 5.126695 -0.058104 5.109371 0.009331 0.003867 -0.013269 0.999861
1780046199.970068 5.163020 -0.061066 5.141914 0.008838 0.004093 -0.013894 0.999856
1780046200.069923 5.199902 -0.064056 5.176863 0.009298 0.004128 -0.014034 0.999850
1780046200.170227 5.236192 -0.064893 5.211891 0.009035 0.004860 -0.013528 0.999856
1780046200.269441 5.271562 -0.066399 5.250580 0.009172 0.005212 -0.014086 0.999845
1780046200.369284 5.308244 -0.066748 5.288796 0.008948 0.005035 -0.013391 0.999858
1780046200.470213 5.343362 -0.067433 5.323864 0.009423 0.004596 -0.013960 0.999848
1780046200.570312 5.374377 -0.069705 5.356087 0.009654 0.004329 -0.012993 0.999860
1780046200.670353 5.407168 -0.075730 5.389838 0.009457 0.003736 -0.012839 0.999866
1780046200.770189 5.440516 -0.076967 5.421209 0.009853 0.002223 -0.013439 0.999859
1780046200.870379 5.475128 -0.079651 5.458778 0.009619 0.002536 -0.013558 0.999859
1780046200.970542 5.518070 -0.073263 5.501197 0.009273 0.002778 -0.014542 0.999847
1780046201.070686 5.556338 -0.074439 5.537218 0.008848 0.002160 -0.015084 0.999845
1780046201.170358 5.586768 -0.076937 5.566425 0.009378 0.002453 -0.014859 0.999843
1780046201.270267 5.620737 -0.071862 5.599097 0.009067 0.002924 -0.014727 0.999846
1780046201.370297 5.653902 -0.073059 5.634190 0.009553 0.004238 -0.014082 0.999846
1780046201.470351 5.694390 -0.077938 5.677419 0.010711 0.006959 -0.014294 0.999816
1780046201.570168 5.731122 -0.077551 5.707300 0.010603 0.007715 -0.014133 0.999814
1780046201.670325 5.760164 -0.077398 5.740693 0.010033 0.007966 -0.014264 0.999816
1780046201.770316 5.789634 -0.087159 5.770642 0.010817 0.006866 -0.013955 0.999821
1780046201.870269 5.823210 -0.086068 5.801893 0.009730 0.006811 -0.014206 0.999829
1780046201.970247 5.856525 -0.088145 5.836976 0.010535 0.006153 -0.013299 0.999837
1780046202.070132 5.895516 -0.086455 5.870732 0.010456 0.006206 -0.012264 0.999851
1780046202.170314 5.932582 -0.088872 5.903397 0.011833 0.005644 -0.012236 0.999839
1780046202.269285 5.969089 -0.089679 5.939613 0.012678 0.004684 -0.010820 0.999850
1780046202.370260 6.006173 -0.089421 5.975077 0.011993 0.004975 -0.011253 0.999852
1780046202.470240 6.043813 -0.092467 6.011571 0.011959 0.005136 -0.012324 0.999839
1780046202.570345 6.078272 -0.095120 6.044508 0.012141 0.004746 -0.012082 0.999842
1780046202.670376 6.110814 -0.093017 6.079706 0.011031 0.005352 -0.012060 0.999852
1780046202.770545 6.139671 -0.097726 6.113828 0.011330 0.005668 -0.011851 0.999850
1780046202.870268 6.174831 -0.096658 6.146497 0.011030 0.005871 -0.011693 0.999854
1780046202.970089 6.208381 -0.099812 6.182422 0.010851 0.005028 -0.011715 0.999860
1780046203.070083 6.240942 -0.101837 6.215645 0.011016 0.004862 -0.012067 0.999855
1780046203.170558 6.276128 -0.099364 6.248738 0.010750 0.004088 -0.011726 0.999865
1780046203.270355 6.309451 -0.099771 6.286922 0.011386 0.003576 -0.012007 0.999857
1780046203.370254 6.344896 -0.103281 6.321676 0.011642 0.003584 -0.011866 0.999855
1780046203.470259 6.377334 -0.105316 6.356692 0.011334 0.003475 -0.011552 0.999863
1780046203.570379 6.413696 -0.103080 6.392064 0.010876 0.003165 -0.011120 0.999874
1780046203.670490 6.449352 -0.109968 6.426802 0.011731 0.003350 -0.011351 0.999861
1780046203.770146 6.485058 -0.108960 6.460012 0.011754 0.003699 -0.011114 0.999862
1780046203.869979 6.521289 -0.108016 6.499053 0.011173 0.003727 -0.011528 0.999864
1780046203.969333 6.554227 -0.105066 6.532239 0.011216 0.003214 -0.011940 0.999861
1780046204.070421 6.589721 -0.108981 6.566768 0.011585 0.002920 -0.012400 0.999852
1780046204.169944 6.619903 -0.111611 6.599340 0.011356 0.002316 -0.011982 0.999861
1780046204.270460 6.648933 -0.107239 6.625999 0.012029 0.002203 -0.012279 0.999850
1780046204.370235 6.683627 -0.110489 6.661256 0.010821 0.001884 -0.012098 0.999866
1780046204.470403 6.720087 -0.116106 6.693669 0.011167 0.001935 -0.011974 0.999864
1780046204.570293 6.754601 -0.113790 6.729450 0.010987 0.001907 -0.012723 0.999857
1780046204.670385 6.790861 -0.110961 6.764245 0.011539 0.001266 -0.012744 0.999851
1780046204.770014 6.825349 -0.117185 6.801607 0.011069 0.001343 -0.012776 0.999856
1780046204.870192 6.859612 -0.118226 6.834717 0.011108 0.001051 -0.012558 0.999859
1780046204.970358 6.894822 -0.121469 6.870804 0.011399 0.001253 -0.011650 0.999866
1780046205.069949 6.931959 -0.122012 6.908849 0.011830 0.001684 -0.011835 0.999859
1780046205.170511 6.960058 -0.123683 6.939332 0.011344 0.002013 -0.011228 0.999871
1780046205.270340 6.995807 -0.125776 6.979669 0.011799 0.001975 -0.011015 0.999868
1780046205.369994 7.025885 -0.122707 7.014591 0.011799 0.000379 -0.011476 0.999864
1780046205.470323 7.061211 -0.121695 7.049636 0.012228 -0.000771 -0.011713 0.999856
1780046205.569938 7.096981 -0.122360 7.079596 0.012035 -0.001087 -0.012031 0.999855
1780046205.669986 7.129008 -0.124299 7.109490 0.011231 0.000437 -0.012660 0.999857
1780046205.770337 7.167607 -0.130053 7.142217 0.011576 0.000944 -0.012113 0.999859
1780046205.870292 7.201108 -0.127037 7.177461 0.010935 0.000722 -0.012087 0.999867
1780046205.969989 7.238047 -0.129195 7.214646 0.011177 0.000949 -0.012409 0.999860
1780046206.069928 7.271352 -0.127085 7.249137 0.011752 0.001770 -0.012955 0.999845
1780046206.170070 7.305373 -0.129741 7.284395 0.011172 0.002825 -0.012087 0.999861
1780046206.269989 7.344935 -0.133013 7.324158 0.011294 0.004340 -0.012367 0.999850
1780046206.369934 7.379284 -0.136258 7.358053 0.011519 0.005075 -0.012369 0.999844
1780046206.470501 7.416314 -0.136703 7.390777 0.011545 0.003344 -0.011960 0.999856
1780046206.569997 7.452698 -0.128102 7.424883 0.011974 0.002417 -0.011690 0.999857
1780046206.669931 7.489370 -0.126973 7.459391 0.011490 0.002487 -0.011324 0.999867
1780046206.770060 7.529019 -0.135712 7.503076 0.011329 0.003001 -0.011838 0.999861
1780046206.869996 7.562681 -0.133234 7.541780 0.011587 0.003211 -0.011695 0.999859
1780046206.969913 7.594901 -0.134457 7.571438 0.012843 0.002383 -0.011766 0.999845
1780046207.070291 7.625887 -0.134815 7.604548 0.011574 0.002460 -0.012266 0.999855
1780046207.170447 7.661558 -0.137154 7.640306 0.012372 0.002104 -0.012539 0.999843
1780046207.269965 7.696544 -0.138149 7.674509 0.012593 0.001501 -0.012376 0.999843
1780046207.370200 7.728578 -0.137011 7.705158 0.012163 0.000613 -0.012517 0.999847
1780046207.470077 7.762644 -0.136830 7.739553 0.011579 0.000923 -0.012815 0.999850
1780046207.569438 7.795504 -0.140037 7.776766 0.011330 0.001291 -0.013240 0.999847
1780046207.670437 7.831635 -0.144057 7.814564 0.011265 0.001320 -0.013326 0.999847
1780046207.770416 7.862888 -0.148078 7.848260 0.010975 0.001105 -0.013324 0.999850
1780046207.869310 7.891717 -0.149197 7.877343 0.011580 0.001369 -0.012579 0.999853
1780046207.970469 7.928445 -0.151806 7.915842 0.011702 0.001472 -0.012345 0.999854
1780046208.070417 7.965527 -0.152900 7.945673 0.012113 0.002147 -0.011757 0.999855
1780046208.169968 8.006370 -0.150623 7.984089 0.011888 0.002609 -0.012005 0.999854
1780046208.270299 8.036146 -0.151809 8.017741 0.011763 0.002417 -0.012652 0.999848
1780046208.370431 8.069813 -0.151092 8.049707 0.012478 0.002563 -0.012239 0.999844
1780046208.470230 8.107049 -0.151932 8.081558 0.011819 0.002628 -0.012009 0.999855
1780046208.570229 8.136143 -0.152053 8.113687 0.012495 0.002844 -0.012908 0.999835
1780046208.670411 8.168754 -0.157624 8.150234 0.012183 0.003392 -0.012706 0.999839
1780046208.770379 8.203885 -0.161085 8.186191 0.011720 0.002949 -0.012868 0.999844
1780046208.870214 8.232002 -0.165447 8.219861 0.011752 0.003689 -0.012747 0.999843
1780046208.970097 8.270026 -0.164407 8.254952 0.011978 0.003362 -0.012576 0.999844
1780046209.070361 8.312191 -0.163617 8.292263 0.011416 0.003624 -0.013214 0.999841
1780046209.170332 8.348946 -0.160075 8.322410 0.011607 0.003939 -0.013239 0.999837
1780046209.270310 8.386206 -0.161743 8.363271 0.011213 0.004139 -0.013253 0.999841
1780046209.370142 8.414588 -0.160197 8.393739 0.011759 0.003903 -0.012998 0.999839
1780046209.470319 8.451799 -0.158967 8.423731 0.013178 0.003285 -0.012720 0.999827
1780046209.569314 8.495590 -0.159351 8.465289 0.013302 0.003125 -0.012145 0.999833
1780046209.670320 8.527801 -0.159168 8.499932 0.013085 0.002689 -0.012266 0.999836
1780046209.770326 8.560603 -0.161002 8.533607 0.013246 0.003020 -0.011019 0.999847
1780046209.869329 8.596846 -0.165566 8.572198 0.012867 0.003510 -0.011638 0.999843
1780046209.970342 8.628406 -0.172653 8.603455 0.013927 0.002676 -0.011883 0.999829
1780046210.070354 8.655662 -0.173177 8.629068 0.013628 0.002764 -0.011725 0.999835
1780046210.170089 8.693105 -0.173446 8.664323 0.014231 0.002887 -0.012067 0.999822
1780046210.270411 8.730370 -0.174744 8.705048 0.014107 0.002626 -0.011896 0.999826
1780046210.370784 8.767422 -0.173337 8.741151 0.014252 0.002748 -0.011511 0.999828
1780046210.470119 8.801887 -0.179873 8.781227 0.013292 0.003120 -0.011530 0.999840
1780046210.570408 8.832716 -0.178068 8.812083 0.013431 0.003113 -0.011144 0.999843
1780046210.670330 8.870755 -0.183547 8.847903 0.013908 0.002905 -0.011614 0.999832
1780046210.770451 8.905817 -0.189757 8.884633 0.014120 0.003094 -0.011469 0.999830
1780046210.869474 8.942154 -0.188276 8.916374 0.014587 0.003100 -0.010993 0.999828
1780046210.970339 8.978213 -0.188601 8.953117 0.014415 0.003633 -0.010337 0.999836
1780046211.070088 9.014586 -0.186590 8.985996 0.014702 0.003702 -0.010407 0.999831
1780046211.170069 9.049247 -0.189721 9.017160 0.014532 0.004136 -0.009834 0.999837
1780046211.270359 9.084813 -0.184978 9.051098 0.014592 0.004271 -0.009743 0.999837
1780046211.370284 9.116358 -0.186719 9.085428 0.014504 0.004619 -0.009738 0.999837
1780046211.469484 9.153727 -0.186363 9.117747 0.014595 0.005286 -0.009239 0.999837
1780046211.570476 9.181687 -0.189631 9.149456 0.014544 0.005608 -0.010113 0.999827
1780046211.670436 9.213256 -0.194124 9.183736 0.013816 0.005683 -0.010363 0.999835
1780046211.770315 9.246862 -0.193620 9.213635 0.014184 0.004983 -0.010595 0.999831
1780046211.870371 9.279330 -0.198027 9.245779 0.013156 0.004777 -0.010888 0.999843
1780046211.970108 9.315777 -0.197749 9.288669 0.012885 0.004727 -0.010989 0.999845
1780046212.070043 9.356757 -0.193756 9.325114 0.012288 0.005018 -0.011331 0.999848
1780046212.170353 9.391886 -0.195283 9.360907 0.013030 0.004394 -0.011993 0.999834
1780046212.270430 9.430937 -0.194401 9.396517 0.012812 0.004383 -0.012033 0.999836
1780046212.369296 9.463589 -0.196619 9.429055 0.012452 0.004164 -0.012333 0.999838
1780046212.470359 9.495379 -0.198138 9.459340 0.012304 0.003845 -0.012425 0.999840
1780046212.570052 9.530870 -0.203433 9.498211 0.012488 0.004929 -0.012293 0.999834
1780046212.670301 9.566845 -0.201975 9.536602 0.011783 0.005577 -0.012934 0.999831
1780046212.770388 9.604077 -0.202930 9.573187 0.012015 0.006056 -0.011753 0.999840
1780046212.870477 9.636615 -0.201389 9.604024 0.011748 0.005594 -0.012128 0.999842
1780046212.970083 9.665895 -0.202135 9.636677 0.011576 0.005973 -0.011944 0.999844
1780046213.070249 9.703255 -0.207587 9.670920 0.014126 0.006846 -0.011073 0.999815
1780046213.170176 9.742641 -0.222871 9.709322 0.019071 0.009746 -0.011397 0.999706
1780046213.270436 9.778768 -0.216884 9.742277 0.014743 0.007215 -0.013478 0.999774
1780046213.370552 9.814065 -0.215081 9.772795 0.014164 0.006261 -0.012627 0.999800
1780046213.470461 9.847064 -0.214829 9.808205 0.013912 0.005454 -0.012870 0.999806
1780046213.569999 9.881921 -0.212544 9.838020 0.014410 0.007398 -0.013573 0.999777
1780046213.670563 9.909305 -0.207498 9.873660 0.012717 0.000742 -0.016696 0.999779
1780046213.770091 9.930562 -0.207812 9.906330 0.008219 -0.002567 -0.014932 0.999851
1780046213.870017 9.973531 -0.213511 9.947759 0.010217 -0.000449 -0.014721 0.999839
1780046213.970501 10.004795 -0.221304 9.986446 0.009986 -0.000095 -0.012769 0.999869
1780046214.070103 10.039009 -0.223884 10.017227 0.011578 0.000063 -0.012694 0.999852
1780046214.170044 10.080478 -0.224979 10.052296 0.012222 0.000652 -0.011903 0.999854
1780046214.270165 10.114644 -0.226525 10.085985 0.012437 0.002882 -0.012228 0.999844
1780046214.370097 10.148904 -0.225166 10.121636 0.012470 0.000963 -0.011828 0.999852
1780046214.470027 10.190241 -0.221059 10.154812 0.012708 0.004648 -0.013224 0.999821
1780046214.570182 10.233414 -0.215114 10.192039 0.010476 0.008145 -0.017177 0.999764
1780046214.670111 10.265308 -0.222466 10.224173 0.011975 0.006994 -0.016082 0.999774
1780046214.770326 10.294119 -0.226447 10.260185 0.011620 0.005723 -0.016113 0.999786
1780046214.870187 10.321259 -0.226914 10.287620 0.011227 0.004064 -0.016170 0.999798
1780046214.970208 10.352977 -0.233274 10.319063 0.012708 0.002374 -0.015494 0.999796
1780046215.070486 10.394162 -0.228735 10.358131 0.011642 0.002105 -0.014876 0.999819
1780046215.170200 10.431167 -0.236248 10.398450 0.011631 0.002310 -0.015667 0.999807
1780046215.270111 10.462254 -0.238312 10.430113 0.011914 0.002624 -0.015209 0.999810
1780046215.370023 10.498029 -0.236962 10.463122 0.010837 0.003322 -0.015301 0.999819
1780046215.470199 10.533887 -0.234547 10.500203 0.010440 0.003983 -0.015608 0.999816
1780046215.570179 10.569563 -0.235146 10.536606 0.011567 0.004443 -0.015257 0.999807
1780046215.670461 10.604155 -0.238801 10.565566 0.011055 0.003880 -0.014448 0.999827
1780046215.770507 10.639361 -0.243057 10.601842 0.011933 0.004676 -0.014495 0.999813
1780046215.870144 10.672933 -0.245731 10.631792 0.011392 0.004371 -0.013965 0.999828
1780046215.970033 10.702854 -0.249986 10.664421 0.012136 0.004435 -0.013867 0.999820
1780046216.070420 10.737097 -0.248996 10.700069 0.011606 0.004589 -0.013324 0.999833
1780046216.169403 10.772868 -0.249993 10.734755 0.012465 0.004481 -0.014489 0.999807
1780046216.270510 10.803730 -0.250379 10.764198 0.012604 0.003582 -0.014858 0.999804
1780046216.370436 10.835047 -0.257455 10.801138 0.012088 0.004073 -0.015218 0.999803
1780046216.470500 10.875962 -0.256886 10.838897 0.011828 0.003620 -0.014934 0.999812
1780046216.570093 10.905478 -0.255983 10.872353 0.011571 0.003258 -0.014734 0.999819
1780046216.670448 10.940203 -0.256693 10.906168 0.010827 0.002930 -0.014866 0.999827
1780046216.769625 10.972932 -0.261445 10.941077 0.011554 0.002378 -0.014610 0.999824
1780046216.870446 11.010487 -0.259490 10.978192 0.011155 0.002646 -0.014904 0.999823
1780046216.970429 11.045019 -0.254633 11.011968 0.010732 0.002416 -0.014800 0.999830
1780046217.070155 11.082602 -0.257669 11.047218 0.011675 0.001882 -0.015002 0.999818
1780046217.170365 11.119916 -0.266627 11.087901 0.011388 0.001684 -0.014088 0.999834
1780046217.270465 11.150506 -0.267526 11.118414 0.011176 0.002107 -0.014202 0.999834
1780046217.370559 11.187785 -0.266689 11.154835 0.011373 0.002473 -0.013908 0.999836
1780046217.470095 11.224721 -0.269367 11.190441 0.011256 0.001999 -0.014027 0.999836
1780046217.570596 11.253078 -0.274465 11.221749 0.011342 0.002702 -0.013544 0.999840
1780046217.670561 11.287300 -0.275769 11.257901 0.011505 0.001703 -0.014255 0.999831
1780046217.769855 11.315793 -0.273242 11.283860 0.011893 0.001168 -0.014572 0.999822
1780046217.870452 11.345950 -0.276982 11.316261 0.011552 0.000112 -0.015049 0.999820
1780046217.970575 11.383291 -0.278513 11.353983 0.011040 0.000080 -0.014793 0.999830
1780046218.070507 11.421396 -0.278986 11.391474 0.011368 -0.000122 -0.014942 0.999824
1780046218.170344 11.452569 -0.277636 11.421334 0.010849 -0.000696 -0.014649 0.999834
1780046218.270344 11.488410 -0.278455 11.457246 0.010653 -0.000532 -0.014835 0.999833
1780046218.370139 11.527182 -0.279786 11.494491 0.010793 -0.000217 -0.015508 0.999821
1780046218.470081 11.563890 -0.283352 11.527863 0.010738 0.000079 -0.015024 0.999829
1780046218.570629 11.599450 -0.285035 11.564319 0.010909 0.000407 -0.015764 0.999816
1780046218.670312 11.632537 -0.283451 11.599468 0.010615 0.000780 -0.015486 0.999823
1780046218.769578 11.670969 -0.283154 11.636840 0.010640 0.001424 -0.014884 0.999832
1780046218.870588 11.707015 -0.282990 11.676645 0.010248 0.001749 -0.015244 0.999830
1780046218.970546 11.738864 -0.285780 11.709284 0.010385 0.002561 -0.014446 0.999838
1780046219.070313 11.769726 -0.288964 11.747176 0.010133 0.002840 -0.014788 0.999835
1780046219.170166 11.804794 -0.289991 11.779779 0.011400 0.002982 -0.014243 0.999829
1780046219.270541 11.839612 -0.287228 11.811173 0.011230 0.003608 -0.014449 0.999826
1780046219.370539 11.876759 -0.289843 11.846592 0.011687 0.003293 -0.015418 0.999807
1780046219.470519 11.906824 -0.288276 11.870578 0.011297 0.002392 -0.015641 0.999811
1780046219.570098 11.932431 -0.290533 11.903748 0.010434 0.003021 -0.015652 0.999818
1780046219.670355 11.965963 -0.295789 11.941537 0.010950 0.002416 -0.016085 0.999808
1780046219.769759 12.003600 -0.295790 11.977665 0.010382 0.001570 -0.015693 0.999822
1780046219.870488 12.042037 -0.295790 12.018337 0.010478 0.001850 -0.016313 0.999810
1780046219.970477 12.071124 -0.293027 12.049610 0.009557 0.001279 -0.015275 0.999837
1780046220.069478 12.109648 -0.292752 12.084386 0.010645 0.001172 -0.015591 0.999821
1780046220.170569 12.147924 -0.295557 12.114052 0.011412 0.000529 -0.014759 0.999826
1780046220.270477 12.182337 -0.295452 12.144577 0.010284 0.000902 -0.014957 0.999835
1780046220.370224 12.219151 -0.295443 12.176825 0.010891 0.001215 -0.014400 0.999836
1780046220.470189 12.254616 -0.293120 12.211927 0.011304 0.001666 -0.014267 0.999833
1780046220.570468 12.281080 -0.300156 12.248489 0.010517 0.002961 -0.014241 0.999839
1780046220.669914 12.315272 -0.305847 12.288893 0.010913 0.002868 -0.014213 0.999835
1780046220.770491 12.345998 -0.308221 12.321871 0.011649 0.002331 -0.014855 0.999819
1780046220.870653 12.381582 -0.314268 12.356888 0.010804 0.002158 -0.014822 0.999829
1780046220.969465 12.418899 -0.318878 12.392887 0.010693 0.001318 -0.015150 0.999827
1780046221.070560 12.447179 -0.318819 12.421621 0.010614 0.001058 -0.015843 0.999818
1780046221.170493 12.483316 -0.317875 12.455757 0.010666 0.000649 -0.015091 0.999829
1780046221.270242 12.522717 -0.313269 12.492758 0.010281 0.001002 -0.015418 0.999828
1780046221.370184 12.562082 -0.313841 12.530056 0.010242 0.000731 -0.015666 0.999825
1780046221.469796 12.599497 -0.316744 12.568695 0.010129 0.001031 -0.015662 0.999826
1780046221.570196 12.634780 -0.314795 12.601576 0.010077 0.001083 -0.015611 0.999827
1780046221.670548 12.668710 -0.317775 12.639232 0.010737 0.001097 -0.015636 0.999820
1780046221.770277 12.700286 -0.314789 12.672893 0.010449 0.000987 -0.015433 0.999826
1780046221.870214 12.733986 -0.315997 12.707685 0.010713 0.001488 -0.014725 0.999833
1780046221.970547 12.764368 -0.320091 12.739809 0.010610 0.001758 -0.014659 0.999835
1780046222.070501 12.798133 -0.321408 12.769238 0.010915 0.002119 -0.014321 0.999836
1780046222.170204 12.836708 -0.322784 12.801994 0.010764 0.001759 -0.014121 0.999841
1780046222.271008 12.874859 -0.321718 12.838477 0.011462 0.002337 -0.014442 0.999827
1780046222.370414 12.910473 -0.326045 12.872343 0.011868 0.001990 -0.015116 0.999813
1780046222.470540 12.941210 -0.327387 12.904064 0.011459 0.002276 -0.014961 0.999820
1780046222.570142 12.975296 -0.328362 12.942044 0.010682 0.001975 -0.016041 0.999812
1780046222.670285 13.014879 -0.327997 12.982499 0.011451 0.001562 -0.015693 0.999810
1780046222.770225 13.045748 -0.327418 13.021652 0.010284 0.001880 -0.015927 0.999818
1780046222.869437 13.077079 -0.324781 13.051928 0.010930 0.001535 -0.015233 0.999823
1780046222.970661 13.111184 -0.328471 13.085193 0.011094 0.001441 -0.016015 0.999809
1780046223.070222 13.146986 -0.329428 13.117453 0.011155 0.000685 -0.015761 0.999813
1780046223.169524 13.181750 -0.331120 13.152231 0.010937 0.000777 -0.014960 0.999828
1780046223.269402 13.212916 -0.334117 13.185861 0.011322 0.000683 -0.015011 0.999823
1780046223.370224 13.246108 -0.339719 13.218145 0.011453 0.000252 -0.014800 0.999825
1780046223.470604 13.282555 -0.339387 13.254794 0.011060 0.001074 -0.014243 0.999837
1780046223.570309 13.317876 -0.340860 13.292276 0.011140 0.001024 -0.014464 0.999833
1780046223.670239 13.354056 -0.343248 13.328644 0.011436 0.000511 -0.013883 0.999838
1780046223.769445 13.388121 -0.342718 13.362645 0.011222 0.001291 -0.013685 0.999843
1780046223.870536 13.428428 -0.345251 13.401726 0.011974 0.000707 -0.014061 0.999829
1780046223.970219 13.458075 -0.348647 13.432177 0.011150 0.000806 -0.014422 0.999833
1780046224.069532 13.483794 -0.348182 13.459670 0.011259 0.000437 -0.015083 0.999823
1780046224.170685 13.515297 -0.342359 13.488118 0.011269 0.000350 -0.014877 0.999826
1780046224.270647 13.550729 -0.342740 13.524856 0.010127 -0.000181 -0.015279 0.999832
1780046224.370170 13.582318 -0.342901 13.558764 0.009293 0.000269 -0.015525 0.999836
1780046224.469776 13.616317 -0.343932 13.591969 0.009161 0.000269 -0.015585 0.999837
1780046224.570652 13.654342 -0.348232 13.633611 0.009298 0.000765 -0.016208 0.999825
1780046224.670537 13.694262 -0.349747 13.674656 0.009310 0.000463 -0.016109 0.999827
1780046224.770329 13.729865 -0.352983 13.712719 0.008710 0.000814 -0.015324 0.999844
1780046224.870658 13.756271 -0.354860 13.741083 0.008814 0.000785 -0.015227 0.999845
1780046224.969860 13.791312 -0.352604 13.772759 0.009924 0.001119 -0.014723 0.999842
1780046225.069817 13.823074 -0.351483 13.802731 0.009633 0.001814 -0.015291 0.999835
1780046225.170600 13.861185 -0.354174 13.839043 0.009205 0.002201 -0.015568 0.999834
1780046225.270604 13.897095 -0.355873 13.875781 0.009622 0.002905 -0.015523 0.999829
1780046225.370412 13.933275 -0.359522 13.912412 0.010762 0.003226 -0.015371 0.999819
1780046225.470270 13.968112 -0.362174 13.943994 0.010558 0.002655 -0.015878 0.999815
1780046225.571080 14.004698 -0.360102 13.976993 0.010618 0.002447 -0.016309 0.999808
1780046225.670561 14.035811 -0.363091 14.009292 0.010450 0.002144 -0.016327 0.999810
1780046225.770296 14.067366 -0.367403 14.042104 0.010449 0.001911 -0.016283 0.999811
1780046225.870605 14.104045 -0.364693 14.083268 0.010043 0.001220 -0.015943 0.999822
1780046225.969874 14.141560 -0.360401 14.117624 0.010214 0.001073 -0.016174 0.999816
1780046226.070394 14.176200 -0.355199 14.150672 0.010051 0.000600 -0.016282 0.999817
1780046226.170658 14.205616 -0.358000 14.183159 0.010715 0.000229 -0.015535 0.999822
1780046226.270751 14.235848 -0.362366 14.215661 0.009647 0.000656 -0.015286 0.999836
1780046226.369544 14.272310 -0.368077 14.251315 0.011001 0.000117 -0.015058 0.999826
1780046226.470578 14.308725 -0.371880 14.288157 0.010459 0.001114 -0.014664 0.999837
1780046226.570567 14.344679 -0.375422 14.322661 0.011199 0.001282 -0.014441 0.999832
1780046226.670275 14.377063 -0.379572 14.355964 0.010948 0.002117 -0.014580 0.999832
1780046226.770269 14.409150 -0.385758 14.390103 0.010419 0.002672 -0.014069 0.999843
1780046226.869868 14.444346 -0.382799 14.421792 0.011124 0.002009 -0.014282 0.999834
1780046226.969868 14.474769 -0.382897 14.450705 0.011703 0.001766 -0.014865 0.999819
1780046227.069734 14.509338 -0.387934 14.489090 0.011821 0.000508 -0.014429 0.999826
1780046227.170694 14.544044 -0.389965 14.526297 0.011557 -0.000044 -0.014530 0.999828
1780046227.270697 14.585290 -0.390258 14.565062 0.011989 -0.000625 -0.014228 0.999827
1780046227.369711 14.622444 -0.386330 14.602569 0.012035 -0.000181 -0.014100 0.999828
1780046227.470575 14.657406 -0.384632 14.637848 0.011447 -0.000804 -0.014105 0.999835
1780046227.570718 14.684918 -0.387363 14.668775 0.011516 -0.000417 -0.014471 0.999829
1780046227.670265 14.723076 -0.382240 14.703236 0.011743 -0.000671 -0.014542 0.999825
1780046227.770610 14.756049 -0.386219 14.735648 0.011445 -0.000135 -0.014429 0.999830
1780046227.869857 14.790134 -0.389161 14.770872 0.012756 0.000680 -0.013106 0.999833
1780046227.969916 14.824547 -0.391469 14.801220 0.012026 0.001022 -0.012171 0.999853
1780046228.070344 14.855284 -0.399625 14.836361 0.011889 0.002205 -0.013010 0.999842
1780046228.170687 14.892660 -0.398235 14.874832 0.011228 0.002945 -0.012212 0.999858
1780046228.269605 14.926325 -0.395737 14.906872 0.011221 0.003299 -0.012279 0.999856
1780046228.369820 14.967408 -0.394120 14.944158 0.011231 0.003190 -0.011598 0.999865
1780046228.470709 14.999899 -0.399613 14.978346 0.011193 0.003079 -0.012029 0.999860
1780046228.569613 15.034317 -0.401723 15.012356 0.011345 0.002532 -0.012884 0.999849
1780046228.671082 15.066025 -0.402517 15.047159 0.011646 0.002625 -0.012565 0.999850
1780046228.769812 15.095688 -0.404637 15.081916 0.011221 0.002408 -0.013047 0.999849
1780046228.869632 15.132766 -0.403864 15.115221 0.011314 0.001925 -0.013236 0.999847
1780046228.969984 15.166366 -0.404894 15.147445 0.010674 0.001190 -0.013908 0.999846
1780046229.070654 15.201514 -0.406226 15.180927 0.011282 0.001560 -0.013589 0.999843
1780046229.171173 15.232678 -0.408593 15.213525 0.010477 0.001931 -0.014133 0.999843
1780046229.269611 15.268278 -0.409233 15.250686 0.011184 0.002169 -0.014075 0.999836
1780046229.370729 15.304687 -0.410898 15.288036 0.010808 0.002000 -0.013839 0.999844
1780046229.470676 15.338564 -0.410470 15.323921 0.010500 0.001921 -0.013719 0.999849
1780046229.570613 15.376187 -0.408570 15.362179 0.010884 0.001763 -0.013594 0.999847
1780046229.670766 15.415629 -0.410917 15.399250 0.011346 0.001493 -0.013115 0.999849
1780046229.770365 15.452028 -0.410541 15.434675 0.011513 0.001689 -0.013383 0.999843
1780046229.869887 15.486734 -0.411282 15.469190 0.011734 0.001477 -0.012552 0.999851
1780046229.970681 15.518763 -0.413053 15.499600 0.012251 0.000327 -0.012960 0.999841
1780046230.070262 15.547632 -0.413891 15.526933 0.012391 -0.000207 -0.012838 0.999841
1780046230.169818 15.576585 -0.416126 15.557797 0.012233 0.000247 -0.012940 0.999841
1780046230.270693 15.607978 -0.418762 15.596272 0.010882 0.000970 -0.014067 0.999841
1780046230.370697 15.640080 -0.418931 15.628486 0.011565 0.000760 -0.013654 0.999840
1780046230.469899 15.672111 -0.422219 15.659723 0.011246 0.000883 -0.013934 0.999839
1780046230.570330 15.708392 -0.420456 15.693687 0.011256 0.000769 -0.013920 0.999839
1780046230.670291 15.737195 -0.424021 15.721933 0.011262 0.000967 -0.013741 0.999842
1780046230.769314 15.766799 -0.421948 15.752599 0.011244 0.001234 -0.013858 0.999840
1780046230.870700 15.801534 -0.421686 15.790729 0.010974 0.001836 -0.013891 0.999842
1780046230.970680 15.832076 -0.424465 15.819424 0.011826 0.001076 -0.013220 0.999842
1780046231.069621 15.867935 -0.422597 15.850922 0.011822 0.001509 -0.013575 0.999837
1780046231.170356 15.902037 -0.426223 15.886692 0.011773 0.001997 -0.013002 0.999844
1780046231.270708 15.930608 -0.429653 15.915795 0.012075 0.002282 -0.012589 0.999845
1780046231.370405 15.964105 -0.425835 15.948806 0.011584 0.002695 -0.012163 0.999855
1780046231.470380 15.996343 -0.429492 15.981201 0.012012 0.003213 -0.012235 0.999848
1780046231.569530 16.027597 -0.431653 16.009410 0.012392 0.003661 -0.011871 0.999846
1780046231.670832 16.060785 -0.436569 16.045068 0.011615 0.003968 -0.012070 0.999852
1780046231.770338 16.096490 -0.437317 16.076251 0.011967 0.003274 -0.012930 0.999839
1780046231.869648 16.121499 -0.442244 16.104032 0.012449 0.003097 -0.013112 0.999832
1780046231.970441 16.146334 -0.440135 16.132881 0.011626 0.003031 -0.013095 0.999842
1780046232.070359 16.174916 -0.441390 16.165159 0.011250 0.003208 -0.012935 0.999848
1780046232.170697 16.208291 -0.438959 16.197262 0.010928 0.002464 -0.012946 0.999853
1780046232.270648 16.245348 -0.436110 16.229579 0.011545 0.002235 -0.013023 0.999846
1780046232.370385 16.275303 -0.438548 16.260122 0.011844 0.001467 -0.013629 0.999836
1780046232.469651 16.302387 -0.440125 16.290784 0.010780 0.001723 -0.013343 0.999851
1780046232.570440 16.333777 -0.442011 16.320864 0.011545 0.001358 -0.013696 0.999839
1780046232.670350 16.364968 -0.440917 16.349559 0.011931 0.001538 -0.013033 0.999843
1780046232.769927 16.398094 -0.440045 16.379780 0.011719 0.001511 -0.013259 0.999842
1780046232.870441 16.432355 -0.443975 16.415725 0.011988 0.002318 -0.012495 0.999847
1780046232.970373 16.456231 -0.448758 16.438368 0.011585 0.002472 -0.012470 0.999852
1780046233.070705 16.487094 -0.449673 16.469358 0.011212 0.002263 -0.011883 0.999864
1780046233.169975 16.517915 -0.452363 16.501651 0.011793 0.002936 -0.012240 0.999851
1780046233.270355 16.547805 -0.451399 16.532852 0.011428 0.004166 -0.012163 0.999852
1780046233.369660 16.578781 -0.451493 16.563259 0.011878 0.003841 -0.012372 0.999846
1780046233.470851 16.606622 -0.453818 16.591394 0.012465 0.003550 -0.013188 0.999829
1780046233.570373 16.635019 -0.455393 16.623030 0.011853 0.004202 -0.013287 0.999833
1780046233.669506 16.669197 -0.457237 16.653184 0.011847 0.003671 -0.012985 0.999839
1780046233.770865 16.697706 -0.461512 16.686929 0.011250 0.004313 -0.013085 0.999842
1780046233.869332 16.730264 -0.460601 16.718740 0.011185 0.004997 -0.012748 0.999844
1780046233.970741 16.760986 -0.467308 16.750093 0.010805 0.004987 -0.012581 0.999850
1780046234.070470 16.786284 -0.464471 16.776537 0.011075 0.005287 -0.013802 0.999829
1780046234.170419 16.813034 -0.463466 16.802533 0.011093 0.005267 -0.013941 0.999827
1780046234.269747 16.839346 -0.457455 16.826201 0.010499 0.004669 -0.013892 0.999837
1780046234.369806 16.865776 -0.459223 16.856916 0.010615 0.004902 -0.014057 0.999833
1780046234.469322 16.890536 -0.454974 16.880772 0.008869 0.001575 -0.014387 0.999856
1780046234.570731 16.925207 -0.458592 16.917192 0.009435 0.001479 -0.014017 0.999856
1780046234.669889 16.957690 -0.460711 16.947470 0.008906 0.001408 -0.013644 0.999866
1780046234.769349 16.993669 -0.458355 16.980648 0.009610 0.001234 -0.013784 0.999858
1780046234.870736 17.029377 -0.462345 17.017265 0.009566 0.001017 -0.013177 0.999867
1780046234.969944 17.068785 -0.465006 17.056675 0.009121 0.001596 -0.013332 0.999868
1780046235.070427 17.105734 -0.465992 17.091615 0.009604 0.001561 -0.012725 0.999872
1780046235.170366 17.136670 -0.467807 17.123756 0.009504 0.002932 -0.013997 0.999853
1780046235.269954 17.172407 -0.463260 17.152912 0.010115 0.004520 -0.015108 0.999824
1780046235.369580 17.208454 -0.458859 17.184073 0.008982 0.005463 -0.015744 0.999821
1780046235.469333 17.242796 -0.466413 17.212227 0.012520 0.007462 -0.015533 0.999773
1780046235.569901 17.276983 -0.465810 17.247574 0.010070 0.007004 -0.014873 0.999814
1780046235.669693 17.305184 -0.468000 17.282080 0.010395 0.007206 -0.015007 0.999807
1780046235.770784 17.343886 -0.467370 17.318435 0.010994 0.006738 -0.015290 0.999800
1780046235.870711 17.373272 -0.463875 17.351647 0.009842 0.007449 -0.015216 0.999808
1780046235.969573 17.405236 -0.462699 17.382794 0.010731 0.007449 -0.015035 0.999802
1780046236.070778 17.438847 -0.465204 17.417448 0.010093 0.007180 -0.014530 0.999818
1780046236.170061 17.476084 -0.466305 17.450280 0.010193 0.007359 -0.014072 0.999822
1780046236.269968 17.511541 -0.471608 17.487283 0.011038 0.005550 -0.011998 0.999852
1780046236.369311 17.548421 -0.477281 17.521551 0.010994 0.006250 -0.012236 0.999845
1780046236.470845 17.586743 -0.483115 17.558117 0.011447 0.006273 -0.011498 0.999849
1780046236.569369 17.619640 -0.479927 17.592315 0.011337 0.006445 -0.011521 0.999849
1780046236.670181 17.652555 -0.477895 17.624533 0.011934 0.005862 -0.012471 0.999834
1780046236.769951 17.684059 -0.481668 17.661481 0.011021 0.005790 -0.012995 0.999838
1780046236.870420 17.721372 -0.482217 17.699653 0.011400 0.005137 -0.012911 0.999838
1780046236.970348 17.757518 -0.481015 17.735338 0.010054 0.003473 -0.013177 0.999857
1780046237.069849 17.786246 -0.486796 17.765515 0.012971 0.002723 -0.011868 0.999842
1780046237.170456 17.815078 -0.486583 17.792059 0.011216 0.003237 -0.012109 0.999859
1780046237.270028 17.850386 -0.485134 17.821296 0.011163 0.003628 -0.012429 0.999854
1780046237.370725 17.885724 -0.491247 17.861284 0.010271 0.003555 -0.012953 0.999857
1780046237.469348 17.917765 -0.492579 17.897187 0.011139 0.002074 -0.013021 0.999851
1780046237.569836 17.952407 -0.489426 17.931706 0.011334 0.000654 -0.012522 0.999857
1780046237.670946 17.996651 -0.494757 17.972861 0.013262 0.002107 -0.011049 0.999849
1780046237.769365 18.038430 -0.496418 18.011904 0.013246 0.004070 -0.012996 0.999820
1780046237.870408 18.074338 -0.502801 18.048745 0.013005 0.005976 -0.010666 0.999841
1780046237.970744 18.107557 -0.503719 18.082578 0.013221 0.005885 -0.010728 0.999838
1780046238.069978 18.139147 -0.499721 18.110248 0.009948 0.006592 -0.011990 0.999857
1780046238.169931 18.171669 -0.501811 18.140239 0.012023 0.005765 -0.011082 0.999850
1780046238.270487 18.201795 -0.501994 18.169252 0.011476 0.007266 -0.012062 0.999835
1780046238.369855 18.236117 -0.504005 18.201634 0.011118 0.008441 -0.011496 0.999836
1780046238.470730 18.271784 -0.505925 18.241043 0.011531 0.007360 -0.010031 0.999856
1780046238.571196 18.306520 -0.506219 18.279306 0.011531 0.007081 -0.011170 0.999846
1780046238.669379 18.343240 -0.504430 18.315126 0.011169 0.006223 -0.011703 0.999850
1780046238.769848 18.382695 -0.505083 18.352620 0.010702 0.005945 -0.011665 0.999857
1780046238.870760 18.412798 -0.502507 18.386759 0.009305 0.004734 -0.013739 0.999851
1780046238.970819 18.454689 -0.500163 18.426625 0.010405 0.004312 -0.013107 0.999851
1780046239.069410 18.492043 -0.496540 18.458226 0.010123 0.004543 -0.013203 0.999851
1780046239.169280 18.522829 -0.501391 18.488218 0.010387 0.004567 -0.012331 0.999860
1780046239.269584 18.558084 -0.504134 18.525593 0.010170 0.005144 -0.012099 0.999862
1780046239.370042 18.594299 -0.508832 18.561956 0.010338 0.005150 -0.012439 0.999856
1780046239.470755 18.631627 -0.512482 18.596874 0.010527 0.005435 -0.012372 0.999853
1780046239.569382 18.659144 -0.512901 18.624435 0.010692 0.006018 -0.012543 0.999846
1780046239.669349 18.692262 -0.514676 18.660765 0.010253 0.006078 -0.012469 0.999851
1780046239.769979 18.727478 -0.514624 18.698324 0.010558 0.006458 -0.013158 0.999837
1780046239.870817 18.760859 -0.511952 18.725784 0.010808 0.006034 -0.012854 0.999841
1780046239.969821 18.793453 -0.510813 18.754561 0.010949 0.005381 -0.013465 0.999835
1780046240.069959 18.828305 -0.509904 18.789859 0.010991 0.005109 -0.013512 0.999835
1780046240.169390 18.864507 -0.515590 18.826951 0.009866 0.005037 -0.013066 0.999853
1780046240.270066 18.905375 -0.512596 18.863471 0.010490 0.004944 -0.013606 0.999840
1780046240.369915 18.940867 -0.515054 18.899106 0.010619 0.004704 -0.013690 0.999839
1780046240.469820 18.976329 -0.515933 18.938852 0.009773 0.004664 -0.013493 0.999850
1780046240.569289 19.013265 -0.517367 18.976072 0.009881 0.004840 -0.013378 0.999850
1780046240.669998 19.050310 -0.517282 19.006671 0.010579 0.004062 -0.012735 0.999855
1780046240.769850 19.080287 -0.520264 19.038253 0.010238 0.004455 -0.012580 0.999859
1780046240.870801 19.110141 -0.520869 19.071068 0.010036 0.004872 -0.011865 0.999867
1780046240.969907 19.148043 -0.519753 19.107298 0.010561 0.004922 -0.012087 0.999859
1780046241.069837 19.178779 -0.522861 19.139793 0.010445 0.004573 -0.011936 0.999864
1780046241.169620 19.208518 -0.522011 19.172229 0.010719 0.005198 -0.012017 0.999857
1780046241.269950 19.244401 -0.522204 19.206947 0.011185 0.003728 -0.012208 0.999856
1780046241.369869 19.283428 -0.518593 19.242129 0.011696 0.002600 -0.012838 0.999846
1780046241.469316 19.319470 -0.512208 19.279879 0.010826 0.001916 -0.013370 0.999850
1780046241.569993 19.354469 -0.519188 19.315622 0.010356 0.000725 -0.013108 0.999860
1780046241.669847 19.390136 -0.519243 19.350644 0.010758 0.000598 -0.012436 0.999865
1780046241.770838 19.425787 -0.519831 19.385730 0.009969 0.000264 -0.012854 0.999868
1780046241.869294 19.462757 -0.523177 19.420188 0.010442 0.000231 -0.012322 0.999870
1780046241.969848 19.491962 -0.529134 19.455847 0.009926 0.001384 -0.013154 0.999863
1780046242.069782 19.524537 -0.531729 19.485803 0.010828 0.001636 -0.012450 0.999863
1780046242.170890 19.557545 -0.532772 19.518856 0.010597 0.002888 -0.012574 0.999861
1780046242.269852 19.591753 -0.530701 19.552331 0.010526 0.003963 -0.012474 0.999859
1780046242.369309 19.626269 -0.534208 19.583119 0.011151 0.004619 -0.012187 0.999853
1780046242.469288 19.667739 -0.536573 19.621747 0.010817 0.005428 -0.012526 0.999848
1780046242.570820 19.702684 -0.538117 19.659986 0.011361 0.005336 -0.012289 0.999846
1780046242.669390 19.735058 -0.539278 19.696765 0.010869 0.006116 -0.011850 0.999852
1780046242.769702 19.773041 -0.537409 19.730998 0.011577 0.005541 -0.011817 0.999848
1780046242.869952 19.808061 -0.541613 19.764430 0.011796 0.005381 -0.011890 0.999845
1780046242.970522 19.843415 -0.543026 19.799322 0.012128 0.005487 -0.012811 0.999829
1780046243.069350 19.877173 -0.544050 19.833347 0.011667 0.005448 -0.012900 0.999834
1780046243.169915 19.910551 -0.544430 19.865314 0.011479 0.006432 -0.012684 0.999833
1780046243.269820 19.949201 -0.545019 19.903117 0.011149 0.006392 -0.012748 0.999836
1780046243.369334 19.985838 -0.543541 19.937321 0.011865 0.006689 -0.013123 0.999821
1780046243.469639 20.021783 -0.548080 19.971573 0.011626 0.007083 -0.012947 0.999823
1780046243.569485 20.057305 -0.546115 20.007263 0.011395 0.007457 -0.012856 0.999825
1780046243.669761 20.086245 -0.547070 20.039418 0.011237 0.007853 -0.013132 0.999820
1780046243.769425 20.125071 -0.551914 20.078359 0.012210 0.007658 -0.012715 0.999815
1780046243.870279 20.166181 -0.551507 20.115613 0.011776 0.007868 -0.012040 0.999827
1780046243.969728 20.205170 -0.552296 20.150162 0.011963 0.007895 -0.011735 0.999828
1780046244.069474 20.236987 -0.553332 20.179642 0.011676 0.008425 -0.011744 0.999827
1780046244.169414 20.272349 -0.551959 20.210954 0.011829 0.007961 -0.011385 0.999834
1780046244.269310 20.299799 -0.554390 20.233897 0.012604 0.007933 -0.011419 0.999824
1780046244.369946 20.332547 -0.556198 20.269251 0.012038 0.007564 -0.010886 0.999840
1780046244.469922 20.371058 -0.558589 20.307100 0.012610 0.007280 -0.012107 0.999821
1780046244.570109 20.401289 -0.559561 20.340375 0.012438 0.007205 -0.012261 0.999822
1780046244.669510 20.439706 -0.560278 20.379786 0.012101 0.006530 -0.012351 0.999829
1780046244.769372 20.474557 -0.561139 20.415021 0.011871 0.006571 -0.011981 0.999836
1780046244.869855 20.503485 -0.561861 20.446981 0.011427 0.006611 -0.012242 0.999838
1780046244.969883 20.537198 -0.561255 20.477906 0.012257 0.005604 -0.012392 0.999832
1780046245.069856 20.570284 -0.562285 20.511338 0.010942 0.006091 -0.012618 0.999842
1780046245.169307 20.603717 -0.564313 20.546245 0.011740 0.005898 -0.012585 0.999834
1780046245.270984 20.635530 -0.561408 20.578724 0.012142 0.004894 -0.012077 0.999841
1780046245.370902 20.668538 -0.566824 20.611543 0.011722 0.004598 -0.012044 0.999848
1780046245.470180 20.706333 -0.570406 20.652003 0.011956 0.004212 -0.012292 0.999844
1780046245.570268 20.740842 -0.571621 20.685469 0.011496 0.004119 -0.011904 0.999855
1780046245.669390 20.777626 -0.571980 20.719897 0.011309 0.004676 -0.011642 0.999857
1780046245.769363 20.815384 -0.572255 20.756456 0.011532 0.004977 -0.011339 0.999857
1780046245.869941 20.852295 -0.575115 20.792889 0.012240 0.005104 -0.011684 0.999844
1780046245.969457 20.888411 -0.574144 20.828382 0.012243 0.005263 -0.012179 0.999837
1780046246.069983 20.925443 -0.577524 20.865836 0.012089 0.005086 -0.012655 0.999834
1780046246.169930 20.966810 -0.574592 20.900497 0.012232 0.005359 -0.012501 0.999833
1780046246.269370 20.995762 -0.576842 20.931676 0.012116 0.006382 -0.012830 0.999824
1780046246.370977 21.034510 -0.575328 20.972692 0.011313 0.006154 -0.012630 0.999837
1780046246.470132 21.071025 -0.573438 21.007654 0.012167 0.005901 -0.013606 0.999816
1780046246.569469 21.105525 -0.573934 21.043187 0.011290 0.006637 -0.013298 0.999826
1780046246.669387 21.134579 -0.581074 21.074629 0.011417 0.006927 -0.013562 0.999819
1780046246.769905 21.170619 -0.581482 21.108255 0.011553 0.006852 -0.013201 0.999823
1780046246.870151 21.199671 -0.584215 21.135492 0.011961 0.006953 -0.012628 0.999825
1780046246.969403 21.234868 -0.579855 21.163975 0.011979 0.006992 -0.012173 0.999830
1780046247.069515 21.262628 -0.586307 21.192154 0.011891 0.007696 -0.012655 0.999820
1780046247.169874 21.292638 -0.584711 21.223586 0.011402 0.008219 -0.011716 0.999833
1780046247.270138 21.334592 -0.579998 21.262633 0.012112 0.008405 -0.011275 0.999828
1780046247.370127 21.368134 -0.581120 21.297430 0.011852 0.007722 -0.011937 0.999829
1780046247.469457 21.395905 -0.584549 21.328636 0.012128 0.007402 -0.012516 0.999821
1780046247.569346 21.431201 -0.584432 21.361976 0.012141 0.007226 -0.012742 0.999819
1780046247.669938 21.468266 -0.583554 21.396294 0.011979 0.006786 -0.013097 0.999819
1780046247.770143 21.510887 -0.583212 21.435274 0.011982 0.007298 -0.012681 0.999821
1780046247.869384 21.553700 -0.582264 21.478146 0.010996 0.006579 -0.013259 0.999830
1780046247.970003 21.591259 -0.589245 21.514978 0.011346 0.006389 -0.013311 0.999827
1780046248.069478 21.630204 -0.592439 21.554197 0.011649 0.006981 -0.013355 0.999819
1780046248.170165 21.658576 -0.595529 21.585015 0.010896 0.007252 -0.013651 0.999821
1780046248.269609 21.695183 -0.597440 21.622732 0.011550 0.006772 -0.013909 0.999814
1780046248.369429 21.732334 -0.593653 21.653712 0.012200 0.006292 -0.012751 0.999824
1780046248.469482 21.765777 -0.596700 21.686352 0.011612 0.006399 -0.012483 0.999834
1780046248.569996 21.798031 -0.598894 21.716069 0.013220 0.005858 -0.012578 0.999816
1780046248.669414 21.827364 -0.604619 21.745777 0.013255 0.005343 -0.012015 0.999826
1780046248.769376 21.860383 -0.602509 21.779296 0.013896 0.005444 -0.012068 0.999816
1780046248.869503 21.891453 -0.602775 21.811798 0.013855 0.004507 -0.011625 0.999826
1780046248.969709 21.925154 -0.602058 21.847600 0.014253 0.004220 -0.012070 0.999817
1780046249.069694 21.958385 -0.602260 21.881753 0.013798 0.003864 -0.012239 0.999822
1780046249.170061 21.989093 -0.605595 21.911722 0.013734 0.003763 -0.012320 0.999823
1780046249.270933 22.023577 -0.609204 21.944601 0.013595 0.003521 -0.012408 0.999824
1780046249.370060 22.057467 -0.612607 21.979766 0.013586 0.004262 -0.012079 0.999826
1780046249.469723 22.093539 -0.613405 22.016220 0.013195 0.004272 -0.011538 0.999837
1780046249.570202 22.129260 -0.616469 22.050177 0.013146 0.004590 -0.011454 0.999837
1780046249.669713 22.169220 -0.612975 22.087687 0.012028 0.006161 -0.011635 0.999841
1780046249.769944 22.208302 -0.612109 22.125779 0.012316 0.006494 -0.011569 0.999836
1780046249.870165 22.242587 -0.614843 22.160465 0.012828 0.006296 -0.011188 0.999835
1780046249.970055 22.273717 -0.617264 22.189363 0.012382 0.006484 -0.010805 0.999844
1780046250.070981 22.311545 -0.614504 22.225095 0.013187 0.006819 -0.011015 0.999829
1780046250.169882 22.344179 -0.619203 22.256599 0.012614 0.006644 -0.010684 0.999841
1780046250.270039 22.379592 -0.617907 22.290533 0.011872 0.006626 -0.010485 0.999853
1780046250.369954 22.408930 -0.615183 22.322011 0.012299 0.006628 -0.010484 0.999847
1780046250.469438 22.443686 -0.614312 22.358072 0.012211 0.005579 -0.011299 0.999846
1780046250.570053 22.478068 -0.613678 22.390243 0.011794 0.005008 -0.012207 0.999843
1780046250.669532 22.510133 -0.614395 22.423782 0.012791 0.004347 -0.012748 0.999827
1780046250.769916 22.540539 -0.619543 22.457541 0.012014 0.005004 -0.012822 0.999833
1780046250.870056 22.570780 -0.624400 22.487889 0.011739 0.004543 -0.012619 0.999841
1780046250.969986 22.613357 -0.621846 22.526620 0.011504 0.004221 -0.012554 0.999846
1780046251.069449 22.656710 -0.624168 22.569751 0.011213 0.003964 -0.013052 0.999844
1780046251.170130 22.695137 -0.625931 22.605799 0.011453 0.003466 -0.013400 0.999839
1780046251.269593 22.724941 -0.621399 22.636590 0.011302 0.003356 -0.013095 0.999845
1780046251.369448 22.759032 -0.622149 22.671637 0.010952 0.001811 -0.013933 0.999841
1780046251.469445 22.789577 -0.618700 22.701617 0.010969 0.001230 -0.013618 0.999846
1780046251.569968 22.821897 -0.622709 22.735362 0.010463 0.000801 -0.013489 0.999854
1780046251.669949 22.852726 -0.626494 22.770332 0.010019 0.001667 -0.013237 0.999861
1780046251.770172 22.889881 -0.626634 22.802078 0.010545 0.001451 -0.013447 0.999853
1780046251.869668 22.923931 -0.633911 22.837301 0.009571 0.002091 -0.012935 0.999868
1780046251.969464 22.955436 -0.633713 22.870121 0.010059 0.002104 -0.013055 0.999862
1780046252.070254 22.990604 -0.634214 22.908637 0.010168 0.001272 -0.013607 0.999855
1780046252.170072 23.026766 -0.637492 22.943331 0.010451 0.001326 -0.014511 0.999839
1780046252.269476 23.061253 -0.634662 22.977178 0.009289 0.001596 -0.014824 0.999846
1780046252.369568 23.096607 -0.639444 23.013529 0.009876 0.001722 -0.015592 0.999828
1780046252.469998 23.132787 -0.637936 23.050355 0.010404 0.002137 -0.015071 0.999830
1780046252.569940 23.159391 -0.639217 23.080586 0.010130 0.001972 -0.015332 0.999829
1780046252.669481 23.191890 -0.637584 23.113130 0.010343 0.001879 -0.015887 0.999819
1780046252.770527 23.225674 -0.633990 23.144781 0.009953 0.001268 -0.015705 0.999826
1780046252.869927 23.260408 -0.634625 23.176504 0.010635 0.002326 -0.015443 0.999821
1780046252.969625 23.296073 -0.642945 23.211316 0.010352 0.002504 -0.015081 0.999830
1780046253.070110 23.334375 -0.645290 23.246974 0.010726 0.003277 -0.014884 0.999826
1780046253.170266 23.372789 -0.647744 23.283539 0.010246 0.004748 -0.014105 0.999837
1780046253.269475 23.406537 -0.647637 23.319840 0.010727 0.004952 -0.013757 0.999836
1780046253.370070 23.445704 -0.648062 23.354377 0.011434 0.004777 -0.013153 0.999837
1780046253.469932 23.485482 -0.649013 23.390772 0.011363 0.005553 -0.012860 0.999837
1780046253.570200 23.518668 -0.652872 23.426884 0.011646 0.006192 -0.013482 0.999822
1780046253.670180 23.554780 -0.653290 23.462472 0.011693 0.005381 -0.013205 0.999830
1780046253.770151 23.592250 -0.653166 23.499158 0.010995 0.004734 -0.013522 0.999837
1780046253.869462 23.627789 -0.653323 23.538049 0.010915 0.004085 -0.013860 0.999836
1780046253.969629 23.665438 -0.652304 23.577195 0.011414 0.003409 -0.013663 0.999836
1780046254.069534 23.701297 -0.650659 23.612984 0.010616 0.003044 -0.013850 0.999843
1780046254.170003 23.727395 -0.654453 23.642885 0.010854 0.002373 -0.013828 0.999843
1780046254.269983 23.760904 -0.654016 23.675040 0.010375 0.001676 -0.014536 0.999839
1780046254.369948 23.792943 -0.659468 23.706295 0.010635 0.000517 -0.014049 0.999845
1780046254.470967 23.819223 -0.654008 23.732251 0.010632 0.000539 -0.013236 0.999856
1780046254.569998 23.856844 -0.654316 23.767808 0.010627 0.000073 -0.013198 0.999856
1780046254.669747 23.889233 -0.658350 23.799044 0.010648 0.001003 -0.012696 0.999862
1780046254.770142 23.922939 -0.661406 23.834444 0.011167 0.001060 -0.012727 0.999856
1780046254.870071 23.955616 -0.658679 23.868144 0.011463 0.000945 -0.012965 0.999850
1780046254.969493 23.993777 -0.655070 23.907157 0.010735 0.000802 -0.011941 0.999871
1780046255.070038 24.020360 -0.660059 23.937827 0.011793 0.001214 -0.012784 0.999848
1780046255.170351 24.054354 -0.656954 23.972296 0.012127 0.000718 -0.013791 0.999831
1780046255.269915 24.093520 -0.660081 24.007217 0.012401 -0.000049 -0.013766 0.999828
1780046255.369480 24.128592 -0.661348 24.038693 0.011878 -0.000287 -0.013758 0.999835
1780046255.470084 24.166050 -0.661436 24.075870 0.011596 -0.000373 -0.014186 0.999832
1780046255.571052 24.206716 -0.657743 24.113001 0.012603 -0.000550 -0.014368 0.999817
1780046255.670336 24.237551 -0.666329 24.145343 0.011930 -0.000278 -0.013495 0.999838
1780046255.769876 24.267100 -0.667001 24.179384 0.011252 0.000290 -0.013874 0.999840
1780046255.869595 24.299891 -0.673838 24.214215 0.011864 0.000330 -0.013934 0.999832
1780046255.970175 24.339296 -0.675706 24.254710 0.010874 0.000666 -0.013490 0.999850
1780046256.070159 24.370181 -0.676419 24.285224 0.012008 0.001240 -0.013263 0.999839
1780046256.169557 24.406533 -0.681260 24.318862 0.012064 0.001267 -0.012698 0.999846
1780046256.269649 24.436672 -0.683261 24.347251 0.012133 0.002358 -0.012581 0.999844
1780046256.369879 24.470818 -0.682098 24.378713 0.013175 0.003109 -0.012315 0.999833
1780046256.471003 24.510022 -0.688247 24.418108 0.012534 0.003918 -0.011826 0.999844
1780046256.570259 24.551237 -0.683989 24.455723 0.013303 0.004491 -0.011454 0.999836
1780046256.670037 24.590274 -0.676144 24.493527 0.013709 0.004285 -0.011138 0.999835
1780046256.769533 24.617300 -0.678981 24.522068 0.013019 0.004425 -0.011571 0.999839
1780046256.870125 24.653420 -0.683186 24.561304 0.013580 0.005201 -0.012029 0.999822
1780046256.970067 24.691642 -0.680962 24.597079 0.014053 0.005136 -0.012556 0.999809
1780046257.069854 24.724967 -0.682307 24.631430 0.013059 0.005058 -0.011847 0.999832
1780046257.170339 24.755983 -0.686497 24.665382 0.012745 0.005219 -0.011804 0.999835
1780046257.270120 24.790718 -0.690226 24.704883 0.012499 0.005435 -0.011679 0.999839
1780046257.370301 24.829016 -0.692567 24.739205 0.013184 0.004291 -0.011755 0.999835
1780046257.470358 24.864116 -0.685570 24.769987 0.014216 0.004293 -0.011485 0.999824
1780046257.570010 24.901387 -0.689562 24.805224 0.013883 0.003214 -0.010298 0.999845
1780046257.669555 24.935454 -0.695806 24.839436 0.014095 0.003922 -0.010211 0.999841
1780046257.770229 24.970561 -0.698600 24.876893 0.014495 0.003839 -0.009833 0.999839
1780046257.870071 25.001324 -0.704503 24.910425 0.013866 0.003042 -0.009461 0.999854
1780046257.969606 25.040739 -0.706921 24.946397 0.015398 0.003330 -0.009577 0.999830
1780046258.069514 25.073466 -0.707478 24.978909 0.015619 0.003205 -0.009040 0.999832
1780046258.170107 25.103071 -0.712688 25.010132 0.015724 0.003894 -0.009319 0.999825
1780046258.269932 25.137256 -0.707865 25.040965 0.016941 0.003726 -0.009129 0.999808
1780046258.370216 25.170103 -0.706128 25.076349 0.016744 0.004943 -0.009572 0.999802
1780046258.470088 25.211471 -0.699977 25.113437 0.016886 0.005177 -0.009262 0.999801
1780046258.569542 25.253052 -0.704060 25.152972 0.017171 0.006844 -0.008633 0.999792
1780046258.670154 25.289730 -0.705220 25.191049 0.017239 0.009011 -0.009085 0.999770
1780046258.770103 25.329920 -0.706615 25.227459 0.018105 0.009862 -0.007986 0.999756
1780046258.869961 25.364523 -0.708937 25.259112 0.017466 0.010582 -0.008829 0.999752
1780046258.969893 25.399581 -0.714455 25.290834 0.019263 0.012359 -0.007731 0.999708
1780046259.070128 25.436604 -0.718731 25.323720 0.019626 0.012499 -0.006815 0.999706
1780046259.170013 25.464421 -0.720628 25.353595 0.020421 0.011567 -0.006374 0.999704
1780046259.269521 25.491394 -0.723699 25.383137 0.019382 0.010715 -0.006803 0.999732
1780046259.370104 25.524427 -0.729240 25.417855 0.019436 0.008974 -0.005719 0.999754
1780046259.469529 25.557317 -0.731499 25.452491 0.019440 0.007213 -0.004368 0.999775
1780046259.570178 25.593720 -0.720201 25.484436 0.020600 0.005107 -0.004697 0.999764
1780046259.670142 25.629364 -0.724428 25.522476 0.020593 0.003952 -0.004111 0.999772
1780046259.769556 25.661207 -0.731324 25.556185 0.020394 0.001637 -0.003779 0.999784
1780046259.869544 25.691268 -0.735181 25.592478 0.020161 -0.000327 -0.003830 0.999789
1780046259.970026 25.729483 -0.729983 25.631590 0.019569 -0.001909 -0.003787 0.999800
1780046260.070051 25.763973 -0.733116 25.663043 0.019778 -0.001644 -0.004182 0.999794
1780046260.169588 25.796313 -0.728164 25.694600 0.019720 -0.001843 -0.004011 0.999796
1780046260.269682 25.829510 -0.728373 25.726755 0.019959 -0.002486 -0.004494 0.999788
1780046260.370552 25.858757 -0.731028 25.757310 0.019346 -0.003405 -0.004959 0.999795
1780046260.470226 25.886974 -0.734863 25.789773 0.018551 -0.004575 -0.005279 0.999804
1780046260.569680 25.918784 -0.734809 25.824705 0.018199 -0.005356 -0.005634 0.999804
1780046260.669652 25.949613 -0.735476 25.857838 0.018121 -0.006640 -0.005689 0.999798
1780046260.770190 25.984958 -0.736209 25.894654 0.017803 -0.006685 -0.005607 0.999803
1780046260.869931 26.024703 -0.735973 25.934051 0.018031 -0.007020 -0.005214 0.999799
1780046260.970112 26.056805 -0.737423 25.966584 0.017355 -0.006823 -0.005472 0.999811
1780046261.070424 26.093995 -0.734786 26.002614 0.017183 -0.006871 -0.005645 0.999813
1780046261.169724 26.129441 -0.733550 26.042531 0.016788 -0.007114 -0.005002 0.999821
1780046261.269604 26.172624 -0.723044 26.073777 0.017621 -0.006644 -0.006404 0.999802
1780046261.370245 26.206173 -0.726013 26.108378 0.015159 -0.003224 -0.007320 0.999853
1780046261.470135 26.239810 -0.732463 26.146331 0.014391 -0.002495 -0.008587 0.999856
1780046261.569670 26.268990 -0.739878 26.179528 0.013643 -0.002424 -0.008213 0.999870
1780046261.669718 26.303418 -0.739861 26.214913 0.014120 -0.003427 -0.009067 0.999853
1780046261.770158 26.340791 -0.738311 26.250847 0.012731 -0.002351 -0.009511 0.999871
1780046261.870004 26.375375 -0.739673 26.285443 0.012247 -0.001700 -0.010044 0.999873
1780046261.969882 26.413043 -0.739900 26.325516 0.010685 0.000062 -0.010790 0.999885
1780046262.070062 26.449960 -0.737469 26.361574 0.011237 -0.000023 -0.010882 0.999878
1780046262.169649 26.485668 -0.742244 26.393305 0.011088 0.000177 -0.010808 0.999880
1780046262.269285 26.525546 -0.739477 26.430066 0.011369 0.000585 -0.010933 0.999875
1780046262.370071 26.565566 -0.737212 26.470023 0.010943 0.001811 -0.010498 0.999883
1780046262.470551 26.600420 -0.736567 26.505801 0.010421 0.002785 -0.011284 0.999878
1780046262.569604 26.635925 -0.734345 26.541646 0.010412 0.004072 -0.011197 0.999875
1780046262.669670 26.664009 -0.737068 26.571902 0.010492 0.004795 -0.011195 0.999871
1780046262.770138 26.693566 -0.744050 26.602169 0.011173 0.003831 -0.011696 0.999862
1780046262.870370 26.719139 -0.743479 26.631310 0.010532 0.003865 -0.012761 0.999856
1780046262.970340 26.750147 -0.747052 26.663887 0.010819 0.003507 -0.013286 0.999847
1780046263.070209 26.786431 -0.746319 26.696818 0.010704 0.002461 -0.013207 0.999852
1780046263.169609 26.827005 -0.740930 26.730596 0.010995 0.001880 -0.013111 0.999852
1780046263.269748 26.867483 -0.741490 26.768647 0.010352 0.001695 -0.012946 0.999861
1780046263.370386 26.907081 -0.742296 26.813665 0.009601 0.001686 -0.013423 0.999862
1780046263.470212 26.942451 -0.742454 26.844881 0.010654 0.001701 -0.013645 0.999849
1780046263.569720 26.975910 -0.751871 26.880541 0.009948 0.002885 -0.013360 0.999857
1780046263.669635 27.014427 -0.752211 26.919961 0.009567 0.002920 -0.013105 0.999864
1780046263.770259 27.050457 -0.755987 26.954436 0.010810 0.003275 -0.013556 0.999844
1780046263.870146 27.084287 -0.755745 26.991356 0.010355 0.005022 -0.012521 0.999855
1780046263.970179 27.124336 -0.756194 27.030694 0.010540 0.005831 -0.012352 0.999851
1780046264.070363 27.154830 -0.754178 27.056345 0.010714 0.006441 -0.011919 0.999851
1780046264.169592 27.184907 -0.754148 27.082749 0.011712 0.007474 -0.011788 0.999834
1780046264.269657 27.223281 -0.750808 27.115314 0.012143 0.007017 -0.011592 0.999834
1780046264.370352 27.253114 -0.754135 27.147901 0.011878 0.007024 -0.011888 0.999834
1780046264.470106 27.280072 -0.756695 27.181152 0.012123 0.006382 -0.012912 0.999823
1780046264.570108 27.312920 -0.762244 27.214457 0.011776 0.005127 -0.012865 0.999835
1780046264.669617 27.346349 -0.764083 27.248364 0.012004 0.005087 -0.012334 0.999839
1780046264.770254 27.380799 -0.766110 27.281328 0.011490 0.004632 -0.012435 0.999846
1780046264.870243 27.419557 -0.763983 27.318515 0.012049 0.004577 -0.012504 0.999839
1780046264.969661 27.461064 -0.763434 27.359443 0.011827 0.004629 -0.012109 0.999846
1780046265.069301 27.498770 -0.761093 27.395969 0.011702 0.004135 -0.012284 0.999848
1780046265.169627 27.532590 -0.764039 27.430581 0.011602 0.004111 -0.011790 0.999855
1780046265.269293 27.566952 -0.767449 27.468044 0.011519 0.004289 -0.011142 0.999862
1780046265.370281 27.593396 -0.767448 27.495981 0.011122 0.003997 -0.010970 0.999870
1780046265.469732 27.629484 -0.769934 27.528215 0.011969 0.003538 -0.010307 0.999869
1780046265.569278 27.662407 -0.781449 27.562024 0.011869 0.003790 -0.010794 0.999864
1780046265.670057 27.697183 -0.783177 27.596292 0.012147 0.003812 -0.010473 0.999864
1780046265.769322 27.726240 -0.781728 27.632279 0.011228 0.004151 -0.009502 0.999883
1780046265.869797 27.764606 -0.782736 27.672100 0.012318 0.003760 -0.010973 0.999857
1780046265.969295 27.804088 -0.780080 27.707272 0.012601 0.003117 -0.010915 0.999856
1780046266.069638 27.839966 -0.778538 27.743120 0.013057 0.003495 -0.011518 0.999842
1780046266.169671 27.880020 -0.773952 27.776628 0.012218 0.002862 -0.010792 0.999863
1780046266.269319 27.912643 -0.770574 27.809692 0.012779 0.004079 -0.010907 0.999851
1780046266.369690 27.954640 -0.773923 27.846326 0.013036 0.004031 -0.011006 0.999846
1780046266.469294 27.985641 -0.777558 27.879442 0.013038 0.004472 -0.010926 0.999845
1780046266.570212 28.014107 -0.786561 27.908596 0.012742 0.005917 -0.011164 0.999839
1780046266.669317 28.049309 -0.789452 27.945370 0.013218 0.005346 -0.010998 0.999838
1780046266.769314 28.086376 -0.787465 27.978425 0.013035 0.005092 -0.010556 0.999846
1780046266.869333 28.122565 -0.786491 28.015081 0.012241 0.005997 -0.010161 0.999855
1780046266.970219 28.160002 -0.787510 28.049783 0.013376 0.005932 -0.009812 0.999845
1780046267.070291 28.189971 -0.792322 28.077608 0.012951 0.006471 -0.009565 0.999849
1780046267.169314 28.227882 -0.791949 28.111543 0.013043 0.007250 -0.009693 0.999842
1780046267.269675 28.263026 -0.796994 28.146440 0.012773 0.007014 -0.009320 0.999850
1780046267.369719 28.295552 -0.798009 28.180218 0.013461 0.007424 -0.008899 0.999842
1780046267.470238 28.328781 -0.797197 28.215610 0.012674 0.007436 -0.009978 0.999842
1780046267.569679 28.366321 -0.795174 28.254313 0.012558 0.006933 -0.010534 0.999842
1780046267.669759 28.401328 -0.789205 28.287193 0.012247 0.006109 -0.010536 0.999851
1780046267.770286 28.436673 -0.790964 28.321440 0.012419 0.006812 -0.010535 0.999844
1780046267.869651 28.474644 -0.790590 28.357357 0.012376 0.006320 -0.010404 0.999849
1780046267.969291 28.517237 -0.790784 28.396732 0.012701 0.005139 -0.010336 0.999853
1780046268.070215 28.553230 -0.790367 28.434815 0.011978 0.006195 -0.011314 0.999845
1780046268.169697 28.588674 -0.790803 28.472558 0.011982 0.005922 -0.011020 0.999850
1780046268.270331 28.622445 -0.792650 28.504697 0.012312 0.004788 -0.011096 0.999851
1780046268.370234 28.654278 -0.797618 28.537364 0.012230 0.004799 -0.010990 0.999853
1780046268.469364 28.683510 -0.805375 28.570280 0.012423 0.005454 -0.011176 0.999845
1780046268.569699 28.716246 -0.806440 28.601584 0.012386 0.004852 -0.010421 0.999857
1780046268.669703 28.752330 -0.803604 28.633747 0.013106 0.004560 -0.009773 0.999856
1780046268.769690 28.785926 -0.805551 28.669726 0.013426 0.004722 -0.009858 0.999850
1780046268.869343 28.823217 -0.802842 28.703370 0.013758 0.004100 -0.008964 0.999857
1780046268.970230 28.855469 -0.805859 28.737982 0.013540 0.004520 -0.010338 0.999845
1780046269.070162 28.884611 -0.809713 28.769300 0.013354 0.004710 -0.010335 0.999846
1780046269.169283 28.916540 -0.816583 28.796656 0.013350 0.003961 -0.011136 0.999841
1780046269.270261 28.954347 -0.817294 28.835817 0.012994 0.004268 -0.010785 0.999848
1780046269.369888 28.988135 -0.814493 28.869609 0.012496 0.004300 -0.010595 0.999857
1780046269.469369 29.027199 -0.818546 28.905774 0.012977 0.004160 -0.010343 0.999854
1780046269.569327 29.058464 -0.822032 28.940837 0.012446 0.004748 -0.010745 0.999854
1780046269.669353 29.089435 -0.822363 28.975602 0.012168 0.004181 -0.010748 0.999859
1780046269.769677 29.123809 -0.822979 29.010452 0.012680 0.003719 -0.010807 0.999854
1780046269.869356 29.152885 -0.827313 29.039876 0.012894 0.004024 -0.010234 0.999856
1780046269.969696 29.187858 -0.826035 29.073643 0.013312 0.004136 -0.010108 0.999852
1780046270.069340 29.226020 -0.821754 29.106721 0.012823 0.004325 -0.009542 0.999863
1780046270.169315 29.262779 -0.822670 29.142301 0.012869 0.004252 -0.009828 0.999860
1780046270.270185 29.299232 -0.818729 29.176489 0.013231 0.004442 -0.009713 0.999855
1780046270.369896 29.332288 -0.823438 29.210697 0.012441 0.004916 -0.010103 0.999859
1780046270.469288 29.371893 -0.823304 29.247557 0.013092 0.004724 -0.010364 0.999849
1780046270.569347 29.404937 -0.818092 29.278468 0.012843 0.004679 -0.010572 0.999851
1780046270.669295 29.442361 -0.823047 29.314322 0.012598 0.004204 -0.010988 0.999851
1780046270.769375 29.477964 -0.823840 29.351006 0.012473 0.004582 -0.010822 0.999853
1780046270.869302 29.515028 -0.827486 29.386382 0.011440 0.004556 -0.010742 0.999866
1780046270.969417 29.548461 -0.823259 29.419855 0.011277 0.004300 -0.010729 0.999870
1780046271.069305 29.578540 -0.825286 29.452818 0.011798 0.004035 -0.011096 0.999861
1780046271.170340 29.614370 -0.826355 29.489187 0.011278 0.003782 -0.011564 0.999862
1780046271.269378 29.651325 -0.823581 29.525551 0.011067 0.004336 -0.011606 0.999862
1780046271.369337 29.685212 -0.827662 29.558540 0.011371 0.003844 -0.011650 0.999860
1780046271.469299 29.720122 -0.822556 29.593051 0.010874 0.003902 -0.011117 0.999871
1780046271.569750 29.757072 -0.831031 29.628456 0.011138 0.004110 -0.011045 0.999869
1780046271.669374 29.791992 -0.837960 29.668592 0.011396 0.004331 -0.011617 0.999858
1780046271.769314 29.824793 -0.834370 29.703158 0.010415 0.004201 -0.010418 0.999883
1780046271.869410 29.856831 -0.832835 29.732616 0.009751 0.004307 -0.008566 0.999906
1780046271.969337 29.894221 -0.830339 29.767812 0.009674 0.002891 -0.008165 0.999916
1780046272.069323 29.927685 -0.827596 29.801965 0.003846 0.001113 -0.004560 0.999982
1780046272.169366 29.956472 -0.825624 29.831045 -0.002628 0.000249 0.002708 0.999993
1780046272.269283 29.996253 -0.816669 29.873871 -0.010632 -0.000418 0.009787 0.999895
1780046272.369428 30.026360 -0.806548 29.907271 -0.016095 0.000264 0.018769 0.999694
1780046272.469739 30.057743 -0.792266 29.941897 -0.024822 -0.001052 0.025983 0.999354
1780046272.569291 30.089676 -0.777915 29.973600 -0.032304 -0.001530 0.033646 0.998910
1780046272.669419 30.125697 -0.765018 30.008235 -0.040766 -0.002123 0.040830 0.998332
1780046272.769384 30.156326 -0.751673 30.040034 -0.049661 -0.002492 0.048946 0.997563
1780046272.869336 30.191488 -0.730946 30.073932 -0.060579 -0.003199 0.059952 0.996356
1780046272.969731 30.216616 -0.719992 30.099563 -0.070179 -0.005197 0.070104 0.995054
1780046273.069365 30.250111 -0.697898 30.130022 -0.080521 -0.007316 0.082489 0.993307
1780046273.169321 30.284227 -0.676166 30.165162 -0.090699 -0.008550 0.093434 0.991449
1780046273.269313 30.313744 -0.655698 30.192795 -0.099969 -0.010421 0.104437 0.989440
1780046273.369819 30.349267 -0.626278 30.223811 -0.110767 -0.013413 0.114485 0.987139
1780046273.469358 30.376449 -0.592480 30.256953 -0.121061 -0.015639 0.124315 0.984706
1780046273.570277 30.401992 -0.561062 30.284623 -0.130807 -0.019355 0.134158 0.982098
1780046273.670237 30.428378 -0.523628 30.313630 -0.141600 -0.022190 0.143985 0.979145
1780046273.769378 30.460979 -0.492287 30.344377 -0.151085 -0.026187 0.153376 0.976199
1780046273.869338 30.492614 -0.466181 30.377291 -0.159987 -0.029279 0.161915 0.973309
1780046273.969381 30.523598 -0.436348 30.408747 -0.169035 -0.032782 0.170278 0.970236
1780046274.069352 30.552034 -0.410707 30.437083 -0.177046 -0.036068 0.178258 0.967253
1780046274.170389 30.574618 -0.380226 30.461615 -0.185314 -0.039256 0.186319 0.964055
1780046274.269738 30.600008 -0.348252 30.486875 -0.191379 -0.041463 0.192249 0.961611
1780046274.369357 30.627021 -0.322239 30.511502 -0.196538 -0.044170 0.197836 0.959314
1780046274.469309 30.650102 -0.290019 30.534810 -0.203218 -0.046446 0.203954 0.956529
1780046274.569316 30.679015 -0.257173 30.564211 -0.208000 -0.049085 0.208906 0.954298
1780046274.669367 30.704774 -0.228450 30.590750 -0.209245 -0.048673 0.210312 0.953738
1780046274.769366 30.730532 -0.201150 30.616962 -0.208585 -0.048588 0.209467 0.954073
1780046274.869405 30.759129 -0.170962 30.642570 -0.208869 -0.048559 0.208814 0.954155
1780046274.969792 30.786673 -0.139102 30.669507 -0.208698 -0.047981 0.208996 0.954182
1780046275.069358 30.814415 -0.111015 30.698645 -0.209043 -0.048042 0.208393 0.954236
1780046275.169397 30.844172 -0.090550 30.731992 -0.208875 -0.047093 0.208384 0.954321
1780046275.269352 30.869092 -0.061171 30.756372 -0.209010 -0.047217 0.208280 0.954309
1780046275.369452 30.895369 -0.028516 30.782454 -0.209425 -0.047884 0.208339 0.954172
1780046275.469896 30.922628 0.004193 30.810851 -0.210788 -0.047979 0.209813 0.953543
1780046275.569426 30.952377 0.035845 30.838965 -0.211675 -0.047884 0.211030 0.953083
1780046275.669302 30.971581 0.067527 30.861347 -0.215717 -0.050041 0.215657 0.951028
1780046275.769377 30.998853 0.093684 30.887769 -0.220296 -0.052481 0.220448 0.948746
1780046275.869319 31.025484 0.134012 30.915311 -0.225917 -0.054663 0.226618 0.945842
1780046275.969305 31.052439 0.169664 30.942762 -0.231377 -0.056891 0.230670 0.943408
1780046276.069454 31.077319 0.208411 30.966095 -0.235279 -0.060379 0.235679 0.940985
1780046276.169330 31.105088 0.244522 30.996009 -0.239845 -0.063034 0.239971 0.938571
1780046276.269468 31.127899 0.272491 31.019701 -0.242155 -0.063985 0.242941 0.937148
1780046276.369447 31.147457 0.309801 31.038550 -0.244919 -0.066300 0.245282 0.935658
1780046276.469358 31.173079 0.347281 31.065402 -0.247682 -0.067699 0.248796 0.933901
1780046276.569298 31.199293 0.378846 31.095858 -0.250866 -0.069901 0.251435 0.932181
1780046276.669453 31.221457 0.411816 31.117733 -0.253344 -0.072674 0.254296 0.930521
1780046276.769330 31.244367 0.448669 31.142917 -0.256669 -0.074041 0.256716 0.928836
1780046276.869302 31.265895 0.489930 31.168013 -0.259258 -0.076300 0.258779 0.927360
1780046276.969408 31.281297 0.526718 31.185757 -0.261797 -0.078524 0.261208 0.925779
1780046277.069412 31.304758 0.566069 31.210321 -0.263438 -0.081271 0.263940 0.924300
1780046277.169460 31.324374 0.603314 31.229969 -0.265826 -0.083477 0.266857 0.922581
1780046277.269470 31.348437 0.636605 31.256162 -0.268597 -0.085254 0.270245 0.920627
1780046277.369384 31.375730 0.677594 31.283423 -0.271234 -0.088026 0.272065 0.919056
1780046277.469404 31.394962 0.714418 31.302719 -0.273640 -0.089704 0.274805 0.917364
1780046277.569389 31.414914 0.752440 31.324413 -0.276090 -0.091292 0.277198 0.915752
1780046277.669360 31.437240 0.798039 31.347642 -0.279258 -0.093444 0.279663 0.913823
1780046277.769334 31.452436 0.827406 31.364794 -0.281601 -0.094180 0.282116 0.912273
1780046277.869457 31.475383 0.872217 31.389457 -0.284402 -0.095254 0.285136 0.910351
1780046277.969801 31.495058 0.912050 31.409220 -0.287047 -0.098881 0.287578 0.908364
1780046278.069323 31.512237 0.949879 31.429417 -0.289505 -0.100812 0.290076 0.906576
1780046278.169313 31.529713 0.992577 31.449016 -0.292891 -0.102902 0.292587 0.904444
1780046278.269385 31.546260 1.037778 31.464549 -0.294691 -0.104082 0.294453 0.903118
1780046278.369468 31.567799 1.075335 31.486653 -0.295513 -0.104984 0.296398 0.902108
1780046278.469468 31.585215 1.111266 31.503774 -0.296920 -0.105915 0.297361 0.901220
1780046278.569361 31.607516 1.153983 31.526860 -0.298266 -0.108492 0.299214 0.899854
1780046278.669392 31.626696 1.192252 31.545643 -0.298111 -0.106985 0.301505 0.899321
1780046278.769350 31.642633 1.235465 31.562249 -0.301855 -0.110128 0.301883 0.897564
1780046278.869353 31.659355 1.274315 31.586541 -0.302792 -0.110938 0.303847 0.896486
1780046278.969435 31.676122 1.316448 31.606433 -0.305382 -0.113463 0.304777 0.894974
1780046279.069378 31.688644 1.351556 31.620844 -0.306552 -0.114947 0.305517 0.894132
1780046279.169424 31.707127 1.390834 31.639783 -0.308142 -0.115519 0.306853 0.893054
1780046279.269879 31.721335 1.431588 31.654347 -0.309871 -0.117034 0.307908 0.891894
1780046279.369407 31.742518 1.470649 31.673950 -0.312254 -0.117546 0.309210 0.890544
1780046279.469497 31.757477 1.503151 31.688654 -0.312269 -0.119692 0.312255 0.889190
1780046279.569517 31.776854 1.550787 31.706948 -0.314757 -0.121216 0.312685 0.887955
1780046279.669807 31.792619 1.595509 31.727874 -0.316231 -0.122377 0.314189 0.886740
1780046279.769452 31.816441 1.646782 31.748943 -0.319146 -0.122615 0.315823 0.885080
1780046279.869463 31.840582 1.696562 31.776365 -0.321684 -0.123582 0.317185 0.883539
1780046279.969400 31.860210 1.734882 31.796327 -0.322829 -0.124322 0.318128 0.882678
1780046280.069499 31.884152 1.779635 31.823539 -0.324579 -0.126346 0.318985 0.881438
1780046280.169348 31.903217 1.821857 31.838115 -0.325960 -0.127847 0.319975 0.880353
1780046280.269425 31.914135 1.864437 31.852990 -0.327969 -0.128582 0.321923 0.878788
1780046280.369382 31.926388 1.905635 31.866802 -0.328545 -0.129458 0.324130 0.877632
1780046280.469520 31.939686 1.951475 31.879163 -0.330475 -0.129029 0.324771 0.876733
1780046280.569505 31.955691 1.989454 31.894777 -0.331372 -0.130630 0.328092 0.874919
1780046280.669379 31.971001 2.024144 31.907775 -0.332805 -0.131317 0.328573 0.874092
1780046280.769461 31.987911 2.064081 31.922701 -0.334201 -0.131623 0.330435 0.872810
1780046280.870404 32.005269 2.111496 31.936903 -0.335764 -0.132630 0.332136 0.871411
1780046280.969483 32.015580 2.152224 31.950191 -0.337147 -0.134254 0.333253 0.870201
1780046281.069372 32.027008 2.197127 31.968593 -0.338840 -0.135404 0.335318 0.868571
1780046281.169376 32.041790 2.244833 31.984364 -0.341319 -0.136999 0.337013 0.866692
1780046281.269418 32.059607 2.288795 32.000212 -0.342846 -0.137236 0.338384 0.865517
1780046281.369397 32.070554 2.328196 32.012632 -0.344700 -0.138546 0.339989 0.863941
1780046281.469442 32.084138 2.367412 32.024726 -0.345700 -0.139683 0.342090 0.862528
1780046281.569372 32.098453 2.406002 32.037904 -0.346027 -0.142222 0.343923 0.861252
1780046281.669418 32.117866 2.452937 32.056838 -0.346569 -0.143370 0.346412 0.859845
1780046281.769519 32.136991 2.498967 32.076798 -0.347544 -0.144483 0.348346 0.858483
1780046281.869290 32.148616 2.542480 32.087293 -0.349079 -0.145484 0.349761 0.857115
1780046281.969431 32.164250 2.585666 32.108674 -0.350311 -0.145865 0.352363 0.855480
1780046282.069535 32.183376 2.631332 32.129736 -0.351096 -0.148687 0.353538 0.854187
1780046282.169517 32.192204 2.672987 32.136660 -0.352406 -0.150556 0.354455 0.852939
1780046282.269368 32.205556 2.716800 32.157783 -0.353310 -0.152330 0.356577 0.851364
1780046282.369490 32.215138 2.757401 32.164868 -0.354419 -0.155089 0.356390 0.850483
1780046282.470104 32.225555 2.800946 32.172904 -0.354841 -0.156716 0.357964 0.849347
1780046282.569466 32.236393 2.854787 32.186578 -0.356408 -0.158266 0.360910 0.847154
1780046282.669557 32.248654 2.905881 32.198434 -0.357638 -0.160558 0.362399 0.845567
1780046282.770347 32.262193 2.949906 32.213770 -0.358449 -0.162160 0.364089 0.844191
1780046282.869401 32.269105 2.990978 32.213728 -0.358525 -0.163390 0.365893 0.843141
1780046282.969540 32.280510 3.035425 32.227147 -0.360880 -0.164889 0.366735 0.841477
1780046283.069465 32.295409 3.083242 32.241759 -0.362322 -0.165272 0.368879 0.839843
1780046283.169526 32.305869 3.130863 32.255131 -0.363939 -0.166962 0.369952 0.838336
1780046283.269496 32.318622 3.173989 32.271456 -0.365181 -0.167548 0.371582 0.836957
1780046283.369469 32.330335 3.218051 32.286291 -0.366135 -0.167780 0.372304 0.836173
1780046283.469537 32.343417 3.261838 32.307422 -0.366691 -0.168737 0.372107 0.835824
1780046283.569499 32.358216 3.307116 32.322856 -0.366816 -0.168811 0.372090 0.835762
1780046283.669432 32.370494 3.352714 32.337444 -0.366727 -0.168493 0.372443 0.835708
1780046283.769557 32.383621 3.399481 32.348772 -0.366609 -0.168783 0.371899 0.835943
1780046283.869555 32.396111 3.446805 32.359550 -0.366766 -0.168718 0.371970 0.835856
1780046283.969508 32.404377 3.485884 32.369478 -0.366471 -0.169153 0.371835 0.835958
1780046284.069410 32.416040 3.526337 32.377436 -0.365838 -0.169383 0.372422 0.835927
1780046284.169464 32.430138 3.569117 32.392507 -0.366073 -0.169927 0.371897 0.835947
1780046284.269546 32.441088 3.617752 32.406645 -0.367723 -0.169431 0.372039 0.835260
1780046284.369401 32.453882 3.670402 32.423515 -0.368655 -0.169202 0.372098 0.834870
1780046284.469574 32.467636 3.719366 32.439096 -0.368865 -0.169263 0.371484 0.835038
1780046284.570522 32.478896 3.771863 32.448571 -0.368525 -0.169446 0.371945 0.834946
1780046284.669467 32.491266 3.811616 32.459189 -0.368228 -0.169414 0.371545 0.835261
1780046284.769496 32.505276 3.860416 32.473565 -0.368238 -0.168892 0.371772 0.835262
1780046284.869507 32.519683 3.908321 32.485248 -0.369232 -0.168715 0.371577 0.834945
1780046284.969453 32.529443 3.957295 32.494935 -0.369425 -0.168786 0.371136 0.835041
1780046285.069583 32.544104 4.011182 32.510076 -0.368928 -0.168801 0.371787 0.834969
1780046285.169427 32.552959 4.053240 32.515967 -0.368947 -0.169375 0.370849 0.835261
1780046285.269451 32.569873 4.099832 32.534409 -0.369036 -0.169243 0.371007 0.835179
1780046285.369574 32.583679 4.143056 32.555440 -0.368868 -0.169139 0.370804 0.835364
1780046285.469508 32.598724 4.188377 32.572351 -0.368296 -0.169934 0.370735 0.835486
1780046285.569419 32.611789 4.234807 32.587549 -0.368226 -0.170004 0.371296 0.835253
1780046285.669561 32.621781 4.284232 32.596998 -0.367935 -0.170465 0.370915 0.835456
1780046285.769525 32.630326 4.332018 32.606294 -0.367903 -0.171098 0.370948 0.835326
1780046285.869448 32.639272 4.370247 32.617407 -0.368359 -0.170534 0.370960 0.835235
1780046285.969892 32.647481 4.412600 32.624437 -0.368611 -0.170369 0.370849 0.835207
1780046286.069560 32.658295 4.455579 32.636876 -0.368841 -0.170099 0.370970 0.835107
1780046286.169452 32.668873 4.500498 32.648744 -0.369203 -0.169051 0.371247 0.835037
1780046286.269566 32.678461 4.539781 32.664976 -0.370498 -0.168445 0.371109 0.834647
1780046286.369447 32.693916 4.591066 32.680873 -0.370873 -0.168948 0.370545 0.834629
1780046286.469435 32.707368 4.632953 32.695941 -0.371714 -0.168083 0.370595 0.834408
1780046286.569596 32.719906 4.679062 32.704207 -0.371692 -0.168210 0.370661 0.834362
1780046286.669559 32.737598 4.724241 32.720402 -0.371907 -0.168786 0.370395 0.834269
1780046286.769636 32.752170 4.773706 32.734324 -0.371577 -0.167771 0.370594 0.834532
1780046286.869536 32.765893 4.825102 32.748129 -0.372089 -0.168692 0.369717 0.834507
1780046286.969486 32.774899 4.872143 32.756396 -0.371760 -0.169193 0.369087 0.834831
1780046287.069464 32.787860 4.922067 32.773222 -0.371874 -0.169341 0.369195 0.834703
1780046287.169478 32.799295 4.968869 32.787148 -0.371792 -0.169881 0.369111 0.834666
1780046287.269844 32.810707 5.009839 32.801203 -0.371473 -0.170901 0.368601 0.834826
1780046287.369466 32.825103 5.047520 32.816650 -0.371816 -0.170548 0.368749 0.834680
1780046287.469470 32.836277 5.095013 32.827327 -0.371784 -0.171168 0.368769 0.834559
1780046287.569526 32.845271 5.135948 32.837865 -0.370526 -0.170961 0.369215 0.834963
1780046287.669461 32.857654 5.184343 32.852301 -0.371014 -0.170704 0.369638 0.834612
1780046287.769589 32.868859 5.230499 32.866388 -0.370254 -0.170673 0.369410 0.835056
1780046287.869512 32.880362 5.268948 32.881681 -0.369843 -0.170650 0.369477 0.835213
1780046287.969483 32.892548 5.313392 32.893105 -0.369335 -0.171103 0.369533 0.835321
1780046288.069457 32.906043 5.360851 32.904263 -0.369698 -0.170842 0.369663 0.835156
1780046288.169508 32.917161 5.403985 32.914653 -0.369335 -0.170757 0.369613 0.835356
1780046288.269455 32.930299 5.452126 32.928988 -0.369501 -0.170227 0.369985 0.835226
1780046288.369663 32.942875 5.501627 32.941860 -0.369662 -0.170352 0.370096 0.835081
1780046288.469590 32.959291 5.552964 32.955300 -0.369100 -0.170280 0.370070 0.835355
1780046288.569551 32.971686 5.599927 32.968918 -0.369141 -0.170635 0.369919 0.835332
1780046288.669651 32.984463 5.643463 32.981888 -0.369727 -0.170196 0.370331 0.834979
1780046288.770443 32.995130 5.688269 32.997925 -0.370470 -0.170390 0.370520 0.834527
1780046288.869536 33.004502 5.734791 33.009512 -0.371711 -0.172528 0.372594 0.832610
1780046288.969522 33.013857 5.778211 33.015606 -0.372638 -0.174534 0.373770 0.831249
1780046289.069556 33.020795 5.827626 33.023246 -0.374911 -0.176690 0.376035 0.828746
1780046289.170535 33.031440 5.867545 33.033266 -0.376668 -0.178596 0.378157 0.826572
1780046289.269743 33.040359 5.919320 33.044873 -0.378572 -0.180270 0.380507 0.824257
1780046289.369587 33.052112 5.970446 33.055439 -0.379812 -0.182638 0.382327 0.822321
1780046289.469503 33.064497 6.025812 33.066304 -0.381971 -0.185244 0.384167 0.819877
1780046289.569573 33.071593 6.070025 33.075190 -0.383460 -0.187140 0.386409 0.817695
1780046289.669574 33.080708 6.121965 33.083372 -0.385608 -0.189642 0.388200 0.815256
1780046289.769526 33.090604 6.171588 33.097414 -0.388587 -0.191447 0.389662 0.812719
1780046289.869533 33.097964 6.219030 33.102971 -0.390246 -0.194266 0.390505 0.810848
1780046289.969717 33.105884 6.262823 33.112220 -0.391322 -0.196330 0.392424 0.808904
1780046290.069636 33.113242 6.310079 33.120605 -0.394111 -0.198937 0.393908 0.806186
1780046290.169551 33.121140 6.356791 33.129194 -0.395481 -0.200579 0.395939 0.804112
1780046290.269593 33.124215 6.405409 33.133604 -0.398111 -0.202994 0.397593 0.801387
1780046290.369671 33.127389 6.451959 33.140106 -0.400552 -0.204480 0.399138 0.799021
1780046290.469563 33.132536 6.503498 33.144733 -0.403286 -0.206983 0.400334 0.796399
1780046290.569559 33.135446 6.551862 33.145754 -0.404705 -0.208485 0.402129 0.794380
1780046290.670239 33.144424 6.599006 33.154295 -0.407224 -0.210381 0.403757 0.791763
1780046290.769553 33.150900 6.645331 33.161668 -0.408879 -0.210770 0.404286 0.790536
1780046290.869638 33.166650 6.698399 33.172249 -0.408451 -0.209984 0.404572 0.790820
1780046290.969597 33.178091 6.752837 33.184110 -0.409229 -0.209828 0.404908 0.790287
1780046291.070570 33.188315 6.803891 33.194713 -0.409760 -0.209999 0.404937 0.789951
1780046291.169638 33.193992 6.847217 33.201108 -0.409470 -0.210145 0.404437 0.790319
1780046291.269551 33.203910 6.895632 33.212966 -0.409767 -0.210179 0.404816 0.789962
1780046291.369659 33.206108 6.942033 33.218253 -0.409484 -0.210398 0.404476 0.790224
1780046291.469528 33.211066 6.982278 33.224052 -0.409583 -0.210464 0.403888 0.790456
1780046291.569668 33.216579 7.029297 33.227774 -0.408531 -0.211474 0.403752 0.790801
1780046291.669631 33.225665 7.081138 33.233737 -0.408875 -0.212075 0.404382 0.790139
1780046291.769644 33.233840 7.133064 33.243114 -0.408846 -0.212500 0.404217 0.790125
1780046291.869562 33.240498 7.172821 33.254931 -0.409024 -0.212355 0.403906 0.790231
1780046291.969530 33.246756 7.229220 33.262639 -0.409042 -0.212519 0.404360 0.789945
1780046292.069905 33.252226 7.283287 33.270287 -0.408723 -0.213304 0.404098 0.790033
1780046292.169543 33.260825 7.330259 33.276810 -0.407718 -0.213451 0.404462 0.790326
1780046292.269535 33.264856 7.376532 33.278755 -0.407433 -0.213509 0.404196 0.790594
1780046292.369578 33.268552 7.422587 33.282361 -0.407601 -0.212904 0.404754 0.790385
1780046292.469670 33.275321 7.460559 33.290955 -0.407932 -0.212737 0.404151 0.790567
1780046292.569669 33.280894 7.510000 33.291928 -0.406542 -0.213474 0.404490 0.790911
1780046292.669601 33.288154 7.562277 33.297845 -0.405652 -0.214372 0.404157 0.791295
1780046292.769544 33.292009 7.603248 33.304832 -0.405444 -0.213611 0.404438 0.791464
1780046292.869642 33.302170 7.647109 33.317189 -0.405532 -0.213947 0.403992 0.791556
1780046292.969629 33.308204 7.686206 33.327894 -0.405586 -0.214184 0.403876 0.791524
1780046293.069546 33.313685 7.735062 33.342922 -0.405303 -0.215408 0.403704 0.791424
1780046293.169705 33.322251 7.781073 33.351132 -0.405402 -0.215618 0.403387 0.791478
1780046293.269691 33.326129 7.828569 33.355084 -0.405228 -0.215570 0.403783 0.791378
1780046293.369662 33.330713 7.885006 33.356540 -0.404579 -0.215687 0.403878 0.791630
1780046293.469693 33.339826 7.934523 33.363424 -0.404773 -0.215488 0.403343 0.791858
1780046293.569625 33.348395 7.985534 33.377401 -0.405762 -0.215620 0.404268 0.790843
1780046293.669611 33.354448 8.028453 33.386196 -0.405342 -0.216008 0.403880 0.791151
1780046293.769609 33.365101 8.077161 33.394494 -0.405478 -0.216054 0.404026 0.790994
1780046293.869564 33.374129 8.128409 33.399402 -0.405622 -0.215580 0.404315 0.790902
1780046293.969709 33.380972 8.180395 33.407128 -0.405809 -0.215385 0.404109 0.790964
1780046294.069705 33.388075 8.229397 33.415329 -0.405512 -0.215271 0.404180 0.791111
1780046294.169641 33.389231 8.266946 33.419838 -0.405423 -0.214685 0.404034 0.791390
1780046294.269593 33.391321 8.315342 33.422436 -0.405631 -0.215210 0.403720 0.791302
1780046294.369684 33.402134 8.374222 33.430165 -0.404828 -0.215541 0.404314 0.791320
1780046294.469621 33.410619 8.419210 33.441487 -0.405482 -0.215251 0.403710 0.791372
1780046294.569561 33.417301 8.467289 33.453498 -0.405671 -0.215302 0.403561 0.791337
1780046294.669707 33.426704 8.513606 33.464741 -0.405203 -0.215903 0.403513 0.791438
1780046294.769614 33.430284 8.566779 33.468799 -0.405713 -0.215440 0.403792 0.791160
1780046294.869564 33.436697 8.613394 33.475691 -0.405580 -0.215690 0.403408 0.791356
1780046294.969579 33.443804 8.661835 33.482707 -0.405948 -0.215463 0.403729 0.791066
1780046295.069700 33.449882 8.705239 33.483599 -0.405727 -0.215822 0.402939 0.791484
1780046295.169737 33.456905 8.754605 33.489772 -0.405951 -0.215534 0.403622 0.791099
1780046295.269692 33.464809 8.801033 33.499363 -0.406118 -0.215835 0.403802 0.790840
1780046295.369648 33.472700 8.852256 33.506595 -0.406008 -0.216108 0.403673 0.790887
1780046295.469618 33.483527 8.902349 33.518149 -0.406466 -0.215302 0.404065 0.790672
1780046295.569589 33.490119 8.954472 33.527560 -0.406302 -0.215205 0.404518 0.790551
1780046295.670236 33.494324 9.001513 33.533871 -0.406322 -0.215178 0.404169 0.790727
1780046295.769567 33.505321 9.048439 33.548158 -0.406785 -0.215061 0.403909 0.790653
1780046295.869706 33.513816 9.093681 33.556685 -0.407426 -0.214533 0.403912 0.790464
1780046295.969640 33.522136 9.140381 33.564409 -0.407894 -0.214366 0.403405 0.790528
1780046296.069578 33.527464 9.187474 33.571319 -0.408580 -0.213533 0.403187 0.790510
1780046296.169719 33.533937 9.229298 33.574948 -0.408236 -0.213551 0.402640 0.790962
1780046296.269668 33.542913 9.282162 33.579308 -0.408985 -0.213674 0.402540 0.790592
1780046296.369630 33.545864 9.325106 33.583698 -0.409631 -0.212815 0.402279 0.790622
1780046296.469674 33.551030 9.373114 33.589763 -0.409439 -0.212799 0.402805 0.790458
1780046296.569606 33.557515 9.418728 33.601491 -0.410366 -0.212543 0.402528 0.790188
1780046296.669666 33.566064 9.473856 33.611053 -0.410859 -0.212607 0.402595 0.789880
1780046296.769742 33.571059 9.521949 33.619317 -0.410356 -0.212470 0.402772 0.790088
1780046296.869625 33.581387 9.579217 33.624108 -0.409383 -0.213012 0.403259 0.790198
1780046296.969598 33.590150 9.626565 33.632424 -0.409909 -0.212461 0.403858 0.789768
1780046297.069728 33.595823 9.668493 33.641014 -0.409862 -0.212869 0.403268 0.789984
1780046297.169822 33.603794 9.716761 33.647797 -0.409062 -0.212435 0.403881 0.790202
1780046297.269604 33.612601 9.765556 33.657085 -0.407817 -0.213109 0.403698 0.790758
1780046297.369743 33.623419 9.811474 33.665853 -0.407765 -0.213301 0.403861 0.790650
1780046297.470008 33.627675 9.860407 33.670421 -0.407285 -0.214036 0.403843 0.790707
1780046297.569661 33.631134 9.906806 33.676946 -0.407524 -0.213948 0.403628 0.790718
1780046297.669624 33.636315 9.951201 33.686204 -0.406609 -0.214707 0.403246 0.791178
1780046297.769727 33.645547 9.999825 33.693689 -0.406166 -0.215423 0.403506 0.791078
1780046297.869741 33.651983 10.051562 33.701392 -0.406300 -0.215825 0.402930 0.791193
1780046297.969712 33.656833 10.099632 33.711418 -0.406421 -0.215976 0.403501 0.790800
1780046298.069690 33.664163 10.140584 33.720570 -0.407064 -0.215750 0.403238 0.790665
1780046298.169689 33.670122 10.190091 33.727916 -0.407049 -0.216561 0.402941 0.790601
1780046298.269788 33.676711 10.240415 33.733974 -0.407550 -0.216192 0.402702 0.790566
1780046298.370585 33.681199 10.288700 33.737388 -0.407996 -0.215799 0.402915 0.790336
1780046298.469712 33.688959 10.335690 33.748329 -0.409034 -0.215555 0.402824 0.789911
1780046298.569757 33.696963 10.382326 33.754172 -0.408585 -0.215622 0.402691 0.790193
1780046298.669725 33.707213 10.435707 33.761821 -0.408713 -0.215984 0.402751 0.789997
1780046298.769603 33.711899 10.481167 33.770284 -0.409877 -0.215079 0.402475 0.789782
1780046298.869629 33.719729 10.529400 33.776865 -0.409102 -0.214859 0.402125 0.790422
1780046298.970648 33.729142 10.580092 33.785457 -0.410090 -0.212720 0.402017 0.790544
1780046299.069625 33.735290 10.627379 33.791363 -0.410580 -0.213486 0.401534 0.790328
1780046299.169704 33.743860 10.675982 33.798743 -0.409836 -0.214242 0.401119 0.790720
1780046299.270157 33.752717 10.725573 33.804150 -0.409035 -0.214354 0.401167 0.791080
1780046299.369750 33.757366 10.771957 33.813036 -0.409692 -0.214090 0.400732 0.791032
1780046299.469754 33.763347 10.812463 33.823055 -0.409278 -0.214347 0.400655 0.791216
1780046299.569736 33.775479 10.866611 33.833019 -0.408809 -0.214671 0.401078 0.791156
1780046299.669685 33.784619 10.917235 33.839461 -0.407788 -0.216085 0.401485 0.791092
1780046299.769687 33.793224 10.961091 33.847840 -0.407019 -0.215777 0.402854 0.790876
1780046299.869699 33.796116 11.005109 33.854252 -0.406492 -0.216308 0.403042 0.790906
1780046299.970127 33.797989 11.051233 33.860762 -0.406467 -0.215951 0.403231 0.790920
1780046300.069665 33.803090 11.097437 33.870750 -0.405661 -0.215331 0.404260 0.790978
1780046300.169819 33.808241 11.146767 33.875142 -0.405921 -0.216072 0.403930 0.790811
1780046300.269681 33.817695 11.195498 33.884003 -0.405683 -0.215892 0.403688 0.791105
1780046300.369642 33.823952 11.241760 33.896293 -0.406280 -0.215688 0.404118 0.790635
1780046300.469742 33.831339 11.289363 33.903487 -0.405780 -0.215557 0.404313 0.790828
1780046300.569686 33.839855 11.335641 33.915029 -0.405014 -0.216252 0.404621 0.790873
1780046300.669685 33.845528 11.381933 33.922765 -0.404957 -0.216144 0.404361 0.791065
1780046300.769702 33.856898 11.427458 33.929942 -0.403851 -0.216618 0.404640 0.791358
1780046300.869658 33.860073 11.481067 33.935300 -0.404873 -0.216799 0.404845 0.790681
1780046300.969677 33.859728 11.527426 33.939669 -0.404882 -0.217551 0.403955 0.790925
1780046301.069761 33.869406 11.573034 33.953565 -0.404964 -0.217258 0.404152 0.790863
1780046301.169661 33.878008 11.622255 33.956173 -0.403962 -0.217819 0.404476 0.791055
1780046301.269714 33.886978 11.669929 33.962902 -0.404298 -0.217813 0.404476 0.790886
1780046301.369699 33.893627 11.713103 33.972592 -0.405169 -0.216840 0.404755 0.790564
1780046301.469729 33.898573 11.760218 33.982343 -0.405508 -0.215949 0.405148 0.790433
1780046301.569761 33.906378 11.804839 33.992525 -0.406574 -0.215625 0.405448 0.789820
1780046301.669783 33.913993 11.846705 34.003047 -0.406121 -0.215628 0.404626 0.790473
1780046301.769831 33.917828 11.897227 34.009886 -0.405998 -0.215528 0.404723 0.790514
1780046301.869813 33.925155 11.949273 34.015200 -0.405690 -0.215745 0.404517 0.790718
1780046301.969747 33.933992 11.996750 34.024912 -0.405531 -0.216363 0.404550 0.790614
1780046302.069691 33.940334 12.047051 34.030753 -0.404989 -0.216628 0.404176 0.791011
1780046302.169694 33.945057 12.090962 34.037921 -0.405206 -0.216987 0.404304 0.790736
1780046302.269714 33.946923 12.138419 34.045234 -0.405168 -0.217702 0.403847 0.790792
1780046302.369730 33.957257 12.189576 34.053925 -0.404590 -0.218644 0.403475 0.791018
1780046302.469816 33.964435 12.237678 34.061698 -0.405328 -0.218165 0.403833 0.790590
1780046302.569689 33.971373 12.281261 34.066125 -0.404956 -0.218622 0.403695 0.790724
1780046302.669688 33.979111 12.327250 34.076709 -0.405830 -0.217710 0.403746 0.790502
1780046302.769810 33.986146 12.376655 34.079260 -0.405305 -0.217897 0.403639 0.790774
1780046302.869814 33.990437 12.425140 34.086409 -0.406521 -0.216949 0.403664 0.790398
1780046302.970444 33.999234 12.478019 34.093540 -0.406449 -0.217005 0.404225 0.790133
1780046303.069745 34.007682 12.523048 34.100365 -0.406844 -0.216383 0.403767 0.790335
1780046303.169730 34.010499 12.567170 34.106404 -0.407320 -0.215717 0.403769 0.790270
1780046303.269730 34.016761 12.611852 34.118758 -0.407080 -0.215571 0.403826 0.790405
1780046303.369817 34.021726 12.655416 34.128019 -0.407465 -0.215039 0.403813 0.790358
1780046303.469727 34.032731 12.707649 34.140205 -0.406730 -0.215323 0.404007 0.790560
1780046303.569686 34.041338 12.753975 34.144979 -0.405772 -0.215246 0.404376 0.790885
1780046303.669804 34.049603 12.796356 34.154341 -0.406102 -0.215985 0.403928 0.790742
1780046303.769754 34.055777 12.848469 34.161853 -0.406083 -0.216425 0.403450 0.790876
1780046303.869834 34.058480 12.892691 34.169287 -0.406356 -0.216815 0.403358 0.790676
1780046303.969780 34.066722 12.941693 34.175104 -0.406095 -0.217045 0.403847 0.790497
1780046304.069714 34.073647 12.986643 34.182946 -0.407188 -0.218847 0.405020 0.788836
1780046304.169744 34.072528 13.030679 34.189370 -0.409173 -0.219552 0.405983 0.787117
1780046304.269843 34.080462 13.083886 34.197278 -0.409491 -0.221373 0.407557 0.785626
1780046304.369760 34.085970 13.141828 34.200610 -0.410789 -0.223318 0.408843 0.783727
1780046304.469743 34.091548 13.189388 34.211886 -0.411967 -0.223449 0.409032 0.782973
1780046304.569869 34.099152 13.237183 34.223185 -0.412663 -0.223877 0.408944 0.782530
1780046304.670312 34.102110 13.287662 34.226931 -0.413239 -0.223262 0.408623 0.782570
1780046304.769824 34.108025 13.331444 34.233623 -0.412822 -0.222740 0.409124 0.782676
1780046304.869913 34.113640 13.380253 34.235956 -0.412164 -0.222791 0.409468 0.782829
1780046304.969819 34.117225 13.425845 34.239108 -0.412356 -0.224172 0.409974 0.782068
1780046305.069788 34.124335 13.476559 34.242591 -0.414549 -0.228124 0.412382 0.778492
1780046305.169786 34.123403 13.520847 34.244448 -0.416715 -0.231547 0.413948 0.775488
1780046305.269809 34.124739 13.570529 34.250062 -0.418339 -0.235066 0.416450 0.772208
1780046305.369696 34.127730 13.619232 34.251834 -0.419485 -0.236689 0.416405 0.771114
1780046305.469856 34.132508 13.665134 34.259397 -0.419492 -0.236820 0.416541 0.770997
1780046305.569771 34.138726 13.715732 34.264249 -0.419224 -0.237353 0.417209 0.770618
1780046305.669716 34.144912 13.763277 34.269718 -0.418887 -0.237049 0.417810 0.770569
1780046305.769783 34.149417 13.817615 34.275926 -0.419632 -0.237248 0.417338 0.770358
1780046305.869836 34.151216 13.859169 34.276430 -0.420485 -0.238988 0.418867 0.768523
1780046305.969826 34.153496 13.912701 34.280048 -0.422520 -0.243112 0.420781 0.765060
1780046306.069743 34.152523 13.963200 34.280698 -0.424809 -0.245369 0.423081 0.761796
1780046306.169906 34.154569 14.008625 34.284631 -0.425053 -0.245316 0.423434 0.761481
1780046306.269796 34.161451 14.055845 34.289915 -0.424269 -0.246071 0.423717 0.761517
1780046306.369840 34.162201 14.109430 34.295240 -0.424025 -0.246892 0.423949 0.761258
1780046306.469837 34.162546 14.159637 34.299845 -0.425845 -0.249805 0.425409 0.758472
1780046306.569761 34.168394 14.207823 34.304360 -0.427104 -0.252906 0.426995 0.755841
1780046306.669837 34.168544 14.253886 34.308422 -0.428024 -0.254048 0.427570 0.754611
1780046306.770112 34.165807 14.300510 34.315555 -0.428405 -0.253955 0.427274 0.754594
1780046306.870264 34.164433 14.351150 34.317847 -0.428067 -0.254358 0.426794 0.754922
1780046306.970219 34.165333 14.397334 34.317991 -0.426873 -0.254615 0.427116 0.755329
1780046307.069834 34.165660 14.447101 34.317308 -0.427401 -0.255491 0.426364 0.755160
1780046307.169907 34.172492 14.497820 34.326077 -0.427912 -0.254721 0.426587 0.755004
1780046307.269847 34.173099 14.549842 34.328637 -0.428606 -0.254708 0.426583 0.754618
1780046307.369851 34.175684 14.597536 34.330919 -0.428595 -0.254420 0.426471 0.754784
1780046307.469863 34.179346 14.648079 34.330621 -0.427834 -0.254364 0.426724 0.755092
1780046307.570251 34.183912 14.693209 34.336350 -0.427122 -0.254184 0.427386 0.755181
1780046307.670090 34.187259 14.739184 34.339917 -0.427748 -0.253370 0.428285 0.754591
1780046307.769892 34.188388 14.786497 34.341649 -0.427789 -0.253208 0.428387 0.754564
1780046307.869885 34.193766 14.829525 34.347440 -0.426876 -0.252984 0.428505 0.755089
1780046307.969790 34.196240 14.877275 34.353561 -0.426592 -0.252916 0.428517 0.755266
1780046308.069934 34.198992 14.926812 34.356955 -0.426372 -0.253744 0.428296 0.755237
1780046308.169746 34.202981 14.971502 34.362327 -0.426628 -0.253204 0.428308 0.755267
1780046308.270225 34.206248 15.018847 34.369217 -0.426853 -0.252891 0.428087 0.755370
1780046308.369916 34.209224 15.072731 34.370945 -0.427191 -0.253763 0.428335 0.754746
1780046308.469886 34.215128 15.130341 34.373410 -0.426501 -0.254452 0.427928 0.755135
1780046308.569865 34.215464 15.183293 34.374782 -0.427807 -0.253803 0.428457 0.754314
1780046308.670039 34.217268 15.235475 34.376995 -0.428619 -0.253295 0.428487 0.754007
1780046308.769754 34.214968 15.285711 34.379937 -0.429523 -0.253187 0.427957 0.753830
1780046308.869846 34.217083 15.333082 34.384113 -0.429447 -0.253224 0.428362 0.753630
1780046308.969766 34.219218 15.381692 34.388325 -0.429879 -0.252836 0.428154 0.753633
1780046309.069896 34.220886 15.424409 34.392294 -0.430029 -0.252872 0.428591 0.753286
1780046309.169784 34.228523 15.471166 34.395582 -0.429004 -0.253149 0.429109 0.753483
1780046309.269816 34.233962 15.522665 34.399369 -0.428015 -0.253135 0.429360 0.753907
1780046309.369806 34.234930 15.570087 34.403553 -0.428380 -0.253432 0.429518 0.753510
1780046309.469876 34.238221 15.615407 34.409746 -0.427988 -0.253479 0.428808 0.754121
1780046309.569914 34.240573 15.660934 34.410925 -0.427478 -0.254510 0.428165 0.754428
1780046309.669777 34.239503 15.705424 34.420396 -0.427588 -0.255551 0.426967 0.754693
1780046309.769883 34.239818 15.757277 34.425628 -0.428167 -0.254920 0.427969 0.754010
1780046309.869844 34.240419 15.806659 34.423826 -0.426817 -0.257429 0.426566 0.754718
1780046309.969884 34.245763 15.854759 34.430237 -0.425997 -0.255213 0.428001 0.755121
1780046310.070328 34.244467 15.900388 34.431453 -0.426691 -0.257485 0.426918 0.754571
1780046310.170269 34.250270 15.951047 34.433501 -0.425257 -0.256906 0.427103 0.755473
1780046310.269831 34.251551 16.003301 34.436184 -0.426470 -0.255843 0.428177 0.754541
1780046310.369865 34.251816 16.051400 34.437510 -0.427046 -0.257899 0.426050 0.754719
1780046310.469962 34.255256 16.104715 34.441501 -0.427027 -0.255884 0.425642 0.755645
1780046310.569794 34.253700 16.153186 34.442311 -0.428159 -0.256758 0.425508 0.754784
1780046310.669943 34.263190 16.202567 34.450393 -0.429217 -0.253071 0.425789 0.755269
1780046310.769835 34.266940 16.255824 34.457416 -0.428475 -0.253963 0.428007 0.754137
1780046310.869886 34.267914 16.304886 34.458670 -0.430143 -0.254503 0.425805 0.754252
1780046310.970608 34.270616 16.351902 34.465812 -0.429633 -0.251822 0.427310 0.754591
1780046311.069875 34.271793 16.400673 34.465362 -0.428805 -0.253664 0.427162 0.754529
1780046311.169957 34.276780 16.447771 34.471047 -0.429025 -0.252525 0.425901 0.755498
1780046311.269894 34.275190 16.489665 34.470581 -0.428161 -0.252864 0.426565 0.755500
1780046311.369962 34.277006 16.538020 34.475736 -0.428552 -0.254327 0.425913 0.755155
1780046311.469917 34.279067 16.581541 34.480878 -0.426188 -0.255380 0.427992 0.754962
1780046311.569874 34.278546 16.630834 34.480426 -0.425485 -0.255310 0.427882 0.755444
1780046311.669879 34.283463 16.679563 34.487200 -0.426355 -0.255714 0.427685 0.754929
1780046311.769879 34.284501 16.734978 34.490808 -0.425356 -0.255830 0.427628 0.755485
1780046311.869848 34.284437 16.786930 34.496128 -0.426849 -0.255693 0.427484 0.754770
1780046311.969841 34.292719 16.838269 34.496511 -0.426310 -0.256386 0.427730 0.754701
1780046312.069864 34.300468 16.886769 34.498827 -0.425871 -0.256117 0.427414 0.755219
1780046312.169856 34.303337 16.932669 34.504175 -0.426137 -0.255446 0.427716 0.755125
1780046312.269849 34.302807 16.974144 34.503603 -0.426336 -0.255504 0.427995 0.754834
1780046312.369887 34.303831 17.025164 34.512008 -0.427409 -0.254844 0.428262 0.754299
1780046312.470311 34.306641 17.078316 34.517364 -0.426871 -0.254588 0.428610 0.754493
1780046312.569998 34.308896 17.120125 34.524065 -0.426916 -0.254570 0.428149 0.754735
1780046312.669907 34.311927 17.168442 34.528352 -0.426774 -0.255209 0.428172 0.754587
1780046312.769825 34.315710 17.217724 34.530484 -0.425265 -0.255149 0.428027 0.755541
1780046312.869864 34.318970 17.266526 34.534177 -0.425065 -0.255132 0.428440 0.755425
1780046312.969953 34.319869 17.310159 34.538631 -0.425585 -0.255253 0.428002 0.755339
1780046313.069857 34.323998 17.356646 34.543352 -0.424456 -0.255692 0.428504 0.755541
1780046313.170601 34.329118 17.406690 34.550001 -0.422738 -0.255965 0.428859 0.756210
1780046313.269926 34.328017 17.455463 34.552066 -0.425076 -0.256053 0.428402 0.755129
1780046313.369880 34.330272 17.513067 34.553188 -0.424263 -0.256036 0.428179 0.755718
1780046313.469822 34.333873 17.555259 34.559628 -0.423501 -0.255899 0.429305 0.755552
1780046313.569933 34.334730 17.598817 34.563847 -0.424138 -0.255274 0.429077 0.755536
1780046313.669861 34.340033 17.651521 34.561476 -0.424922 -0.256090 0.429139 0.754784
1780046313.769869 34.339820 17.703976 34.566159 -0.424931 -0.255842 0.429383 0.754724
1780046313.869823 34.340385 17.747875 34.573211 -0.423999 -0.254992 0.430965 0.754634
1780046313.969673 34.345775 17.797836 34.577966 -0.425206 -0.253732 0.431535 0.754054
1780046314.069924 34.345365 17.852521 34.580190 -0.427226 -0.254973 0.428907 0.753993
1780046314.169841 34.346308 17.898418 34.581681 -0.426261 -0.254378 0.429012 0.754680
1780046314.269940 34.351628 17.947124 34.588384 -0.427032 -0.254185 0.429796 0.753863
1780046314.369893 34.352047 17.991754 34.595601 -0.427368 -0.253593 0.429343 0.754130
1780046314.470011 34.351515 18.038202 34.597588 -0.426274 -0.254316 0.428395 0.755044
1780046314.569897 34.356447 18.085547 34.598423 -0.425704 -0.255170 0.428249 0.755160
1780046314.669846 34.359024 18.140026 34.601914 -0.426342 -0.254761 0.428742 0.754658
1780046314.769967 34.360393 18.191243 34.608272 -0.427033 -0.253988 0.429195 0.754271
1780046314.869951 34.364400 18.238400 34.610568 -0.425831 -0.255590 0.427565 0.755334
1780046314.970018 34.365364 18.283667 34.616897 -0.426035 -0.255678 0.428342 0.754749
1780046315.070024 34.364416 18.329489 34.618720 -0.425981 -0.255284 0.428478 0.754836
1780046315.169964 34.365455 18.378352 34.622382 -0.426321 -0.255298 0.427803 0.755022
1780046315.269888 34.368370 18.428530 34.630828 -0.425976 -0.255684 0.428438 0.754725
1780046315.369910 34.374020 18.475618 34.634865 -0.426050 -0.255496 0.428837 0.754521
1780046315.469880 34.377412 18.530908 34.638415 -0.426735 -0.254912 0.428846 0.754326
1780046315.569867 34.380715 18.579383 34.641639 -0.426310 -0.255083 0.428673 0.754607
1780046315.670016 34.383958 18.625501 34.647413 -0.426111 -0.255154 0.428976 0.754524
1780046315.770007 34.385007 18.670997 34.649555 -0.426400 -0.254722 0.428426 0.754819
1780046315.869864 34.385956 18.721994 34.650807 -0.426013 -0.254749 0.428648 0.754902
1780046315.970000 34.386907 18.766953 34.655516 -0.426270 -0.254947 0.428602 0.754716
1780046316.070348 34.389641 18.820973 34.656381 -0.426140 -0.255344 0.428080 0.754952
1780046316.169915 34.391452 18.868954 34.657180 -0.426028 -0.254924 0.428207 0.755084
1780046316.270476 34.395228 18.920581 34.658234 -0.426422 -0.255298 0.427921 0.754898
1780046316.369964 34.400382 18.970551 34.660770 -0.425538 -0.254974 0.428285 0.755300
1780046316.469894 34.405635 19.016555 34.662954 -0.426109 -0.255167 0.428125 0.755003
1780046316.570015 34.405160 19.066229 34.665252 -0.425826 -0.254877 0.428327 0.755146
1780046316.670445 34.407602 19.113997 34.673990 -0.426479 -0.254732 0.428198 0.754900
1780046316.769881 34.407816 19.155695 34.679988 -0.426821 -0.253982 0.429018 0.754494
1780046316.870055 34.409418 19.205288 34.685010 -0.426398 -0.254480 0.428937 0.754611
1780046316.970022 34.416099 19.257727 34.686722 -0.425922 -0.253941 0.429265 0.754875
1780046317.069954 34.416106 19.305418 34.690806 -0.426501 -0.253751 0.429030 0.754745
1780046317.169979 34.416640 19.356435 34.694904 -0.426029 -0.253922 0.429211 0.754852
1780046317.269925 34.418117 19.399321 34.701455 -0.426635 -0.253731 0.429137 0.754616
1780046317.370046 34.421847 19.454582 34.710112 -0.426582 -0.253902 0.429077 0.754622
1780046317.470008 34.425101 19.507847 34.711361 -0.426179 -0.253440 0.428953 0.755075
1780046317.569961 34.427106 19.547155 34.713966 -0.426516 -0.253594 0.429241 0.754669
1780046317.669968 34.431183 19.599667 34.718943 -0.426001 -0.254177 0.428841 0.754992
1780046317.770039 34.439214 19.647473 34.722352 -0.426153 -0.254094 0.429072 0.754802
1780046317.870153 34.440185 19.691853 34.725616 -0.426869 -0.253749 0.428651 0.754753
1780046317.969920 34.438576 19.741568 34.728005 -0.427307 -0.253187 0.428464 0.754800
1780046318.070056 34.440535 19.790669 34.732401 -0.427843 -0.253071 0.428662 0.754423
1780046318.169977 34.443667 19.839918 34.735904 -0.428539 -0.253008 0.428545 0.754116
1780046318.270049 34.448949 19.890938 34.737393 -0.427768 -0.252921 0.429279 0.754165
1780046318.369993 34.452925 19.940663 34.738775 -0.427997 -0.252969 0.429359 0.753973
1780046318.469968 34.453622 19.993556 34.740773 -0.428636 -0.252080 0.429261 0.753964
1780046318.569985 34.457762 20.042913 34.747801 -0.428033 -0.251966 0.429563 0.754172
1780046318.669911 34.457176 20.086932 34.751369 -0.427196 -0.252569 0.429552 0.754452
1780046318.770274 34.458377 20.136798 34.754956 -0.427253 -0.252325 0.429615 0.754465
1780046318.869936 34.460758 20.189300 34.760708 -0.426961 -0.252508 0.429976 0.754364
1780046318.970412 34.464777 20.236220 34.767053 -0.425843 -0.252882 0.429584 0.755093
1780046319.070004 34.469493 20.290891 34.773632 -0.425771 -0.253489 0.429544 0.754953
1780046319.170044 34.471270 20.337249 34.773953 -0.425620 -0.254109 0.429217 0.755016
1780046319.270037 34.475201 20.386900 34.776314 -0.424097 -0.254380 0.429910 0.755388
1780046319.369950 34.475250 20.432289 34.777349 -0.424842 -0.254899 0.429326 0.755126
1780046319.469987 34.478284 20.473847 34.779626 -0.424728 -0.253963 0.429691 0.755298
1780046319.570018 34.477061 20.517601 34.781019 -0.425229 -0.253662 0.429393 0.755287
1780046319.670030 34.479092 20.569134 34.786498 -0.425558 -0.253634 0.429699 0.754937
1780046319.770057 34.478422 20.614771 34.793028 -0.426078 -0.253699 0.429627 0.754662
1780046319.869910 34.483761 20.661956 34.801287 -0.426603 -0.253350 0.429929 0.754311
1780046319.970071 34.486934 20.710398 34.806071 -0.426762 -0.252913 0.430453 0.754069
1780046320.070072 34.492091 20.766309 34.807836 -0.427050 -0.252718 0.430330 0.754041
1780046320.169979 34.495695 20.815138 34.813147 -0.427898 -0.252244 0.430050 0.753879
1780046320.269999 34.498149 20.868679 34.813216 -0.426684 -0.252324 0.430782 0.754123
1780046320.369941 34.500775 20.922732 34.818197 -0.426726 -0.252281 0.430150 0.754474
1780046320.470029 34.506937 20.969701 34.821656 -0.426286 -0.252552 0.430070 0.754677
1780046320.569963 34.507050 21.015975 34.823911 -0.426843 -0.252179 0.429632 0.754736
1780046320.670126 34.507485 21.065440 34.826523 -0.426297 -0.252797 0.429866 0.754705
1780046320.770085 34.507572 21.116495 34.831835 -0.426152 -0.252622 0.429847 0.754857
1780046320.870023 34.508519 21.163325 34.834947 -0.425725 -0.253612 0.429213 0.755126
1780046320.970141 34.512635 21.211065 34.841510 -0.425943 -0.253078 0.429847 0.754822
1780046321.069999 34.513085 21.255930 34.843026 -0.426657 -0.253294 0.429320 0.754646
1780046321.170041 34.520004 21.301562 34.845089 -0.425493 -0.252561 0.429601 0.755388
1780046321.269932 34.521925 21.348696 34.847434 -0.426434 -0.252383 0.429671 0.754877
1780046321.370044 34.524895 21.396610 34.849459 -0.425682 -0.252360 0.430491 0.754842
1780046321.469975 34.526917 21.448159 34.857230 -0.426871 -0.251839 0.430461 0.754361
1780046321.570102 34.530208 21.498502 34.860861 -0.427470 -0.251602 0.430313 0.754186
1780046321.669954 34.531963 21.547769 34.865497 -0.427964 -0.251345 0.430646 0.753801
1780046321.770492 34.535720 21.598862 34.870049 -0.427497 -0.251200 0.430952 0.753940
1780046321.870090 34.538381 21.649010 34.876024 -0.427330 -0.251473 0.430290 0.754321
1780046321.969943 34.540733 21.697993 34.881994 -0.427794 -0.251168 0.430074 0.754283
1780046322.070498 34.541790 21.747010 34.885792 -0.427820 -0.251831 0.430053 0.754059
1780046322.169971 34.546890 21.789611 34.885793 -0.426576 -0.251875 0.429679 0.754962
1780046322.269999 34.548737 21.840156 34.885376 -0.426313 -0.252129 0.429592 0.755076
1780046322.370021 34.549157 21.889516 34.889270 -0.427058 -0.252091 0.429227 0.754875
1780046322.469991 34.552107 21.938278 34.890978 -0.426415 -0.252469 0.429679 0.754854
1780046322.570094 34.554313 21.990842 34.893305 -0.427155 -0.252509 0.429207 0.754691
1780046322.670004 34.557382 22.040680 34.899254 -0.427499 -0.251953 0.429531 0.754498
1780046322.770104 34.558483 22.091995 34.902582 -0.427182 -0.251940 0.429237 0.754849
1780046322.870071 34.562278 22.138440 34.908131 -0.427479 -0.252283 0.429338 0.754509
1780046322.970030 34.566194 22.179792 34.914991 -0.427427 -0.252295 0.429196 0.754615
1780046323.070052 34.569389 22.227674 34.914851 -0.427150 -0.252140 0.430111 0.754304
1780046323.170154 34.569506 22.274993 34.917267 -0.427916 -0.251211 0.430179 0.754140
1780046323.269955 34.571472 22.326076 34.921648 -0.427270 -0.251197 0.429865 0.754690
1780046323.369997 34.574151 22.372162 34.926413 -0.427753 -0.251434 0.429759 0.754398
1780046323.469979 34.575809 22.419603 34.926464 -0.427256 -0.250885 0.429689 0.754902
1780046323.570059 34.578813 22.475555 34.931580 -0.427161 -0.251655 0.429668 0.754711
1780046323.670157 34.583479 22.520795 34.936364 -0.427252 -0.251047 0.428990 0.755247
1780046323.769971 34.588475 22.574416 34.943544 -0.427419 -0.252238 0.428798 0.754865
1780046323.869997 34.591212 22.626011 34.951195 -0.427530 -0.251967 0.428984 0.754787
1780046323.970142 34.593534 22.675714 34.955554 -0.427584 -0.252889 0.428557 0.754690
1780046324.069972 34.592807 22.720623 34.958637 -0.427117 -0.252502 0.428953 0.754860
1780046324.170075 34.597468 22.770575 34.960354 -0.427480 -0.252624 0.428770 0.754717
1780046324.270335 34.599712 22.821166 34.963123 -0.427772 -0.252344 0.428806 0.754625
1780046324.370147 34.599273 22.868058 34.964074 -0.427414 -0.252229 0.428932 0.754795
1780046324.470104 34.602919 22.919640 34.967336 -0.428082 -0.251634 0.429301 0.754405
1780046324.570035 34.608245 22.966470 34.969291 -0.428157 -0.251459 0.429172 0.754494
1780046324.670054 34.609818 23.017655 34.969681 -0.428888 -0.251081 0.429401 0.754074
1780046324.769997 34.614445 23.063182 34.976495 -0.429282 -0.250415 0.429019 0.754289
1780046324.870008 34.623648 23.110860 34.981701 -0.428633 -0.250378 0.428967 0.754700
1780046324.969993 34.625559 23.165324 34.986315 -0.428757 -0.250896 0.429110 0.754376
1780046325.070628 34.626491 23.214589 34.989556 -0.428414 -0.250726 0.429074 0.754648
1780046325.170465 34.629393 23.259014 34.992946 -0.428683 -0.250580 0.429094 0.754533
1780046325.270047 34.626159 23.306894 34.994694 -0.428308 -0.251303 0.428955 0.754583
1780046325.370111 34.629172 23.351659 35.001294 -0.427178 -0.251288 0.428831 0.755300
1780046325.470043 34.630583 23.396816 35.004078 -0.426732 -0.252060 0.428804 0.755309
1780046325.570056 34.632665 23.448101 35.003353 -0.425738 -0.252683 0.429039 0.755529
1780046325.670084 34.635535 23.491572 35.007114 -0.426532 -0.251976 0.429109 0.755277
1780046325.770772 34.638311 23.546122 35.010100 -0.426690 -0.252346 0.429052 0.755097
1780046325.870109 34.641572 23.599741 35.012677 -0.427626 -0.251856 0.428825 0.754860
1780046325.970087 34.645525 23.651903 35.019232 -0.428311 -0.251192 0.429067 0.754555
1780046326.070182 34.649764 23.704230 35.019247 -0.428425 -0.251294 0.429556 0.754178
1780046326.170041 34.656865 23.752283 35.027066 -0.429998 -0.249775 0.429514 0.753812
1780046326.270057 34.661242 23.799942 35.035795 -0.431072 -0.249598 0.429428 0.753306
1780046326.369999 34.665384 23.845137 35.037325 -0.431216 -0.249158 0.429014 0.753605
1780046326.470166 34.665740 23.892286 35.039080 -0.431504 -0.249215 0.428721 0.753587
1780046326.570135 34.667256 23.936262 35.040461 -0.431324 -0.248515 0.428246 0.754191
1780046326.670191 34.667171 23.981734 35.045175 -0.430822 -0.249432 0.428237 0.754181
1780046326.770163 34.671807 24.032009 35.046531 -0.429528 -0.249894 0.428169 0.754805
1780046326.870159 34.673806 24.081906 35.049947 -0.429341 -0.250073 0.428161 0.754857
1780046326.970080 34.674318 24.130048 35.049012 -0.429566 -0.250600 0.428373 0.754433
1780046327.070133 34.679349 24.173757 35.053003 -0.428245 -0.250970 0.427910 0.755323
1780046327.169439 34.680077 24.222630 35.058554 -0.429102 -0.250639 0.427638 0.755101
1780046327.270083 34.681902 24.271555 35.064788 -0.428480 -0.251462 0.427100 0.755485
1780046327.370031 34.687110 24.321887 35.071354 -0.427843 -0.251579 0.427598 0.755525
1780046327.470043 34.686736 24.371445 35.074883 -0.427851 -0.251475 0.428271 0.755174
1780046327.570190 34.689179 24.416464 35.075629 -0.427719 -0.251321 0.428242 0.755317
1780046327.670152 34.693030 24.465525 35.078002 -0.427510 -0.250736 0.428935 0.755236
1780046327.770161 34.697905 24.513873 35.080551 -0.427408 -0.251365 0.429048 0.755021
1780046327.870031 34.699974 24.559278 35.085960 -0.427378 -0.251321 0.428722 0.755237
1780046327.970166 34.703999 24.607350 35.097517 -0.427328 -0.251679 0.427953 0.755583
1780046328.070417 34.705346 24.658733 35.097611 -0.427213 -0.251422 0.427813 0.755812
1780046328.170072 34.708459 24.710047 35.099607 -0.426455 -0.250982 0.428155 0.756193
1780046328.270210 34.711150 24.759330 35.103448 -0.427321 -0.251154 0.427739 0.755882
1780046328.370116 34.712466 24.808288 35.105974 -0.427728 -0.251641 0.427391 0.755687
1780046328.470137 34.718644 24.852171 35.107513 -0.427152 -0.251771 0.427504 0.755906
1780046328.570048 34.718346 24.904603 35.109243 -0.427355 -0.251871 0.427466 0.755779
1780046328.670135 34.718946 24.956578 35.109812 -0.428341 -0.251300 0.427474 0.755406
1780046328.770234 34.720232 25.003200 35.112636 -0.429450 -0.250146 0.426773 0.755556
1780046328.870063 34.724097 25.050840 35.120383 -0.429675 -0.250030 0.426918 0.755384
1780046328.970112 34.729450 25.100930 35.126578 -0.430200 -0.249845 0.426782 0.755223
1780046329.070091 34.734964 25.148095 35.132123 -0.430556 -0.249792 0.426589 0.755147
1780046329.170171 34.739670 25.198456 35.135124 -0.430681 -0.249657 0.427358 0.754686
1780046329.270107 34.744912 25.253888 35.143336 -0.431343 -0.249795 0.427295 0.754297
1780046329.370189 34.749916 25.298835 35.148510 -0.430653 -0.248971 0.427138 0.755053
1780046329.470175 34.751348 25.344273 35.151065 -0.429014 -0.249497 0.426966 0.755909
1780046329.570128 34.747410 25.385506 35.150450 -0.429302 -0.249526 0.427616 0.755368
1780046329.670059 34.748208 25.435989 35.148581 -0.428379 -0.249774 0.427820 0.755694
1780046329.770162 34.754207 25.488342 35.151428 -0.427384 -0.250303 0.427618 0.756197
1780046329.870555 34.755994 25.533542 35.157560 -0.428138 -0.250758 0.427277 0.755812
1780046329.970240 34.759310 25.583298 35.162345 -0.427070 -0.251388 0.427560 0.756047
1780046330.070224 34.761167 25.633037 35.167968 -0.427991 -0.251899 0.426960 0.755696
1780046330.170083 34.765788 25.688344 35.172545 -0.427646 -0.251487 0.426762 0.756140
1780046330.270217 34.765693 25.738942 35.173018 -0.427699 -0.251074 0.426788 0.756232
1780046330.370211 34.766762 25.789928 35.176553 -0.427657 -0.251883 0.427196 0.755757
1780046330.470178 34.768454 25.827066 35.180970 -0.428122 -0.251219 0.426477 0.756120
1780046330.570199 34.772817 25.874836 35.186502 -0.427493 -0.251354 0.427190 0.756029
1780046330.670604 34.772910 25.919247 35.188888 -0.428576 -0.251308 0.426735 0.755688
1780046330.770479 34.776068 25.972401 35.193368 -0.428384 -0.250713 0.427266 0.755694
1780046330.870135 34.782484 26.022365 35.197195 -0.428822 -0.250605 0.427309 0.755457
1780046330.970125 34.789423 26.081999 35.205272 -0.427853 -0.250851 0.427411 0.755867
1780046331.070163 34.789938 26.123332 35.205477 -0.428173 -0.251369 0.427162 0.755655
1780046331.170191 34.790738 26.176510 35.205090 -0.427849 -0.250820 0.427065 0.756075
1780046331.270080 34.791318 26.226585 35.207212 -0.427290 -0.250661 0.426926 0.756522
1780046331.370127 34.795060 26.274857 35.212286 -0.427770 -0.251234 0.426202 0.756470
1780046331.470087 34.797373 26.312841 35.214774 -0.427954 -0.250786 0.426261 0.756481
1780046331.570095 34.798487 26.365766 35.221764 -0.428099 -0.251389 0.426109 0.756285
1780046331.670141 34.798149 26.418996 35.222790 -0.428856 -0.251254 0.426051 0.755933
1780046331.770143 34.803354 26.463241 35.229420 -0.428513 -0.250994 0.426372 0.756032
1780046331.870194 34.805661 26.517003 35.231791 -0.429391 -0.250773 0.425776 0.755944
1780046331.970115 34.809851 26.564460 35.240061 -0.429367 -0.250738 0.425971 0.755859
1780046332.070160 34.814354 26.612885 35.243973 -0.429633 -0.250814 0.426613 0.755320
1780046332.170213 34.818825 26.657867 35.245866 -0.429908 -0.250899 0.426071 0.755442
1780046332.270159 34.821490 26.711317 35.244356 -0.429096 -0.250170 0.427127 0.755549
1780046332.370260 34.827671 26.761056 35.248250 -0.429609 -0.250577 0.426929 0.755234
1780046332.470143 34.830531 26.805532 35.249371 -0.428821 -0.249532 0.427269 0.755836
1780046332.570129 34.831147 26.855934 35.255057 -0.428869 -0.250985 0.426481 0.755773
1780046332.670172 34.832855 26.898634 35.261203 -0.428096 -0.250487 0.426840 0.756173
1780046332.770103 34.832893 26.949759 35.264209 -0.427931 -0.250426 0.426916 0.756244
1780046332.870139 34.837021 26.991605 35.271892 -0.428348 -0.251066 0.426157 0.756223
1780046332.970250 34.841434 27.039397 35.276538 -0.428581 -0.251198 0.425927 0.756177
1780046333.070122 34.846370 27.090644 35.277599 -0.426520 -0.251608 0.426399 0.756940
1780046333.170148 34.849391 27.141015 35.279817 -0.426346 -0.251800 0.426342 0.757006
1780046333.270149 34.852673 27.194015 35.286341 -0.426099 -0.251693 0.427251 0.756668
1780046333.370116 34.852256 27.243749 35.292443 -0.427369 -0.251820 0.426461 0.756356
1780046333.470201 34.853138 27.292910 35.295510 -0.426937 -0.251008 0.427390 0.756345
1780046333.570420 34.855792 27.333034 35.299447 -0.427890 -0.251179 0.426554 0.756222
1780046333.670109 34.858332 27.386456 35.305535 -0.426885 -0.251444 0.427335 0.756261
1780046333.770224 34.862056 27.439302 35.308372 -0.427241 -0.251028 0.427428 0.756145
1780046333.870313 34.864713 27.485560 35.313582 -0.427970 -0.251107 0.427290 0.755785
1780046333.970207 34.870812 27.538136 35.316168 -0.426824 -0.250338 0.428065 0.756249
1780046334.070272 34.874116 27.588509 35.316776 -0.427637 -0.250144 0.428373 0.755680
1780046334.170192 34.878817 27.637839 35.322519 -0.427129 -0.249830 0.428362 0.756077
1780046334.270121 34.881129 27.688561 35.325295 -0.426128 -0.249837 0.428604 0.756501
1780046334.370366 34.880586 27.739192 35.332144 -0.427528 -0.250464 0.427732 0.755998
1780046334.470252 34.883293 27.781054 35.336467 -0.427746 -0.249997 0.427923 0.755921
1780046334.570227 34.883378 27.828015 35.335598 -0.427332 -0.250512 0.428059 0.755908
1780046334.670237 34.885055 27.880250 35.336451 -0.426883 -0.250783 0.427590 0.756337
1780046334.770274 34.885653 27.924749 35.339418 -0.427803 -0.250214 0.427416 0.756104
1780046334.870208 34.890989 27.969710 35.343460 -0.428660 -0.250309 0.427148 0.755738
1780046334.970160 34.894691 28.020509 35.348905 -0.427942 -0.249988 0.427349 0.756138
1780046335.070265 34.898128 28.063344 35.355249 -0.428029 -0.249938 0.427486 0.756027
1780046335.170237 34.902533 28.113578 35.360624 -0.428813 -0.249944 0.427272 0.755702
1780046335.270276 34.907041 28.170502 35.364697 -0.429432 -0.250648 0.427136 0.755194
1780046335.370205 34.912534 28.221315 35.369351 -0.429530 -0.250091 0.427022 0.755388
1780046335.470385 34.913850 28.276658 35.371632 -0.429634 -0.249846 0.426591 0.755653
1780046335.570229 34.917254 28.315608 35.376240 -0.429760 -0.249693 0.426540 0.755661
1780046335.670222 34.918831 28.361711 35.377241 -0.429020 -0.250300 0.425933 0.756222
1780046335.770337 34.919779 28.412708 35.379978 -0.427512 -0.250406 0.427308 0.756266
1780046335.870296 34.921164 28.461820 35.381363 -0.427915 -0.251039 0.426338 0.756376
1780046335.970178 34.923418 28.497892 35.386608 -0.427419 -0.251393 0.426183 0.756626
1780046336.070331 34.923774 28.546641 35.391259 -0.427163 -0.252379 0.425472 0.756842
1780046336.170301 34.925392 28.602689 35.393477 -0.425831 -0.253293 0.425545 0.757246
1780046336.270251 34.925446 28.649229 35.396648 -0.425843 -0.253147 0.425043 0.757570
1780046336.370338 34.925445 28.699621 35.397460 -0.426108 -0.253446 0.424900 0.757402
1780046336.470277 34.927886 28.749448 35.401743 -0.426044 -0.253540 0.424800 0.757462
1780046336.570256 34.934769 28.800458 35.410028 -0.426057 -0.253396 0.425792 0.756946
1780046336.670272 34.941043 28.850531 35.410293 -0.426860 -0.252904 0.424933 0.757141
1780046336.770267 34.944645 28.899626 35.418290 -0.426574 -0.251867 0.425518 0.757319
1780046336.870155 34.947490 28.944562 35.416277 -0.427476 -0.252406 0.425332 0.756735
1780046336.970233 34.952440 28.993985 35.420522 -0.427114 -0.252518 0.425870 0.756600
1780046337.070200 34.954197 29.045941 35.427489 -0.427097 -0.252138 0.425525 0.756931
1780046337.170292 34.953426 29.096395 35.429509 -0.427521 -0.251697 0.424972 0.757148
1780046337.270168 34.955863 29.137766 35.431097 -0.426452 -0.252088 0.425528 0.757308
1780046337.370243 34.958611 29.191040 35.438339 -0.428157 -0.252022 0.425193 0.756556
1780046337.470234 34.963692 29.237328 35.438283 -0.427077 -0.252181 0.425331 0.757036
1780046337.570292 34.963925 29.288849 35.440787 -0.427497 -0.252450 0.425216 0.756774
1780046337.670306 34.967502 29.336205 35.450501 -0.427783 -0.253255 0.424825 0.756562
1780046337.770326 34.969323 29.385072 35.454771 -0.427986 -0.253334 0.424458 0.756628
1780046337.870186 34.971114 29.438179 35.457195 -0.428600 -0.252856 0.424663 0.756325
1780046337.970255 34.975305 29.486061 35.464111 -0.428034 -0.252430 0.424579 0.756835
1780046338.070182 34.975389 29.530328 35.460870 -0.428077 -0.253268 0.424643 0.756494
1780046338.170300 34.977447 29.577283 35.462735 -0.427920 -0.253212 0.424784 0.756523
1780046338.270225 34.979345 29.624110 35.467144 -0.428082 -0.253331 0.424316 0.756654
1780046338.370231 34.981032 29.677157 35.470623 -0.428610 -0.253229 0.424627 0.756214
1780046338.470387 34.985669 29.727052 35.478623 -0.428016 -0.253445 0.425297 0.756102
1780046338.570182 34.986334 29.776859 35.480872 -0.428256 -0.253418 0.424363 0.756500
1780046338.670331 34.987040 29.821237 35.486782 -0.427506 -0.253852 0.424653 0.756616
1780046338.770183 34.990344 29.869515 35.486949 -0.427896 -0.253849 0.424660 0.756392
1780046338.870276 34.996804 29.916851 35.490292 -0.426465 -0.253311 0.425014 0.757182
1780046338.970384 34.998147 29.961991 35.495163 -0.427939 -0.253409 0.424085 0.756838
1780046339.070188 35.003388 30.013239 35.504415 -0.426646 -0.254025 0.424079 0.757364
1780046339.170231 35.002541 30.061045 35.507067 -0.427394 -0.255661 0.422955 0.757021
1780046339.270206 35.004801 30.111437 35.507086 -0.426346 -0.254973 0.423338 0.757630
1780046339.370196 35.008280 30.161742 35.511857 -0.427571 -0.255083 0.422385 0.757435
1780046339.470248 35.013301 30.206740 35.514537 -0.427726 -0.254700 0.422778 0.757256
1780046339.570322 35.017120 30.257715 35.519921 -0.428163 -0.254509 0.422626 0.757158
1780046339.670341 35.020546 30.303511 35.523604 -0.427992 -0.254341 0.422684 0.757279
1780046339.770292 35.021818 30.357348 35.524147 -0.427364 -0.254301 0.424089 0.756862
1780046339.870292 35.021734 30.402085 35.526319 -0.428904 -0.252963 0.423582 0.756722
1780046339.970197 35.020812 30.450373 35.529862 -0.428958 -0.253616 0.423081 0.756754
1780046340.070276 35.024954 30.497734 35.532078 -0.428719 -0.252766 0.423658 0.756851
1780046340.170258 35.026960 30.549637 35.534448 -0.429161 -0.253310 0.423041 0.756763
1780046340.270349 35.030620 30.592269 35.539317 -0.428065 -0.253083 0.423590 0.757153
1780046340.370241 35.036468 30.637098 35.546894 -0.428046 -0.253200 0.423279 0.757299
1780046340.470245 35.039424 30.684242 35.554058 -0.428641 -0.253267 0.423055 0.757065
1780046340.570231 35.043983 30.740161 35.558689 -0.428401 -0.252997 0.423420 0.757087
1780046340.670353 35.052128 30.787437 35.562996 -0.428138 -0.253027 0.423762 0.757034
1780046340.770290 35.055346 30.837336 35.568214 -0.428123 -0.252428 0.423980 0.757121
1780046340.870325 35.053678 30.883729 35.573532 -0.428671 -0.253092 0.423199 0.757026
1780046340.970293 35.055328 30.928784 35.576420 -0.428300 -0.252521 0.423832 0.757072
1780046341.070253 35.058261 30.975916 35.579422 -0.428747 -0.252543 0.423380 0.757065
1780046341.170299 35.060596 31.029139 35.582339 -0.429147 -0.252382 0.423699 0.756713
1780046341.270315 35.064471 31.086745 35.581586 -0.428889 -0.252478 0.424072 0.756619
1780046341.370394 35.062468 31.133275 35.585677 -0.429675 -0.251980 0.423949 0.756407
1780046341.470215 35.070584 31.175876 35.593594 -0.428532 -0.251895 0.425468 0.756232
1780046341.570219 35.074167 31.231151 35.596327 -0.428608 -0.252502 0.426004 0.755684
1780046341.670355 35.076956 31.278218 35.601526 -0.428325 -0.251484 0.426057 0.756154
1780046341.770340 35.076650 31.322333 35.602485 -0.428260 -0.251341 0.426462 0.756010
1780046341.870325 35.078006 31.370301 35.607507 -0.429049 -0.251576 0.425242 0.756172
1780046341.970294 35.080265 31.427118 35.609585 -0.428557 -0.250697 0.425506 0.756594
1780046342.070227 35.083720 31.475420 35.608293 -0.428287 -0.250824 0.425760 0.756562
1780046342.170361 35.089685 31.527125 35.616558 -0.428604 -0.251910 0.425200 0.756336
1780046342.270381 35.092409 31.570826 35.622046 -0.428053 -0.252127 0.426224 0.756000
1780046342.370389 35.092699 31.622071 35.625823 -0.428819 -0.252008 0.424914 0.756343
1780046342.470327 35.094084 31.672146 35.637814 -0.428845 -0.252374 0.425445 0.755907
1780046342.570308 35.096290 31.721335 35.640303 -0.428802 -0.252396 0.425742 0.755757
1780046342.670263 35.102440 31.766376 35.642391 -0.427986 -0.252218 0.425694 0.756306
1780046342.770294 35.100809 31.812024 35.644574 -0.428076 -0.251921 0.425785 0.756303
1780046342.870384 35.105131 31.868157 35.646151 -0.427656 -0.252428 0.426906 0.755739
1780046342.970370 35.107832 31.918578 35.646864 -0.427471 -0.252620 0.427240 0.755591
1780046343.070358 35.110682 31.964132 35.652907 -0.427934 -0.252181 0.426957 0.755636
1780046343.170283 35.114912 32.004425 35.658440 -0.427693 -0.251597 0.427258 0.755796
1780046343.270251 35.116631 32.050548 35.665970 -0.427676 -0.251974 0.427046 0.755801
1780046343.370275 35.117728 32.099367 35.667235 -0.427371 -0.252405 0.426451 0.756165
1780046343.470271 35.123395 32.150906 35.672909 -0.426990 -0.252034 0.426325 0.756575
1780046343.570402 35.126763 32.203258 35.673323 -0.427573 -0.251913 0.426405 0.756240
1780046343.670284 35.126290 32.252615 35.674018 -0.427365 -0.252210 0.426267 0.756337
1780046343.770325 35.127257 32.305274 35.678066 -0.427606 -0.252640 0.425948 0.756237
1780046343.870430 35.128584 32.353649 35.679025 -0.426818 -0.252268 0.425308 0.757166
1780046343.970342 35.128644 32.399052 35.686196 -0.427737 -0.252269 0.425693 0.756430
1780046344.070446 35.131989 32.445677 35.690218 -0.428088 -0.252979 0.425720 0.755979
1780046344.170367 35.138424 32.492084 35.696926 -0.427731 -0.252308 0.425511 0.756523
1780046344.270341 35.144455 32.541027 35.700989 -0.427177 -0.252234 0.425793 0.756702
1780046344.370285 35.146038 32.596580 35.705017 -0.427216 -0.252963 0.425631 0.756528
1780046344.470258 35.147388 32.643227 35.708480 -0.427556 -0.252089 0.426134 0.756344
1780046344.570350 35.147620 32.683058 35.714002 -0.428328 -0.252565 0.426165 0.755731
1780046344.670285 35.150683 32.738796 35.718654 -0.427954 -0.252041 0.426590 0.755878
1780046344.770408 35.155669 32.783375 35.721029 -0.428673 -0.251784 0.426283 0.755730
1780046344.870385 35.157300 32.834844 35.723451 -0.428038 -0.252708 0.426183 0.755837
1780046344.970316 35.160107 32.881405 35.727675 -0.427364 -0.252250 0.426636 0.756117
1780046345.070389 35.159068 32.932887 35.733126 -0.427197 -0.252483 0.426107 0.756431
1780046345.170313 35.162060 32.979146 35.736743 -0.427355 -0.252605 0.425760 0.756496
1780046345.270363 35.166405 33.026073 35.740689 -0.426578 -0.253077 0.425847 0.756728
1780046345.370409 35.166262 33.078782 35.740370 -0.426636 -0.253109 0.425843 0.756687
1780046345.469394 35.163661 33.126717 35.744606 -0.428923 -0.257154 0.427149 0.753286
1780046345.570431 35.166100 33.174570 35.745346 -0.430518 -0.260883 0.430210 0.749342
1780046345.670422 35.164384 33.230475 35.745097 -0.434041 -0.264637 0.431480 0.745252
1780046345.770404 35.163340 33.277095 35.744671 -0.434551 -0.265194 0.432458 0.744190
1780046345.870290 35.163562 33.325800 35.743173 -0.434319 -0.265586 0.432792 0.743991
1780046345.970484 35.166024 33.372805 35.747499 -0.434526 -0.265295 0.432936 0.743890
1780046346.070317 35.170176 33.421033 35.753939 -0.433680 -0.265161 0.433550 0.744074
1780046346.170432 35.169881 33.471730 35.757819 -0.434976 -0.264935 0.433321 0.743531
1780046346.270447 35.174246 33.516899 35.768457 -0.434792 -0.264857 0.433023 0.743840
1780046346.370330 35.175743 33.558166 35.772533 -0.435015 -0.264241 0.432399 0.744291
1780046346.469315 35.176943 33.610681 35.773118 -0.434703 -0.264461 0.432756 0.744188
1780046346.570412 35.179408 33.666038 35.770503 -0.433360 -0.264702 0.433374 0.744525
1780046346.670431 35.178232 33.721525 35.769701 -0.433250 -0.264455 0.432925 0.744939
1780046346.770336 35.181044 33.767731 35.773259 -0.433643 -0.264520 0.432596 0.744878
1780046346.870338 35.181125 33.819363 35.777213 -0.433872 -0.264705 0.432740 0.744596
1780046346.970300 35.181087 33.866682 35.777168 -0.432945 -0.265582 0.432905 0.744727
1780046347.070340 35.183009 33.912714 35.778148 -0.432862 -0.265518 0.432912 0.744794
1780046347.170419 35.186290 33.957816 35.783436 -0.433908 -0.265926 0.432703 0.744160
1780046347.270355 35.184507 34.007387 35.784946 -0.433381 -0.264874 0.432764 0.744807
1780046347.370418 35.180664 34.059017 35.790168 -0.435196 -0.265663 0.432400 0.743679
1780046347.470401 35.184679 34.104732 35.788998 -0.433607 -0.264935 0.433957 0.743960
1780046347.570406 35.189214 34.151908 35.792764 -0.434689 -0.264411 0.433795 0.743609
1780046347.670340 35.192532 34.199583 35.796169 -0.435685 -0.264062 0.433578 0.743276
1780046347.770335 35.197122 34.249086 35.797634 -0.435120 -0.264044 0.434323 0.743178
1780046347.869415 35.198940 34.302316 35.801279 -0.435172 -0.263401 0.433625 0.743785
1780046347.970363 35.199269 34.351641 35.804816 -0.435389 -0.263885 0.433159 0.743757
1780046348.070494 35.200725 34.401912 35.809436 -0.435124 -0.263331 0.433648 0.743823
1780046348.170477 35.199077 34.448960 35.813145 -0.435259 -0.263154 0.432840 0.744277
1780046348.270466 35.202372 34.490406 35.817694 -0.435241 -0.263935 0.432548 0.744181
1780046348.370490 35.204531 34.538617 35.820178 -0.434901 -0.264310 0.433205 0.743865
1780046348.470456 35.205419 34.583996 35.822826 -0.434032 -0.264604 0.433043 0.744362
1780046348.570464 35.203487 34.633821 35.822424 -0.434260 -0.265154 0.433324 0.743869
1780046348.670446 35.204366 34.676301 35.825486 -0.434511 -0.264791 0.432796 0.744160
1780046348.770333 35.208835 34.725118 35.830381 -0.434385 -0.265237 0.433201 0.743838
1780046348.870382 35.211131 34.780438 35.836614 -0.434312 -0.264471 0.432799 0.744388
1780046348.970459 35.212179 34.829352 35.839976 -0.434596 -0.264798 0.433212 0.743866
1780046349.070337 35.212020 34.887213 35.840991 -0.434585 -0.265000 0.433493 0.743636
1780046349.170353 35.213695 34.932526 35.841091 -0.434696 -0.263932 0.434004 0.743653
1780046349.270488 35.215137 34.986902 35.841776 -0.437029 -0.263583 0.434233 0.742274
1780046349.370413 35.219506 35.030208 35.846169 -0.435608 -0.263420 0.433884 0.743371
1780046349.470457 35.220801 35.079547 35.848622 -0.435617 -0.262741 0.434677 0.743143
1780046349.570453 35.224197 35.126236 35.850167 -0.435118 -0.262975 0.433984 0.743757
1780046349.670402 35.223117 35.170668 35.852160 -0.435029 -0.263851 0.433964 0.743510
1780046349.770425 35.226597 35.221086 35.853620 -0.435007 -0.263598 0.433396 0.743944
1780046349.870491 35.226951 35.268694 35.856566 -0.435284 -0.264782 0.432902 0.743649
1780046349.970391 35.223589 35.322022 35.854709 -0.434187 -0.264770 0.433518 0.743936
1780046350.070472 35.226005 35.370682 35.855025 -0.433230 -0.265572 0.433590 0.744166
1780046350.170530 35.228512 35.418209 35.867143 -0.434343 -0.265095 0.433609 0.743676
1780046350.270425 35.227307 35.462854 35.869263 -0.434561 -0.265086 0.434124 0.743252
1780046350.370499 35.226485 35.507881 35.869334 -0.433691 -0.264865 0.433564 0.744165
1780046350.470767 35.226994 35.558452 35.870534 -0.435089 -0.264380 0.433970 0.743284
1780046350.570411 35.232581 35.606877 35.874708 -0.434781 -0.264923 0.433928 0.743295
1780046350.670498 35.235124 35.660262 35.874948 -0.435263 -0.264451 0.434105 0.743078
1780046350.770354 35.238681 35.710226 35.873614 -0.434640 -0.263656 0.434910 0.743254
1780046350.870406 35.238312 35.753154 35.876941 -0.435624 -0.263390 0.433703 0.743478
1780046350.970459 35.241706 35.803969 35.885778 -0.434927 -0.263501 0.434202 0.743555
1780046351.070509 35.243286 35.852961 35.885814 -0.434470 -0.264033 0.434609 0.743396
1780046351.170431 35.242888 35.901493 35.885990 -0.435055 -0.263628 0.433884 0.743621
1780046351.270835 35.246222 35.950158 35.892003 -0.433835 -0.263634 0.434020 0.744252
1780046351.370458 35.248762 35.998657 35.896569 -0.433548 -0.264940 0.433878 0.744038
1780046351.470396 35.247874 36.042274 35.900186 -0.433882 -0.264832 0.433568 0.744063
1780046351.570515 35.247901 36.086584 35.903349 -0.433042 -0.265407 0.433950 0.744125
1780046351.670516 35.250407 36.134743 35.903692 -0.434241 -0.265643 0.433142 0.743812
1780046351.770539 35.253417 36.189057 35.905109 -0.433483 -0.265776 0.433540 0.743975
1780046351.870473 35.254635 36.244505 35.905917 -0.433470 -0.265491 0.433883 0.743885
1780046351.970517 35.255436 36.293098 35.908624 -0.434002 -0.265439 0.433647 0.743730
1780046352.070437 35.256234 36.342363 35.908636 -0.433646 -0.264987 0.433739 0.744045
1780046352.171035 35.259197 36.397903 35.913160 -0.434361 -0.265459 0.433992 0.743313
1780046352.270440 35.261535 36.448582 35.917379 -0.434688 -0.264965 0.434105 0.743231
1780046352.370415 35.262306 36.494272 35.920828 -0.434745 -0.264221 0.434375 0.743305
1780046352.470442 35.262012 36.535665 35.924572 -0.432282 -0.265075 0.434870 0.744147
1780046352.570455 35.262234 36.579214 35.926789 -0.431399 -0.265807 0.434752 0.744468
1780046352.670406 35.267344 36.628715 35.933329 -0.432088 -0.265890 0.433798 0.744595
1780046352.770414 35.265278 36.682583 35.927747 -0.433759 -0.265495 0.433714 0.743813
1780046352.870518 35.269340 36.726835 35.930692 -0.434423 -0.264146 0.433530 0.744013
1780046352.969610 35.269000 36.773526 35.931688 -0.434701 -0.264394 0.433021 0.744059
1780046353.070434 35.267609 36.824062 35.934542 -0.434059 -0.264631 0.432975 0.744376
1780046353.170502 35.270539 36.879624 35.939779 -0.435195 -0.265098 0.432763 0.743669
1780046353.270479 35.273657 36.934541 35.939556 -0.437008 -0.263476 0.433261 0.742893
1780046353.370544 35.276725 36.978890 35.942571 -0.438022 -0.262849 0.432757 0.742811
1780046353.470480 35.277211 37.031089 35.945911 -0.437946 -0.262921 0.432476 0.742994
1780046353.570492 35.278488 37.077281 35.949259 -0.437074 -0.263498 0.432419 0.743336
1780046353.670498 35.277569 37.129741 35.953366 -0.435756 -0.264186 0.433671 0.743136
1780046353.769452 35.283214 37.177352 35.958442 -0.435016 -0.264889 0.433755 0.743271
1780046353.869553 35.285015 37.230040 35.960708 -0.435756 -0.264165 0.434084 0.742903
1780046353.970441 35.284913 37.279379 35.961594 -0.435597 -0.263924 0.433954 0.743157
1780046354.070565 35.283316 37.326159 35.960910 -0.435077 -0.264673 0.433763 0.743307
1780046354.170480 35.284816 37.377731 35.968839 -0.434393 -0.264044 0.433999 0.743793
1780046354.269376 35.283657 37.421128 35.971322 -0.434357 -0.264887 0.433407 0.743859
1780046354.370530 35.286761 37.467304 35.973955 -0.434091 -0.264722 0.433666 0.743922
1780046354.470463 35.286610 37.510402 35.973249 -0.434256 -0.265255 0.433242 0.743884
1780046354.570479 35.287106 37.555591 35.970532 -0.433245 -0.265526 0.433728 0.744093
1780046354.669323 35.286480 37.608658 35.965802 -0.433771 -0.265806 0.432916 0.744159
1780046354.770466 35.290205 37.659759 35.970347 -0.434298 -0.265457 0.433182 0.743822
1780046354.870482 35.290213 37.710111 35.975157 -0.435679 -0.264799 0.432525 0.743631
1780046354.970529 35.299211 37.758916 35.987876 -0.435245 -0.264729 0.433062 0.743598
1780046355.070482 35.299700 37.812195 35.994398 -0.436283 -0.264308 0.432541 0.743443
1780046355.170560 35.300152 37.861631 35.994549 -0.436265 -0.263888 0.432918 0.743383
1780046355.270525 35.297985 37.915323 35.992633 -0.436838 -0.263845 0.433235 0.742877
1780046355.370446 35.301371 37.964515 35.994030 -0.436690 -0.263853 0.433529 0.742790
1780046355.470426 35.302475 38.010274 35.991720 -0.435973 -0.263599 0.433859 0.743108
1780046355.570533 35.301073 38.060429 35.991164 -0.435018 -0.264119 0.433822 0.743505
1780046355.669621 35.302514 38.109053 35.990277 -0.433939 -0.264581 0.434007 0.743863
1780046355.770457 35.303764 38.153025 35.997253 -0.434990 -0.264934 0.432771 0.743844
1780046355.870571 35.294798 38.200333 35.995854 -0.433972 -0.267174 0.431490 0.744381
1780046355.970491 35.296904 38.250857 36.000151 -0.432843 -0.267416 0.432272 0.744498
1780046356.070553 35.300603 38.297610 36.003911 -0.432965 -0.266904 0.432422 0.744523
1780046356.170445 35.297534 38.344764 36.006803 -0.433860 -0.267495 0.431754 0.744177
1780046356.270454 35.298461 38.396854 36.011013 -0.434847 -0.267130 0.431128 0.744096
1780046356.370483 35.300245 38.444823 36.018893 -0.436007 -0.266908 0.430824 0.743673
1780046356.470567 35.305286 38.493770 36.021349 -0.436028 -0.267199 0.431742 0.743023
1780046356.569396 35.308037 38.544527 36.021926 -0.435549 -0.266721 0.430892 0.743969
1780046356.670448 35.312715 38.592666 36.020381 -0.436266 -0.266174 0.429647 0.744464
1780046356.770567 35.312500 38.643993 36.024038 -0.437058 -0.266081 0.430064 0.743792
1780046356.870497 35.311413 38.690969 36.021570 -0.436701 -0.266458 0.430398 0.743673
1780046356.970547 35.315220 38.740274 36.025071 -0.436050 -0.265821 0.430939 0.743970
1780046357.070487 35.314938 38.791785 36.026130 -0.435824 -0.266401 0.430426 0.744192
1780046357.170502 35.316746 38.839711 36.030619 -0.435159 -0.266439 0.430346 0.744613
1780046357.270516 35.319528 38.886076 36.036993 -0.435309 -0.266802 0.429869 0.744672
1780046357.370555 35.327584 38.936335 36.042143 -0.435345 -0.266288 0.430253 0.744612
1780046357.469410 35.328637 38.980430 36.041839 -0.435301 -0.267063 0.430238 0.744369
1780046357.570474 35.326953 39.029461 36.044628 -0.435612 -0.266639 0.429721 0.744638
1780046357.670603 35.323943 39.071983 36.040502 -0.434889 -0.267701 0.430616 0.744162
1780046357.770466 35.321141 39.126231 36.037633 -0.437307 -0.270377 0.431471 0.741277
1780046357.869341 35.314999 39.183668 36.036008 -0.438464 -0.273187 0.432616 0.738892
1780046357.970473 35.316956 39.228580 36.040693 -0.439739 -0.274976 0.433956 0.736681
1780046358.070580 35.318177 39.277233 36.042576 -0.441564 -0.277352 0.435196 0.733963
1780046358.169933 35.311408 39.327253 36.037599 -0.443474 -0.281740 0.437381 0.729830
1780046358.270585 35.308678 39.367597 36.036621 -0.445101 -0.284686 0.439284 0.726545
1780046358.369604 35.304230 39.419829 36.036722 -0.447756 -0.289236 0.441405 0.721816
1780046358.470493 35.298020 39.472236 36.025779 -0.449420 -0.292220 0.443398 0.718351
1780046358.570597 35.298256 39.522552 36.022960 -0.450859 -0.295701 0.445489 0.714722
1780046358.670578 35.296607 39.565567 36.020655 -0.452127 -0.299222 0.446591 0.711761
1780046358.770552 35.289055 39.610713 36.006328 -0.453837 -0.303406 0.448330 0.707797
1780046358.870465 35.279631 39.662394 35.999112 -0.456587 -0.310451 0.450806 0.701372
1780046358.970522 35.273532 39.711714 35.999665 -0.459025 -0.317258 0.453163 0.695188
1780046359.070541 35.267927 39.755976 35.994738 -0.460434 -0.323477 0.456331 0.689293
1780046359.170568 35.256989 39.797882 35.985552 -0.463264 -0.330303 0.458411 0.682749
1780046359.270520 35.247859 39.844740 35.977916 -0.465719 -0.336727 0.460352 0.676607
1780046359.369950 35.233001 39.887243 35.968659 -0.468010 -0.342830 0.461996 0.670816
1780046359.470652 35.217255 39.931267 35.954371 -0.468656 -0.351361 0.464667 0.664073
1780046359.570570 35.199335 39.973789 35.940856 -0.471200 -0.357216 0.467046 0.657446
1780046359.670495 35.185030 40.022411 35.924301 -0.473114 -0.363680 0.468463 0.651492
1780046359.770590 35.178204 40.069913 35.911379 -0.474716 -0.368704 0.471284 0.645440
1780046359.870533 35.164697 40.117595 35.900138 -0.477600 -0.375331 0.472106 0.638858
1780046359.970478 35.152308 40.163945 35.888138 -0.479860 -0.378969 0.474282 0.633382
1780046360.070489 35.137171 40.213951 35.874989 -0.482528 -0.383995 0.475874 0.627103
1780046360.170516 35.122360 40.270853 35.855839 -0.484213 -0.388089 0.477211 0.622249
1780046360.270493 35.107098 40.315376 35.840798 -0.485484 -0.393197 0.476905 0.618274
1780046360.370564 35.093760 40.352955 35.820508 -0.486015 -0.397878 0.479318 0.612975
1780046360.470583 35.077929 40.396684 35.806804 -0.488511 -0.403515 0.479108 0.607444
1780046360.569478 35.059959 40.439290 35.793010 -0.489323 -0.409749 0.480178 0.601746
1780046360.670643 35.043999 40.478247 35.781011 -0.490479 -0.414122 0.481711 0.596563
1780046360.770551 35.027985 40.526928 35.764065 -0.491465 -0.419349 0.481796 0.592015
1780046360.870513 35.011254 40.568514 35.753134 -0.490892 -0.423375 0.484294 0.587570
1780046360.970682 34.990256 40.613668 35.734510 -0.490566 -0.426908 0.484658 0.584980
1780046361.070543 34.974158 40.653478 35.716751 -0.492181 -0.430730 0.485059 0.580472
1780046361.169321 34.953528 40.703176 35.697738 -0.491830 -0.435294 0.486320 0.576295
1780046361.270505 34.937298 40.743012 35.680426 -0.491661 -0.437394 0.487362 0.573963
1780046361.370638 34.924902 40.781013 35.666131 -0.491137 -0.437145 0.487647 0.574359
1780046361.470526 34.910802 40.823658 35.650046 -0.492757 -0.436815 0.487824 0.573072
1780046361.570531 34.891578 40.868362 35.633382 -0.491494 -0.437096 0.488368 0.573478
1780046361.669888 34.873270 40.908326 35.618574 -0.491812 -0.436125 0.488435 0.573888
1780046361.769346 34.860710 40.948316 35.603215 -0.492866 -0.435855 0.487674 0.573836
1780046361.870524 34.844944 40.992666 35.586839 -0.491951 -0.436761 0.487018 0.574489
1780046361.970678 34.831601 41.035230 35.566719 -0.491512 -0.436230 0.487742 0.574653
1780046362.070540 34.817729 41.082672 35.555216 -0.491715 -0.436124 0.486931 0.575248
1780046362.169814 34.800311 41.133621 35.539532 -0.492044 -0.437229 0.486410 0.574568
1780046362.269656 34.782893 41.177787 35.524109 -0.491786 -0.436657 0.486671 0.575004
1780046362.370547 34.766519 41.223402 35.509006 -0.492387 -0.436694 0.486361 0.574722
1780046362.470660 34.748868 41.270077 35.498288 -0.492125 -0.436425 0.487061 0.574559
1780046362.570548 34.737321 41.309080 35.484645 -0.491232 -0.436156 0.487083 0.575507
1780046362.669973 34.726042 41.355762 35.472149 -0.492399 -0.432803 0.487105 0.577021
1780046362.770671 34.714206 41.398694 35.461842 -0.492113 -0.431273 0.486844 0.578629
1780046362.870657 34.698991 41.441417 35.444558 -0.491474 -0.429280 0.487374 0.580206
1780046362.969626 34.684607 41.488476 35.425185 -0.491575 -0.428035 0.486945 0.581399
1780046363.069772 34.664008 41.536219 35.408723 -0.492435 -0.425645 0.486741 0.582595
1780046363.170543 34.643357 41.578248 35.391650 -0.492559 -0.425594 0.486365 0.582842
1780046363.270578 34.629991 41.627281 35.377951 -0.492007 -0.424732 0.486313 0.583978
1780046363.370631 34.616110 41.670764 35.365972 -0.490904 -0.421030 0.485869 0.587945
1780046363.470577 34.609627 41.722449 35.359846 -0.489529 -0.417839 0.485714 0.591485
1780046363.569803 34.598880 41.768287 35.348477 -0.487962 -0.412853 0.485376 0.596536
1780046363.670654 34.590976 41.815579 35.341524 -0.486792 -0.407324 0.484980 0.601594
1780046363.770624 34.584051 41.864919 35.336590 -0.486187 -0.401962 0.484609 0.605973
1780046363.869802 34.578644 41.909700 35.327397 -0.484986 -0.397253 0.483694 0.610753
1780046363.969935 34.568481 41.960706 35.319565 -0.483776 -0.393835 0.482709 0.614693
1780046364.070617 34.559944 42.008778 35.306310 -0.484414 -0.391205 0.480074 0.617924
1780046364.170591 34.548102 42.054495 35.295865 -0.484033 -0.387511 0.479192 0.621227
1780046364.270701 34.537683 42.101896 35.287045 -0.483669 -0.384066 0.478964 0.623820
1780046364.370617 34.529231 42.150803 35.284008 -0.483252 -0.380834 0.478597 0.626402
1780046364.469840 34.518720 42.196750 35.275593 -0.483675 -0.377465 0.477993 0.628571
1780046364.570686 34.515454 42.247680 35.268731 -0.482172 -0.370155 0.477427 0.634475
1780046364.670691 34.516614 42.295286 35.269197 -0.479210 -0.361601 0.475605 0.642963
1780046364.770563 34.513555 42.344663 35.266547 -0.477086 -0.352829 0.472527 0.651628
1780046364.869766 34.505442 42.395813 35.265810 -0.472683 -0.344959 0.467920 0.662287
1780046364.969584 34.508629 42.445185 35.270022 -0.468853 -0.336063 0.465390 0.671305
1780046365.070606 34.511387 42.493180 35.267668 -0.465277 -0.327510 0.462162 0.680192
1780046365.170690 34.512138 42.543829 35.268184 -0.463010 -0.320036 0.459242 0.687238
1780046365.270726 34.513327 42.594938 35.275117 -0.459727 -0.314403 0.456297 0.693970
1780046365.369395 34.508004 42.639449 35.269731 -0.457550 -0.307308 0.453405 0.700452
1780046365.470618 34.507877 42.691365 35.271256 -0.455146 -0.301416 0.451181 0.705993
1780046365.570645 34.511295 42.753248 35.277117 -0.454214 -0.293147 0.449115 0.711372
1780046365.670605 34.517280 42.808472 35.283189 -0.452968 -0.287136 0.446304 0.716370
1780046365.770638 34.519190 42.859414 35.285612 -0.451246 -0.284133 0.445881 0.718913
1780046365.869680 34.519291 42.898572 35.287568 -0.450081 -0.284534 0.445288 0.719851
1780046365.970613 34.513793 42.944628 35.282427 -0.448906 -0.287167 0.444492 0.720032
1780046366.070689 34.513165 42.991639 35.282903 -0.449189 -0.287255 0.444905 0.719565
1780046366.170582 34.512716 43.042103 35.281724 -0.448732 -0.287305 0.444807 0.719890
1780046366.269458 34.512230 43.090771 35.281617 -0.448534 -0.287206 0.444905 0.719993
1780046366.370636 34.508736 43.138206 35.283035 -0.446608 -0.288489 0.445665 0.720207
1780046366.470628 34.512564 43.185744 35.287563 -0.442712 -0.286225 0.446323 0.723103
1780046366.570636 34.511648 43.233568 35.286575 -0.443451 -0.283299 0.443183 0.725729
1780046366.670587 34.512977 43.282927 35.286981 -0.441997 -0.282417 0.442617 0.727303
1780046366.769692 34.516313 43.333055 35.287628 -0.444607 -0.282846 0.440260 0.726975
1780046366.870616 34.513348 43.381225 35.289342 -0.443947 -0.282922 0.439618 0.727738
1780046366.970741 34.513371 43.424654 35.290684 -0.441577 -0.280164 0.439075 0.730569
1780046367.069669 34.509238 43.480002 35.290920 -0.441313 -0.278185 0.438270 0.731967
1780046367.169409 34.514008 43.530295 35.295183 -0.439971 -0.274486 0.436183 0.735410
1780046367.270727 34.516806 43.579578 35.297064 -0.438582 -0.270572 0.434119 0.738903
1780046367.370668 34.521358 43.627706 35.303342 -0.435665 -0.268371 0.432366 0.742450
1780046367.470586 34.527352 43.676615 35.306495 -0.435744 -0.266579 0.432149 0.743175
1780046367.569341 34.526249 43.725017 35.305829 -0.435989 -0.266958 0.432352 0.742778
1780046367.669689 34.525053 43.776717 35.304966 -0.436167 -0.265447 0.432705 0.743009
1780046367.770610 34.532077 43.821132 35.314400 -0.437301 -0.265382 0.432392 0.742548
1780046367.870726 34.532318 43.869014 35.315264 -0.437171 -0.265142 0.432270 0.742782
1780046367.970597 34.532345 43.918301 35.318691 -0.437030 -0.264824 0.431128 0.743641
1780046368.070623 34.536884 43.967857 35.320408 -0.435998 -0.265375 0.432030 0.743527
1780046368.170687 34.538554 44.015928 35.320857 -0.435941 -0.265676 0.431956 0.743496
1780046368.269736 34.537983 44.070861 35.324152 -0.435846 -0.265942 0.431831 0.743529
1780046368.370652 34.538467 44.118155 35.332028 -0.436457 -0.266456 0.431217 0.743343
1780046368.469999 34.542600 44.169279 35.335642 -0.436079 -0.266406 0.431161 0.743615
1780046368.570656 34.542769 44.217748 35.337342 -0.436372 -0.265922 0.431518 0.743409
1780046368.670658 34.545366 44.264468 35.341540 -0.437270 -0.266807 0.431344 0.742665
1780046368.770742 34.549274 44.306695 35.343690 -0.436523 -0.265609 0.431628 0.743369
1780046368.870714 34.547084 44.358765 35.338011 -0.438016 -0.265360 0.431920 0.742409
1780046368.969837 34.550085 44.404903 35.338926 -0.438081 -0.265188 0.431933 0.742424
1780046369.070730 34.550323 44.455188 35.340305 -0.438325 -0.264917 0.432353 0.742133
1780046369.170687 34.550896 44.509527 35.339194 -0.438509 -0.264145 0.432926 0.741965
1780046369.270684 34.550015 44.556696 35.341940 -0.438526 -0.264252 0.432037 0.742435
1780046369.369319 34.555269 44.602462 35.349069 -0.437747 -0.264093 0.432677 0.742579
1780046369.469781 34.549891 44.653828 35.346847 -0.437411 -0.264469 0.431929 0.743078
1780046369.570637 34.551978 44.704919 35.347439 -0.437429 -0.264450 0.432094 0.742978
1780046369.670754 34.554239 44.749175 35.349591 -0.437977 -0.266917 0.432093 0.741773
1780046369.769300 34.555639 44.795654 35.354878 -0.438377 -0.267771 0.431595 0.741519
1780046369.870641 34.558512 44.845629 35.359044 -0.437553 -0.268687 0.432279 0.741275
1780046369.970637 34.558234 44.892604 35.361632 -0.437757 -0.268952 0.432410 0.740982
1780046370.070668 34.561817 44.938192 35.365259 -0.437902 -0.268115 0.432901 0.740913
1780046370.169775 34.562738 44.988972 35.370649 -0.438396 -0.268050 0.432655 0.740789
1780046370.270738 34.562743 45.038291 35.374692 -0.439247 -0.267961 0.431989 0.740706
1780046370.369965 34.564798 45.094054 35.374362 -0.439182 -0.268812 0.433388 0.739617
1780046370.470090 34.566680 45.140575 35.373883 -0.439682 -0.269136 0.433514 0.739129
1780046370.570709 34.568368 45.188182 35.370431 -0.439697 -0.269641 0.433575 0.738900
1780046370.670724 34.573812 45.239488 35.377847 -0.439685 -0.268892 0.434066 0.738891
1780046370.769337 34.573243 45.292106 35.378048 -0.439692 -0.268680 0.434076 0.738958
1780046370.869926 34.571615 45.334075 35.381520 -0.438698 -0.268367 0.435094 0.739064
1780046370.970680 34.569813 45.386585 35.378625 -0.439328 -0.268585 0.434977 0.738680
1780046371.070643 34.570639 45.435166 35.381617 -0.440007 -0.268073 0.434078 0.738990
1780046371.169883 34.568198 45.483466 35.380330 -0.439442 -0.268071 0.434970 0.738803
1780046371.270753 34.569043 45.530654 35.382337 -0.439493 -0.268379 0.434147 0.739145
1780046371.369608 34.568115 45.580572 35.384060 -0.439204 -0.268483 0.434796 0.738897
1780046371.470790 34.567955 45.630565 35.385087 -0.439360 -0.269175 0.434253 0.738872
1780046371.570718 34.569413 45.685481 35.385640 -0.438963 -0.269464 0.434605 0.738796
1780046371.670699 34.574643 45.737376 35.388114 -0.439414 -0.268254 0.435151 0.738646
1780046371.770722 34.583475 45.780240 35.399165 -0.440311 -0.268042 0.434255 0.738717
1780046371.870687 34.584715 45.823996 35.404798 -0.440158 -0.268279 0.435073 0.738240
1780046371.970111 34.586337 45.867995 35.405068 -0.439584 -0.267938 0.435646 0.738369
1780046372.070663 34.589646 45.915953 35.410863 -0.439802 -0.268048 0.435916 0.738039
1780046372.170718 34.584851 45.972271 35.404292 -0.441089 -0.268417 0.435459 0.737406
1780046372.269298 34.585198 46.017991 35.409067 -0.442475 -0.267967 0.434677 0.737201
1780046372.370776 34.587932 46.068915 35.408477 -0.441269 -0.267953 0.435096 0.737681
1780046372.470675 34.588195 46.117373 35.414391 -0.441143 -0.268184 0.435171 0.737629
1780046372.570695 34.588195 46.162534 35.411239 -0.440076 -0.268444 0.435175 0.738169
1780046372.670732 34.587310 46.213541 35.409277 -0.440031 -0.268546 0.435325 0.738071
1780046372.770705 34.586584 46.261612 35.410967 -0.440328 -0.268964 0.434494 0.738231
1780046372.869492 34.589380 46.310898 35.409825 -0.439967 -0.269087 0.435283 0.737936
1780046372.970764 34.588427 46.356184 35.408480 -0.439555 -0.270317 0.434326 0.738296
1780046373.070770 34.590967 46.395398 35.411935 -0.437997 -0.270418 0.434316 0.739191
1780046373.169959 34.592005 46.443189 35.415290 -0.438503 -0.270157 0.434334 0.738975
1780046373.270095 34.587550 46.496441 35.416676 -0.438463 -0.269948 0.434597 0.738921
1780046373.370733 34.585019 46.548724 35.414614 -0.438827 -0.270294 0.434432 0.738675
1780046373.470717 34.586960 46.593476 35.417324 -0.438735 -0.269652 0.434673 0.738823
1780046373.570858 34.585941 46.644583 35.414703 -0.438138 -0.270004 0.435091 0.738802
1780046373.670678 34.590407 46.693174 35.416690 -0.438646 -0.269933 0.435204 0.738460
1780046373.770122 34.590311 46.746423 35.417024 -0.438576 -0.269449 0.435637 0.738423
1780046373.870849 34.596376 46.799885 35.420868 -0.438495 -0.269728 0.435776 0.738287
1780046373.970740 34.597483 46.850860 35.426297 -0.438921 -0.268781 0.435716 0.738415
1780046374.069956 34.597532 46.899102 35.429610 -0.438917 -0.268921 0.435877 0.738272
1780046374.169906 34.600826 46.948292 35.429248 -0.438886 -0.268607 0.435709 0.738503
1780046374.270719 34.596686 47.000007 35.433672 -0.439194 -0.269076 0.435254 0.738418
1780046374.370729 34.595890 47.048970 35.434524 -0.439292 -0.269043 0.435340 0.738320
1780046374.470878 34.595168 47.097718 35.434990 -0.438806 -0.269551 0.435468 0.738349
1780046374.570047 34.594724 47.144975 35.437787 -0.439070 -0.270306 0.434716 0.738359
1780046374.670130 34.598762 47.189542 35.441154 -0.439476 -0.269540 0.434620 0.738454
1780046374.770868 34.601589 47.231657 35.440332 -0.438978 -0.269428 0.435522 0.738259
1780046374.870764 34.602884 47.282161 35.443452 -0.439203 -0.269304 0.435111 0.738414
1780046374.969455 34.605832 47.329088 35.446334 -0.439048 -0.268927 0.435662 0.738318
1780046375.070868 34.604316 47.381048 35.445848 -0.437901 -0.268931 0.436527 0.738487
1780046375.170758 34.605944 47.423590 35.447297 -0.438357 -0.269581 0.436463 0.738017
1780046375.269324 34.606861 47.468375 35.449693 -0.439636 -0.268856 0.435630 0.738013
1780046375.370725 34.607904 47.520937 35.452663 -0.439692 -0.268327 0.435690 0.738137
1780046375.469791 34.606812 47.564013 35.452678 -0.439510 -0.269049 0.436241 0.737657
1780046375.570152 34.606832 47.613447 35.454439 -0.439150 -0.268719 0.436471 0.737856
1780046375.669377 34.603139 47.665660 35.453140 -0.439506 -0.268286 0.435279 0.738505
1780046375.769410 34.604444 47.714328 35.458937 -0.439292 -0.268333 0.435677 0.738381
1780046375.870001 34.609025 47.764808 35.461822 -0.439169 -0.269403 0.435023 0.738449
1780046375.969298 34.613019 47.817310 35.464764 -0.440429 -0.268948 0.436432 0.737032
1780046376.069346 34.610012 47.867395 35.458427 -0.441492 -0.275173 0.437144 0.733669
1780046376.170728 34.609710 47.914346 35.463824 -0.442902 -0.277911 0.439770 0.730210
1780046376.270784 34.609589 47.964835 35.462123 -0.442348 -0.281214 0.442672 0.727522
1780046376.370742 34.603304 48.012733 35.458372 -0.444892 -0.285280 0.444404 0.723320
1780046376.470163 34.597024 48.060367 35.447068 -0.445701 -0.288413 0.446287 0.720414
1780046376.569305 34.588400 48.116455 35.440416 -0.447568 -0.293417 0.449057 0.715498
1780046376.669769 34.579781 48.158703 35.433072 -0.451178 -0.300241 0.451408 0.708890
1780046376.770025 34.570786 48.197021 35.426004 -0.454071 -0.308295 0.455882 0.700675
1780046376.869894 34.564151 48.234525 35.414092 -0.458788 -0.314031 0.457737 0.693812
1780046376.970772 34.556300 48.273375 35.408304 -0.462433 -0.321860 0.459820 0.686387
1780046377.070773 34.547941 48.303412 35.398240 -0.466104 -0.327445 0.462318 0.679551
1780046377.169881 34.539827 48.326772 35.388639 -0.468363 -0.334694 0.464625 0.672859
1780046377.270784 34.531470 48.349428 35.385346 -0.471410 -0.341514 0.466327 0.666093
1780046377.370759 34.525985 48.372260 35.379125 -0.474025 -0.349207 0.469312 0.658104
1780046377.470850 34.519401 48.387089 35.366381 -0.476612 -0.356330 0.471513 0.650804
1780046377.569714 34.506688 48.409787 35.358730 -0.479230 -0.364139 0.472769 0.643607
1780046377.669416 34.499214 48.429733 35.350381 -0.480349 -0.371915 0.474880 0.636736
1780046377.770200 34.483161 48.459868 35.340203 -0.483512 -0.381270 0.476246 0.627725
1780046377.870954 34.468087 48.478434 35.328273 -0.484837 -0.389006 0.478348 0.620315
1780046377.969317 34.454247 48.498218 35.317255 -0.486683 -0.396992 0.479625 0.612778
1780046378.069351 34.442250 48.512939 35.304231 -0.488847 -0.404819 0.481296 0.604570
1780046378.169558 34.429686 48.533909 35.288711 -0.489183 -0.413108 0.483262 0.597075
1780046378.270173 34.421145 48.553045 35.274405 -0.490436 -0.421227 0.484841 0.589041
1780046378.369961 34.408542 48.572033 35.264714 -0.491357 -0.429398 0.485956 0.581405
1780046378.470011 34.394867 48.589160 35.252140 -0.492390 -0.437659 0.487065 0.573389
1780046378.570824 34.386033 48.603669 35.239991 -0.493341 -0.445469 0.486846 0.566703
1780046378.670760 34.371262 48.619678 35.229251 -0.493682 -0.454178 0.488354 0.558132
1780046378.769828 34.357183 48.630660 35.215356 -0.494480 -0.462949 0.488140 0.550352
1780046378.869891 34.344849 48.651416 35.198723 -0.493129 -0.471672 0.488444 0.543849
1780046378.969875 34.332574 48.662462 35.188208 -0.493065 -0.480748 0.488606 0.535754
1780046379.070788 34.321357 48.677579 35.173523 -0.493629 -0.489074 0.488352 0.527873
1780046379.170187 34.307234 48.696562 35.155851 -0.492572 -0.497835 0.488986 0.520025
1780046379.270050 34.290506 48.713512 35.140674 -0.493476 -0.505801 0.488541 0.511834
1780046379.370786 34.274975 48.726593 35.129053 -0.493402 -0.513941 0.488533 0.503741
1780046379.470811 34.257139 48.742540 35.111560 -0.493786 -0.521897 0.488708 0.494938
1780046379.570865 34.237561 48.753692 35.093124 -0.493840 -0.529520 0.488721 0.486706
1780046379.669996 34.221987 48.764973 35.078870 -0.494696 -0.536947 0.487681 0.478677
1780046379.769822 34.204569 48.782488 35.060084 -0.493895 -0.544770 0.486824 0.471482
1780046379.869297 34.188000 48.799145 35.041595 -0.493769 -0.552666 0.485925 0.463281
1780046379.969312 34.170444 48.812140 35.021455 -0.492870 -0.561163 0.484598 0.455347
1780046380.070781 34.150938 48.829501 35.004054 -0.493222 -0.568869 0.482942 0.447088
1780046380.169889 34.132333 48.840866 34.980875 -0.492490 -0.577324 0.480471 0.439657
1780046380.270826 34.114510 48.854235 34.965807 -0.491925 -0.585164 0.478653 0.431838
1780046380.370798 34.096075 48.859033 34.948183 -0.490342 -0.594102 0.476072 0.424220
1780046380.470005 34.077916 48.862769 34.928155 -0.490402 -0.601145 0.474686 0.415697
1780046380.569910 34.058016 48.873341 34.907074 -0.487274 -0.609689 0.473230 0.408529
1780046380.669786 34.039094 48.886465 34.886390 -0.484298 -0.618001 0.471682 0.401307
1780046380.769291 34.019217 48.891732 34.866377 -0.482586 -0.625295 0.470469 0.393415
1780046380.869425 34.000990 48.898097 34.848054 -0.478876 -0.633560 0.469931 0.385285
1780046380.969599 33.984538 48.906775 34.829617 -0.476188 -0.641118 0.467968 0.378443
1780046381.069942 33.958872 48.918302 34.807083 -0.473400 -0.648990 0.465939 0.370952
1780046381.169830 33.939521 48.921775 34.790902 -0.471646 -0.656109 0.464166 0.362797
1780046381.270798 33.918406 48.925386 34.768386 -0.468689 -0.662961 0.463008 0.355580
1780046381.369314 33.899554 48.936559 34.747150 -0.466402 -0.670882 0.460225 0.347246
1780046381.469849 33.881751 48.932691 34.729162 -0.463523 -0.677857 0.458007 0.340420
1780046381.570069 33.861778 48.938828 34.709709 -0.461436 -0.685546 0.454150 0.332943
1780046381.669333 33.844011 48.947587 34.690312 -0.458438 -0.693681 0.450163 0.325569
1780046381.769452 33.824877 48.949567 34.669890 -0.453919 -0.700746 0.448434 0.319092
1780046381.869340 33.804632 48.948894 34.654100 -0.451654 -0.707708 0.444919 0.311778
1780046381.969921 33.784518 48.947042 34.637614 -0.448197 -0.715224 0.441628 0.304203
1780046382.069424 33.766095 48.945468 34.615654 -0.444606 -0.722330 0.437638 0.298390
1780046382.170066 33.743352 48.947159 34.593261 -0.441666 -0.728999 0.433903 0.291926
1780046382.269293 33.725555 48.939474 34.573211 -0.438041 -0.736149 0.430076 0.285026
1780046382.369554 33.707381 48.933242 34.552685 -0.434712 -0.743603 0.425694 0.277247
1780046382.469335 33.690609 48.937733 34.528972 -0.429964 -0.750843 0.421825 0.270978
1780046382.569334 33.670293 48.942731 34.508729 -0.425331 -0.757487 0.418434 0.264989
1780046382.669827 33.644729 48.937629 34.490236 -0.422839 -0.764098 0.412551 0.259158
1780046382.769329 33.624408 48.930776 34.473653 -0.418879 -0.770209 0.409068 0.252944
1780046382.869474 33.605933 48.927611 34.451339 -0.414444 -0.776364 0.405070 0.247818
1780046382.970804 33.588914 48.920908 34.439821 -0.411074 -0.782265 0.400738 0.241846
1780046383.070272 33.571059 48.915032 34.422288 -0.407774 -0.788218 0.395993 0.235846
1780046383.169513 33.553230 48.909707 34.404221 -0.404089 -0.793399 0.392732 0.230198
1780046383.269567 33.533168 48.900972 34.386717 -0.400000 -0.799027 0.389217 0.223755
1780046383.369370 33.514427 48.898442 34.370318 -0.394715 -0.804483 0.386001 0.219113
1780046383.469314 33.492844 48.893087 34.352427 0.414681 -0.794508 -0.405024 0.180974
1780046383.570023 33.474522 48.877223 34.335812 0.418892 -0.789099 -0.407741 0.188680
1780046383.669348 33.453927 48.860588 34.313479 0.424037 -0.782620 -0.412027 0.194761
1780046383.769335 33.435255 48.847622 34.291072 0.427462 -0.776851 -0.416710 0.200329
1780046383.869881 33.414025 48.835326 34.271770 0.431884 -0.770533 -0.420455 0.207298
1780046383.969669 33.396712 48.817691 34.254086 0.436377 -0.763244 -0.425427 0.214584
1780046384.069604 33.378204 48.818354 34.240554 0.441623 -0.755566 -0.430193 0.221413
1780046384.169862 33.363078 48.811160 34.221747 0.445098 -0.748222 -0.434925 0.229982
1780046384.269816 33.346565 48.792543 34.204889 0.450640 -0.739583 -0.439536 0.238218
1780046384.369958 33.325481 48.776588 34.182811 0.454905 -0.731373 -0.444221 0.246622
1780046384.469513 33.309084 48.765354 34.166299 0.458346 -0.723318 -0.449345 0.254597
1780046384.570270 33.291711 48.748406 34.146731 0.462996 -0.714227 -0.453451 0.264380
1780046384.670981 33.276706 48.729449 34.128790 0.467289 -0.703889 -0.458985 0.274799
1780046384.769860 33.264940 48.702919 34.116597 0.472334 -0.692772 -0.464256 0.285367
1780046384.869817 33.250756 48.677191 34.102122 0.477258 -0.681735 -0.468199 0.297071
1780046384.970259 33.238726 48.657788 34.088316 0.481429 -0.670815 -0.472000 0.308948
1780046385.069925 33.225695 48.645313 34.081225 0.486215 -0.659673 -0.476453 0.318464
1780046385.169342 33.212888 48.620766 34.068221 0.489000 -0.648975 -0.479575 0.331237
1780046385.269701 33.201723 48.602311 34.059122 0.493040 -0.637813 -0.482492 0.342502
1780046385.369843 33.192506 48.574434 34.049281 0.496868 -0.626176 -0.485708 0.353712
1780046385.469675 33.183998 48.550944 34.028608 0.498219 -0.616696 -0.488149 0.364931
1780046385.570039 33.171524 48.530194 34.017560 0.500399 -0.606824 -0.490417 0.375307
1780046385.669460 33.155594 48.507029 34.005657 0.503332 -0.596845 -0.492072 0.385095
1780046385.769666 33.142154 48.477999 33.991619 0.504636 -0.587135 -0.493691 0.396087
1780046385.869335 33.132578 48.458105 33.982106 0.506370 -0.577932 -0.495872 0.404592
1780046385.969551 33.126184 48.427568 33.971622 0.507943 -0.568553 -0.497005 0.414400
1780046386.069416 33.116187 48.401502 33.962507 0.509171 -0.560967 -0.497855 0.422139
1780046386.169389 33.104179 48.380470 33.943835 0.509597 -0.555343 -0.498668 0.428060
1780046386.269357 33.090305 48.362929 33.928329 0.510092 -0.551705 -0.498505 0.432344
1780046386.369690 33.078705 48.347631 33.919171 0.510656 -0.546953 -0.499253 0.436828
1780046386.469469 33.067339 48.332154 33.910839 0.511046 -0.542803 -0.499924 0.440764
1780046386.570234 33.063075 48.303741 33.904109 0.510697 -0.537595 -0.500820 0.446497
1780046386.669896 33.052048 48.282240 33.897277 0.511892 -0.530737 -0.501079 0.452996
1780046386.770874 33.043039 48.250261 33.882845 0.512896 -0.523856 -0.499643 0.461377
1780046386.870062 33.032881 48.229466 33.873438 0.514120 -0.515826 -0.500043 0.468573
1780046386.969981 33.025674 48.206462 33.865929 0.514844 -0.508539 -0.499686 0.476065
1780046387.069405 33.019322 48.173041 33.858465 0.514298 -0.499187 -0.502211 0.483832
1780046387.169414 33.011886 48.145541 33.850089 0.512645 -0.492031 -0.503373 0.491646
1780046387.269547 33.010178 48.116887 33.842630 0.512450 -0.483491 -0.503862 0.499754
1780046387.369905 33.001771 48.095815 33.836451 0.511650 -0.475035 -0.503769 0.508698
1780046387.470901 32.994033 48.065468 33.829435 0.511125 -0.468865 -0.501632 0.516994
1780046387.569667 32.991545 48.038276 33.821690 0.509372 -0.460735 -0.503068 0.524581
1780046387.669644 32.986940 48.009917 33.818959 0.509924 -0.452639 -0.502551 0.531543
1780046387.769934 32.986361 47.982145 33.817445 0.509494 -0.445029 -0.501780 0.539057
1780046387.869370 32.981956 47.954792 33.817155 0.509451 -0.436989 -0.499556 0.547671
1780046387.970075 32.977821 47.928752 33.817834 0.506772 -0.430314 -0.497196 0.557501
1780046388.069886 32.974810 47.902941 33.813573 0.503986 -0.422969 -0.496867 0.565878
1780046388.170221 32.970530 47.886775 33.806671 0.503261 -0.414728 -0.494666 0.574486
1780046388.270024 32.962919 47.862223 33.801114 0.501959 -0.407249 -0.493371 0.582040
1780046388.370900 32.957504 47.834748 33.801069 0.500528 -0.398696 -0.493446 0.589088
1780046388.470179 32.958864 47.806865 33.796561 0.498143 -0.390749 -0.492839 0.596891
1780046388.569433 32.960964 47.764727 33.797343 0.496045 -0.383642 -0.490929 0.604771
1780046388.669912 32.965285 47.733499 33.797564 0.492912 -0.376053 -0.489480 0.613214
1780046388.770979 32.963438 47.709690 33.798004 0.491912 -0.368640 -0.488126 0.619565
1780046388.870197 32.961754 47.684030 33.798613 0.490206 -0.362158 -0.485252 0.626954
1780046388.969796 32.963002 47.652819 33.800268 0.486975 -0.355182 -0.482920 0.635209
1780046389.069536 32.963983 47.625752 33.799505 0.484412 -0.347960 -0.481261 0.642384
1780046389.169430 32.965940 47.597814 33.798681 0.481456 -0.341473 -0.478992 0.649741
1780046389.269930 32.968485 47.560896 33.797925 0.479398 -0.334212 -0.476797 0.656616
1780046389.370154 32.968244 47.531019 33.801067 0.477561 -0.326662 -0.474363 0.663482
1780046389.470021 32.973666 47.495644 33.808258 0.473968 -0.319690 -0.472405 0.670810
1780046389.570151 32.972501 47.474452 33.805320 0.471058 -0.313258 -0.469934 0.677596
1780046389.670198 32.981883 47.446389 33.810965 0.468477 -0.306486 -0.466691 0.684686
1780046389.770154 32.986226 47.417232 33.811901 0.466052 -0.299345 -0.463392 0.691705
1780046389.869571 32.984311 47.397763 33.813399 0.464292 -0.292236 -0.459893 0.698233
1780046389.969453 32.990804 47.377249 33.823554 0.460821 -0.285886 -0.457564 0.704662
1780046390.069442 32.994958 47.349157 33.822762 0.459672 -0.282296 -0.454805 0.708635
1780046390.169912 32.999734 47.315637 33.823134 0.458419 -0.280727 -0.454223 0.710441
1780046390.269719 32.997662 47.281639 33.819687 0.457540 -0.280017 -0.454226 0.711285
1780046390.370160 32.996669 47.251108 33.817665 0.458810 -0.279535 -0.453907 0.710860
1780046390.469523 32.998393 47.221903 33.817181 0.457664 -0.280456 -0.454199 0.711050
1780046390.569938 32.994270 47.196939 33.816929 0.458135 -0.280870 -0.453876 0.710788
1780046390.670323 32.994007 47.166255 33.814873 0.458243 -0.281269 -0.454309 0.710284
1780046390.769936 32.990995 47.143135 33.815967 0.457812 -0.280922 -0.454482 0.710589
1780046390.869446 32.985946 47.118806 33.819668 0.459212 -0.280436 -0.454693 0.709743
1780046390.969998 32.983327 47.095826 33.814069 0.459271 -0.280076 -0.454650 0.709874
1780046391.069965 32.983479 47.067927 33.809668 0.458741 -0.280666 -0.454613 0.710007
1780046391.170358 32.983210 47.043769 33.812403 0.460055 -0.280687 -0.453986 0.709550
1780046391.270028 32.984698 47.008926 33.812235 0.458760 -0.281157 -0.453992 0.710198
1780046391.370975 32.988338 46.982680 33.812404 0.458288 -0.282025 -0.454767 0.709663
1780046391.469497 32.987315 46.949061 33.816248 0.459571 -0.280672 -0.454349 0.709638
1780046391.570214 32.985835 46.912238 33.814639 0.460195 -0.281004 -0.454197 0.709198
1780046391.669501 32.986690 46.887061 33.811846 0.460087 -0.281130 -0.454318 0.709141
1780046391.769495 32.987428 46.854761 33.812155 0.459471 -0.281321 -0.454268 0.709497
1780046391.870011 32.989310 46.825059 33.809240 0.458748 -0.280578 -0.455407 0.709529
1780046391.970242 32.984396 46.801173 33.804488 0.459534 -0.280586 -0.454372 0.709680
1780046392.069648 32.984708 46.769070 33.806293 0.462116 -0.279018 -0.454360 0.708629
1780046392.170041 32.985603 46.743361 33.804925 0.461602 -0.279308 -0.454227 0.708935
1780046392.270007 32.981851 46.721331 33.809145 0.462433 -0.277183 -0.454874 0.708812
1780046392.369946 32.982430 46.689341 33.807606 0.463028 -0.278155 -0.454254 0.708441
1780046392.469742 32.984059 46.657011 33.808873 0.462385 -0.277511 -0.454976 0.708650
1780046392.570023 32.985604 46.621814 33.803205 0.461562 -0.278723 -0.454457 0.709044
1780046392.669474 32.990253 46.588751 33.807279 0.462559 -0.278828 -0.453450 0.708998
1780046392.770016 32.990046 46.552858 33.808688 0.462551 -0.279214 -0.453433 0.708862
1780046392.870951 32.986639 46.525013 33.804292 0.462849 -0.279284 -0.453680 0.708481
1780046392.969779 32.989032 46.496556 33.805911 0.462559 -0.279399 -0.453352 0.708836
1780046393.070144 32.989287 46.471278 33.804774 0.462166 -0.280239 -0.452911 0.709042
1780046393.170015 32.992753 46.442055 33.802839 0.462492 -0.279974 -0.453085 0.708823
1780046393.269772 32.991024 46.413365 33.804490 0.463006 -0.278909 -0.454159 0.708219
1780046393.369889 32.983929 46.387240 33.799530 0.462292 -0.280030 -0.453395 0.708733
1780046393.470953 32.981684 46.360730 33.796113 0.462210 -0.279660 -0.453329 0.708975
1780046393.570110 32.980767 46.326359 33.793506 0.462159 -0.279899 -0.454080 0.708433
1780046393.670062 32.984927 46.294104 33.791189 0.460710 -0.280593 -0.454581 0.708780
1780046393.770005 32.980409 46.256829 33.786554 0.460075 -0.280386 -0.455354 0.708779
1780046393.870189 32.976769 46.223481 33.784385 0.460776 -0.281266 -0.454413 0.708578
1780046393.970086 32.978394 46.182749 33.782566 0.460748 -0.280281 -0.454289 0.709066
1780046394.069990 32.981148 46.147257 33.785725 0.460982 -0.280245 -0.454837 0.708577
1780046394.169820 32.980662 46.121343 33.788453 0.461435 -0.279964 -0.454344 0.708710
1780046394.270176 32.981176 46.085908 33.785232 0.462286 -0.280924 -0.452387 0.709027
1780046394.369566 32.976969 46.050973 33.785811 0.462527 -0.280501 -0.452502 0.708964
1780046394.469466 32.971549 46.023912 33.780162 0.461929 -0.280587 -0.453262 0.708835
1780046394.570070 32.971748 45.998394 33.781954 0.460521 -0.279413 -0.452740 0.710546
1780046394.670665 32.971364 45.958015 33.776972 0.461691 -0.278626 -0.451695 0.710761
1780046394.769719 32.981317 45.915664 33.781748 0.460267 -0.277301 -0.451283 0.712462
1780046394.869508 32.987468 45.886893 33.789723 0.457894 -0.274980 -0.451327 0.714859
1780046394.969941 32.985605 45.853198 33.791222 0.458057 -0.273442 -0.450946 0.715584
1780046395.069962 32.987372 45.820167 33.789830 0.457548 -0.271886 -0.449282 0.717546
1780046395.170419 32.987076 45.785530 33.792442 0.456162 -0.270007 -0.449354 0.719092
1780046395.269971 32.985966 45.748108 33.786398 0.454749 -0.268638 -0.448039 0.721317
1780046395.369811 32.991699 45.707693 33.790090 0.453819 -0.267365 -0.446807 0.723137
1780046395.469500 32.991845 45.677408 33.791208 0.453229 -0.266108 -0.444764 0.725227
1780046395.569659 32.997291 45.645968 33.795668 0.451947 -0.263796 -0.444184 0.727225
1780046395.669665 33.005352 45.612396 33.800651 0.452306 -0.261760 -0.443517 0.728144
1780046395.770132 33.008021 45.575514 33.802808 0.450221 -0.260624 -0.440534 0.731646
1780046395.870085 33.007780 45.546406 33.804494 0.449035 -0.258060 -0.441690 0.732587
1780046395.971051 33.005221 45.518368 33.798943 0.449527 -0.257003 -0.441024 0.733057
1780046396.069978 33.005251 45.487425 33.799822 0.449012 -0.254698 -0.441421 0.733938
1780046396.170216 33.011710 45.457414 33.799746 0.448198 -0.255111 -0.441193 0.734429
1780046396.269976 33.009444 45.433084 33.804165 0.447979 -0.255474 -0.442388 0.733717
1780046396.369634 33.013094 45.407478 33.807496 0.447564 -0.254985 -0.442277 0.734207
1780046396.469584 33.014948 45.369651 33.806786 0.445895 -0.255015 -0.443520 0.734462
1780046396.570153 33.018554 45.335484 33.811215 0.446494 -0.255389 -0.442581 0.734535
1780046396.670301 33.017732 45.301587 33.807624 0.446181 -0.255330 -0.442171 0.734993
1780046396.770334 33.016167 45.275607 33.806344 0.445911 -0.254695 -0.443458 0.734602
1780046396.869510 33.019227 45.244699 33.815270 0.445896 -0.254779 -0.443097 0.734799
1780046396.969520 33.027048 45.213347 33.824152 0.445949 -0.255026 -0.442733 0.734901
1780046397.069775 33.028104 45.173589 33.829708 0.446198 -0.255568 -0.443430 0.734140
1780046397.170274 33.031019 45.138431 33.828227 0.444747 -0.256506 -0.443063 0.734915
1780046397.269573 33.033658 45.095226 33.822199 0.444191 -0.256846 -0.443637 0.734786
1780046397.369516 33.035951 45.055002 33.822958 0.444759 -0.255947 -0.443018 0.735129
1780046397.469672 33.034491 45.017969 33.822342 0.445515 -0.255211 -0.443750 0.734486
1780046397.570085 33.043610 44.977775 33.826950 0.445307 -0.255782 -0.444126 0.734186
1780046397.670065 33.042858 44.949954 33.827285 0.446130 -0.255155 -0.444415 0.733729
1780046397.770328 33.045159 44.919622 33.834591 0.446850 -0.255348 -0.443157 0.733985
1780046397.871033 33.052222 44.884452 33.835786 0.447010 -0.255185 -0.442781 0.734171
1780046397.969584 33.052909 44.849663 33.830401 0.446908 -0.254991 -0.443671 0.733763
1780046398.069932 33.047459 44.812819 33.827138 0.447077 -0.254491 -0.444296 0.733455
1780046398.170286 33.048408 44.778763 33.831343 0.447788 -0.253840 -0.443759 0.733573
1780046398.269521 33.048982 44.750195 33.828738 0.447282 -0.254123 -0.443607 0.733875
1780046398.369679 33.047598 44.715050 33.828804 0.447864 -0.254045 -0.443421 0.733659
1780046398.470100 33.047908 44.683778 33.831941 0.447199 -0.254244 -0.444340 0.733441
1780046398.570347 33.052872 44.657078 33.835748 0.447579 -0.254837 -0.443240 0.733669
1780046398.671038 33.060198 44.618526 33.840324 0.447491 -0.255450 -0.442829 0.733757
1780046398.770324 33.066422 44.574292 33.842945 0.446764 -0.255025 -0.444074 0.733596
1780046398.870091 33.069056 44.533386 33.841835 0.447640 -0.255227 -0.442520 0.733930
1780046398.970515 33.065085 44.501234 33.841544 0.446606 -0.254547 -0.442822 0.734614
1780046399.069941 33.066276 44.460808 33.839610 0.445861 -0.255584 -0.444217 0.733864
1780046399.169863 33.069015 44.427780 33.841544 0.445965 -0.255312 -0.443186 0.734519
1780046399.269565 33.072824 44.388218 33.845998 0.445435 -0.255530 -0.443563 0.734537
1780046399.369546 33.076788 44.347351 33.849452 0.445764 -0.255332 -0.443455 0.734471
1780046399.470102 33.079145 44.310926 33.843577 0.444797 -0.255888 -0.444257 0.734379
1780046399.570291 33.073739 44.273667 33.846306 0.446239 -0.255277 -0.443315 0.734286
1780046399.669705 33.075730 44.230705 33.842370 0.445416 -0.256072 -0.443466 0.734418
1780046399.769247 33.078886 44.194528 33.841591 0.446282 -0.256530 -0.442636 0.734233
1780046399.869303 33.079179 44.157885 33.848812 0.446912 -0.255072 -0.443073 0.734094
1780046399.969809 33.079995 44.122669 33.849846 0.446238 -0.255840 -0.442752 0.734431
1780046400.069694 33.080625 44.087965 33.853669 0.446943 -0.255936 -0.441507 0.734718
1780046400.169611 33.084095 44.048151 33.854946 0.446663 -0.255982 -0.442240 0.734431
1780046400.270165 33.086049 44.007170 33.854294 0.446395 -0.256447 -0.442995 0.733976
1780046400.369391 33.083717 43.970989 33.855427 0.446433 -0.256561 -0.442872 0.733988
1780046400.470480 33.090638 43.933250 33.855233 0.446065 -0.256581 -0.443681 0.733716
1780046400.570199 33.090805 43.891058 33.859506 0.446663 -0.255558 -0.443081 0.734072
1780046400.669665 33.093285 43.851482 33.862952 0.446303 -0.256206 -0.442159 0.734620
1780046400.770236 33.093714 43.802964 33.862083 0.446259 -0.256113 -0.443135 0.734092
1780046400.870187 33.094365 43.761519 33.866475 0.446326 -0.256243 -0.441831 0.734791
1780046400.970088 33.093149 43.720260 33.869104 0.445816 -0.256735 -0.441974 0.734843
1780046401.069755 33.095528 43.673833 33.869953 0.445959 -0.255614 -0.443211 0.734402
1780046401.170339 33.102355 43.623597 33.869002 0.446167 -0.255928 -0.442883 0.734364
1780046401.269780 33.108172 43.572704 33.875170 0.446927 -0.255879 -0.441539 0.734728
1780046401.369886 33.109414 43.522062 33.872685 0.446982 -0.256653 -0.441792 0.734273
1780046401.470265 33.113768 43.473429 33.877054 0.446447 -0.257127 -0.441207 0.734784
1780046401.569584 33.112660 43.430119 33.873566 0.447277 -0.256340 -0.441674 0.734274
1780046401.669816 33.114604 43.386577 33.875754 0.446644 -0.256400 -0.441739 0.734599
1780046401.770229 33.120050 43.339696 33.876171 0.446281 -0.257134 -0.442150 0.734315
1780046401.869674 33.117248 43.296694 33.879223 0.444857 -0.256071 -0.443285 0.734866
1780046401.969290 33.114101 43.251290 33.875585 0.444863 -0.257952 -0.442799 0.734498
1780046402.070188 33.117258 43.201077 33.875570 0.445244 -0.256653 -0.443075 0.734555
1780046402.170098 33.123363 43.147105 33.877227 0.446374 -0.256589 -0.441789 0.734666
1780046402.270233 33.125432 43.094005 33.877271 0.447003 -0.257142 -0.441068 0.734524
1780046402.370183 33.124319 43.048644 33.889027 0.450604 -0.255848 -0.439867 0.733494
1780046402.469899 33.131062 43.006620 33.892722 0.448446 -0.255843 -0.441399 0.733898
1780046402.570014 33.134064 42.957379 33.895620 0.447298 -0.255561 -0.441690 0.734522
1780046402.670383 33.140257 42.909625 33.897862 0.446674 -0.254922 -0.443732 0.733894
1780046402.769297 33.138989 42.860155 33.900259 0.446162 -0.254673 -0.443261 0.734576
1780046402.870240 33.137937 42.823182 33.901858 0.446122 -0.255106 -0.442826 0.734712
1780046402.970118 33.146152 42.778820 33.903287 0.446191 -0.256377 -0.442197 0.734606
1780046403.070022 33.147070 42.732268 33.904340 0.446484 -0.256218 -0.441169 0.735102
1780046403.169915 33.147785 42.689296 33.908819 0.445989 -0.256928 -0.441399 0.735016
1780046403.270198 33.148599 42.647653 33.905491 0.444847 -0.258298 -0.440767 0.735607
1780046403.369631 33.150562 42.601082 33.905974 0.445941 -0.257430 -0.440771 0.735246
1780046403.469293 33.151885 42.553036 33.905825 0.446597 -0.256025 -0.441562 0.734864
1780046403.570206 33.153583 42.509444 33.901824 0.447443 -0.256009 -0.442217 0.733961
1780046403.669718 33.159455 42.463156 33.909364 0.448125 -0.255215 -0.443076 0.733303
1780046403.769310 33.166562 42.414436 33.915758 0.448495 -0.254670 -0.443818 0.732817
1780046403.870215 33.163900 42.376402 33.916473 0.448161 -0.255403 -0.442931 0.733303
1780046403.969326 33.164942 42.335563 33.918423 0.447453 -0.255635 -0.442330 0.734017
1780046404.069666 33.166368 42.296386 33.926238 0.447297 -0.256043 -0.442851 0.733656
1780046404.170296 33.167405 42.255737 33.925103 0.446260 -0.256606 -0.442579 0.734254
1780046404.270180 33.172126 42.205441 33.928152 0.445577 -0.256082 -0.443259 0.734442
1780046404.369954 33.174145 42.152066 33.928326 0.446739 -0.255794 -0.443039 0.733969
1780046404.470366 33.176322 42.103883 33.926415 0.446632 -0.256277 -0.442747 0.734041
1780046404.569742 33.172945 42.058510 33.923214 0.446136 -0.256962 -0.442414 0.734305
1780046404.669703 33.177092 42.005992 33.925990 0.447345 -0.256142 -0.441973 0.734121
1780046404.769681 33.184324 41.955420 33.932702 0.447619 -0.256564 -0.441879 0.733863
1780046404.869287 33.189668 41.904006 33.933444 0.446755 -0.256770 -0.442295 0.734067
1780046404.970392 33.193738 41.852955 33.932589 0.447263 -0.257154 -0.440962 0.734425
1780046405.070276 33.199616 41.807686 33.933962 0.447738 -0.256435 -0.441860 0.733847
1780046405.170190 33.199787 41.761096 33.929572 0.447507 -0.256985 -0.441683 0.733902
1780046405.270017 33.197669 41.707895 33.928253 0.448324 -0.256449 -0.441505 0.733698
1780046405.370125 33.195800 41.662013 33.929667 0.447567 -0.256585 -0.442019 0.733803
1780046405.470205 33.190475 41.610972 33.927630 0.447718 -0.257033 -0.441225 0.734032
1780046405.569311 33.192034 41.562593 33.928570 0.445771 -0.257244 -0.442038 0.734653
1780046405.669366 33.190637 41.522664 33.929376 0.445682 -0.258591 -0.441531 0.734540
1780046405.770195 33.193357 41.474545 33.930275 0.445674 -0.258431 -0.441509 0.734614
1780046405.870390 33.196295 41.424343 33.934926 0.445645 -0.257963 -0.441725 0.734666
1780046405.969274 33.204208 41.376990 33.940457 0.445343 -0.258382 -0.442217 0.734406
1780046406.070205 33.207590 41.321551 33.940809 0.445229 -0.259506 -0.441013 0.734803
1780046406.169631 33.213073 41.270811 33.946328 0.444308 -0.259824 -0.441561 0.734919
1780046406.269327 33.223018 41.225157 33.957768 0.445088 -0.259309 -0.441329 0.734769
1780046406.370382 33.232188 41.174792 33.960205 0.445101 -0.259729 -0.441609 0.734443
1780046406.470250 33.230389 41.124562 33.960533 0.445651 -0.259130 -0.440938 0.734725
1780046406.569721 33.224773 41.076710 33.956015 0.444921 -0.259307 -0.441124 0.734993
1780046406.669642 33.221785 41.032416 33.953542 0.446670 -0.260504 -0.441461 0.733305
1780046406.769664 33.221203 40.988867 33.952708 0.447303 -0.262636 -0.442867 0.731308
1780046406.870272 33.220454 40.934625 33.954478 0.448609 -0.264454 -0.444268 0.729000
1780046406.970058 33.223544 40.887439 33.955548 0.449711 -0.264809 -0.445338 0.727537
1780046407.069896 33.222163 40.838396 33.952845 0.450451 -0.265672 -0.445603 0.726602
1780046407.170347 33.223310 40.790699 33.955922 0.451476 -0.265810 -0.444862 0.726369
1780046407.270286 33.227861 40.737540 33.955724 0.450161 -0.265944 -0.446199 0.726316
1780046407.370214 33.228934 40.687423 33.954310 0.452163 -0.269190 -0.447756 0.722910
1780046407.469317 33.220863 40.644716 33.950414 0.455482 -0.274410 -0.449784 0.717585
1780046407.569351 33.216217 40.593862 33.949582 0.457656 -0.279411 -0.451995 0.712868
1780046407.669659 33.212717 40.542901 33.948884 0.460069 -0.284618 -0.454217 0.707825
1780046407.770068 33.207713 40.494325 33.941199 0.460308 -0.286672 -0.455483 0.706024
1780046407.870178 33.207198 40.446153 33.936913 0.459883 -0.285938 -0.455932 0.706310
1780046407.969755 33.204142 40.392701 33.935894 0.460545 -0.286735 -0.454903 0.706219
1780046408.070280 33.204944 40.346630 33.937110 0.460961 -0.286229 -0.454740 0.706258
1780046408.170238 33.206278 40.295760 33.939884 0.461003 -0.285887 -0.455558 0.705841
1780046408.269899 33.203629 40.253477 33.936486 0.459467 -0.286846 -0.456026 0.706151
1780046408.369746 33.199397 40.205358 33.938019 0.461573 -0.286151 -0.455716 0.705260
1780046408.469731 33.203083 40.150561 33.937548 0.460331 -0.286020 -0.456606 0.705549
1780046408.569346 33.202953 40.105360 33.934304 0.460309 -0.285523 -0.456454 0.705862
1780046408.669486 33.204282 40.059939 33.933484 0.461075 -0.285029 -0.456190 0.705733
1780046408.769305 33.202095 40.014084 33.934193 0.461388 -0.284999 -0.456580 0.705288
1780046408.869345 33.198596 39.956690 33.926913 0.460520 -0.285258 -0.456703 0.705671
1780046408.969396 33.202137 39.900364 33.924277 0.460697 -0.284692 -0.456575 0.705867
1780046409.070132 33.204858 39.846427 33.927236 0.462193 -0.285582 -0.455768 0.705050
1780046409.169688 33.201461 39.796940 33.924619 0.462182 -0.285772 -0.455483 0.705165
1780046409.269365 33.198059 39.754222 33.920147 0.461092 -0.285604 -0.456154 0.705512
1780046409.370190 33.197446 39.709255 33.916813 0.462823 -0.285586 -0.455828 0.704596
1780046409.469391 33.192686 39.668044 33.911679 0.462211 -0.286055 -0.456185 0.704577
1780046409.569361 33.191772 39.618954 33.911628 0.463808 -0.287676 -0.456714 0.702522
1780046409.670077 33.187252 39.567768 33.901851 0.463429 -0.288930 -0.457227 0.701924
1780046409.769336 33.189816 39.521079 33.905332 0.463376 -0.288964 -0.457938 0.701480
1780046409.869360 33.189360 39.472146 33.907068 0.463697 -0.289541 -0.457153 0.701543
1780046409.970388 33.188991 39.424300 33.909893 0.464021 -0.289539 -0.457513 0.701095
1780046410.069356 33.186417 39.379693 33.905965 0.463200 -0.289014 -0.458164 0.701429
1780046410.169708 33.189035 39.331998 33.904801 0.464173 -0.288304 -0.457470 0.701531
1780046410.269753 33.189296 39.285053 33.895969 0.463207 -0.289203 -0.457047 0.702075
1780046410.369703 33.191607 39.238593 33.891145 0.463602 -0.288671 -0.457253 0.701899
1780046410.470329 33.191261 39.194744 33.892065 0.464497 -0.288612 -0.457054 0.701461
1780046410.569391 33.191644 39.152473 33.892275 0.463046 -0.291510 -0.455961 0.701933
1780046410.669412 33.193977 39.099135 33.879932 0.463316 -0.290795 -0.455843 0.702128
1780046410.769397 33.186124 39.050746 33.874873 0.464571 -0.290245 -0.456809 0.700897
1780046410.869295 33.180059 39.013028 33.873178 0.464928 -0.289219 -0.456933 0.701004
1780046410.969321 33.175198 38.975664 33.867819 0.463621 -0.289695 -0.456719 0.701812
1780046411.070324 33.178238 38.930230 33.871403 0.464425 -0.289777 -0.456299 0.701520
1780046411.170219 33.177079 38.890544 33.867033 0.463303 -0.289977 -0.457293 0.701531
1780046411.269380 33.171403 38.854752 33.863495 0.464323 -0.288967 -0.456890 0.701536
1780046411.370224 33.171211 38.815106 33.865717 0.464706 -0.288950 -0.456617 0.701467
1780046411.469321 33.165689 38.779610 33.862043 0.464453 -0.288938 -0.457529 0.701046
1780046411.569405 33.166747 38.741050 33.860306 0.465363 -0.288076 -0.455994 0.701797
1780046411.669405 33.167423 38.710329 33.858223 0.465233 -0.288191 -0.456459 0.701534
1780046411.770541 33.161950 38.671350 33.856940 0.464755 -0.288700 -0.457441 0.701001
1780046411.869330 33.164227 38.632670 33.857955 0.464524 -0.287852 -0.457625 0.701383
1780046411.969407 33.168192 38.600576 33.858857 0.463778 -0.289234 -0.457119 0.701638
1780046412.069406 33.170423 38.561403 33.859128 0.463958 -0.288678 -0.458325 0.700961
1780046412.169415 33.169929 38.518093 33.856625 0.464331 -0.288064 -0.458274 0.701000
1780046412.269374 33.177571 38.480460 33.857004 0.464010 -0.288779 -0.457679 0.701307
1780046412.369458 33.175656 38.447674 33.854546 0.465029 -0.288663 -0.457322 0.700912
1780046412.469757 33.174748 38.412476 33.853800 0.464591 -0.288405 -0.457748 0.701031
1780046412.569826 33.169903 38.377416 33.850323 0.464875 -0.288141 -0.457365 0.701201
1780046412.669390 33.168915 38.337182 33.847317 0.464545 -0.288410 -0.457731 0.701070
1780046412.769405 33.170360 38.306164 33.855631 0.465292 -0.288782 -0.457221 0.700755
1780046412.869736 33.163872 38.280414 33.851448 0.464650 -0.289010 -0.457185 0.701110
1780046412.969439 33.163900 38.256475 33.851846 0.464656 -0.289638 -0.457397 0.700709
1780046413.069396 33.164907 38.217848 33.847088 0.464538 -0.289235 -0.457864 0.700649
1780046413.170392 33.165828 38.179224 33.839696 0.464360 -0.289671 -0.457202 0.701019
1780046413.269410 33.161440 38.150532 33.838732 0.464302 -0.289298 -0.457631 0.700931
1780046413.369373 33.160513 38.121956 33.837598 0.464669 -0.289467 -0.456956 0.701058
1780046413.469736 33.156466 38.099961 33.833330 0.464464 -0.288806 -0.457266 0.701265
1780046413.569300 33.157966 38.077764 33.831973 0.464272 -0.289286 -0.456852 0.701463
1780046413.670397 33.154378 38.062407 33.828641 0.464341 -0.288600 -0.457476 0.701294
1780046413.770073 33.152566 38.044201 33.829277 0.464570 -0.289087 -0.457153 0.701152
1780046413.869745 33.156941 38.019738 33.836444 0.464490 -0.289321 -0.457383 0.700959
1780046413.969446 33.161831 37.993901 33.838456 0.464942 -0.289003 -0.457418 0.700768
1780046414.069350 33.162551 37.984718 33.841283 0.465415 -0.288538 -0.457502 0.700590
1780046414.169302 33.165844 37.980306 33.843087 0.465404 -0.289598 -0.456783 0.700629
1780046414.269450 33.167653 37.973381 33.839931 0.464850 -0.289045 -0.457111 0.701012
1780046414.370320 33.173631 37.969475 33.840387 0.464035 -0.289988 -0.457282 0.701050
1780046414.469759 33.167980 37.982139 33.859373 0.466507 -0.288696 -0.457313 0.699922
1780046414.569434 33.163492 37.985883 33.850177 0.465012 -0.288870 -0.457204 0.700915
1780046414.669300 33.163462 37.982262 33.841055 0.464424 -0.289184 -0.457564 0.700941
1780046414.769424 33.165210 37.975659 33.840708 0.464937 -0.289102 -0.457139 0.700912
1780046414.869444 33.167312 37.974408 33.835581 0.464098 -0.289813 -0.457156 0.701163
1780046414.969461 33.165227 37.969858 33.834981 0.464756 -0.289066 -0.457542 0.700783
1780046415.069285 33.163064 37.973105 33.834331 0.464481 -0.289660 -0.456433 0.701444
1780046415.169347 33.157799 37.972067 33.829478 0.463837 -0.289304 -0.456961 0.701673
1780046415.269300 33.154770 37.970982 33.826471 0.463918 -0.288974 -0.457576 0.701355
1780046415.369434 33.151159 37.974426 33.825510 0.464479 -0.288871 -0.457525 0.701059
1780046415.469443 33.147066 37.978149 33.825396 0.464124 -0.288646 -0.457408 0.701463
1780046415.569420 33.154349 37.978573 33.828149 0.464276 -0.288965 -0.457601 0.701106
1780046415.669397 33.161035 37.972202 33.833269 0.464585 -0.288942 -0.457519 0.700963
1780046415.769383 33.168360 37.972071 33.835889 0.463793 -0.289590 -0.457700 0.701102
1780046415.869381 33.170888 37.971472 33.843955 0.465551 -0.289033 -0.457531 0.700277
1780046415.969317 33.170045 37.968336 33.844957 0.464438 -0.289168 -0.457973 0.700671
1780046416.069408 33.172066 37.978802 33.842398 0.464362 -0.289668 -0.457118 0.701073
1780046416.169365 33.170551 37.982970 33.838162 0.464417 -0.289311 -0.457573 0.700887
1780046416.269317 33.166120 37.977511 33.838110 0.464435 -0.288953 -0.458310 0.700541
1780046416.369479 33.159518 37.985823 33.838108 0.464648 -0.288913 -0.457727 0.700798
1780046416.469397 33.159547 37.979824 33.838272 0.465176 -0.288884 -0.457029 0.700915
1780046416.569312 33.154466 37.980163 33.843551 0.466057 -0.288132 -0.457205 0.700525
1780046416.669441 33.156131 37.980292 33.843712 0.464884 -0.288989 -0.457299 0.700890
1780046416.769458 33.159064 37.979495 33.847443 0.465985 -0.288555 -0.456936 0.700573
1780046416.869387 33.161989 37.983270 33.844213 0.465268 -0.288970 -0.457034 0.700815
1780046416.969432 33.160153 37.982959 33.839597 0.464785 -0.288756 -0.457616 0.700844
1780046417.069792 33.161075 37.981121 33.838338 0.465101 -0.288909 -0.457169 0.700863
1780046417.169339 33.159527 37.977819 33.834421 0.465186 -0.288885 -0.457453 0.700631
1780046417.269297 33.162831 37.980468 33.837685 0.464857 -0.288857 -0.457575 0.700782
1780046417.369439 33.159672 37.984460 33.833060 0.464461 -0.289056 -0.456575 0.701614
1780046417.469857 33.159438 37.979682 33.831021 0.464660 -0.289438 -0.457055 0.701012
1780046417.569507 33.154932 37.987246 33.827721 0.464688 -0.288750 -0.457364 0.701076
